frame,attempt,residue,old_charge,proposed_charge,accepted,resulting_charge
0,1,ASP41,-1.0,0.0,0,-1.0
0,2,ASP321,-1.0,0.0,0,-1.0
0,3,LYS16,1.0,0.0,0,1.0
0,4,ASP441,-1.0,0.0,0,-1.0
0,5,ASP41,-1.0,0.0,0,-1.0
0,6,HIS254,1.0,0.0,1,0.0
0,7,ASP441,-1.0,0.0,0,-1.0
0,8,GLU182,-1.0,0.0,0,-1.0
0,9,HIS333,1.0,0.0,1,0.0
0,10,LYS56,1.0,0.0,0,1.0
1,1,TYR290,-1.0,0.0,1,0.0
1,2,ASP47,-1.0,0.0,0,-1.0
1,3,GLU342,-1.0,0.0,0,-1.0
1,4,ASP23,-1.0,0.0,0,-1.0
1,5,GLU102,-1.0,0.0,0,-1.0
1,6,TYR10,-1.0,0.0,1,0.0
1,7,LYS216,1.0,0.0,0,1.0
1,8,HIS446,1.0,0.0,1,0.0
1,9,HIS366,1.0,0.0,1,0.0
1,10,LYS16,1.0,0.0,0,1.0
2,1,LYS256,1.0,0.0,0,1.0
2,2,GLU371,-1.0,0.0,0,-1.0
2,3,LYS468,1.0,0.0,0,1.0
2,4,GLU443,-1.0,0.0,0,-1.0
2,5,ARG245,1.0,0.0,0,1.0
2,6,GLU403,-1.0,0.0,0,-1.0
2,7,HIS413,1.0,0.0,1,0.0
2,8,LYS456,1.0,0.0,0,1.0
2,9,HIS373,1.0,0.0,1,0.0
2,10,HIS406,1.0,0.0,1,0.0
3,1,HIS326,1.0,0.0,1,0.0
3,2,HIS14,1.0,0.0,1,0.0
3,3,HIS133,1.0,0.0,1,0.0
3,4,HIS54,1.0,0.0,1,0.0
3,5,HIS373,0.0,1.0,0,0.0
3,6,ASP127,-1.0,0.0,0,-1.0
3,7,ASP423,-1.0,0.0,0,-1.0
3,8,TYR50,-1.0,0.0,1,0.0
3,9,LYS348,1.0,0.0,0,1.0
3,10,HIS254,0.0,1.0,1,1.0
4,1,HIS453,1.0,0.0,1,0.0
4,2,LYS56,1.0,0.0,0,1.0
4,3,ARG285,1.0,0.0,0,1.0
4,4,LYS268,1.0,0.0,0,1.0
4,5,LYS308,1.0,0.0,0,1.0
4,6,ARG45,1.0,0.0,0,1.0
4,7,LYS376,1.0,0.0,0,1.0
4,8,HIS173,1.0,0.0,1,0.0
4,9,LYS416,1.0,0.0,0,1.0
4,10,GLU131,-1.0,0.0,0,-1.0
5,1,HIS413,0.0,1.0,1,1.0
5,2,GLU363,-1.0,0.0,0,-1.0
5,3,HIS94,1.0,0.0,1,0.0
5,4,LYS348,1.0,0.0,0,1.0
5,5,ASP201,-1.0,0.0,0,-1.0
5,6,ASP207,-1.0,0.0,0,-1.0
5,7,HIS326,0.0,1.0,1,1.0
5,8,ASP1,-1.0,0.0,0,-1.0
5,9,HIS46,1.0,0.0,1,0.0
5,10,ASP401,-1.0,0.0,0,-1.0
6,1,LYS56,1.0,0.0,0,1.0
6,2,ARG5,1.0,0.0,0,1.0
6,3,TYR290,0.0,-1.0,0,0.0
6,4,LYS308,1.0,0.0,0,1.0
6,5,ASP247,-1.0,0.0,0,-1.0
6,6,HIS366,0.0,1.0,1,1.0
6,7,ASP441,-1.0,0.0,0,-1.0
6,8,ASP263,-1.0,0.0,0,-1.0
6,9,ARG125,1.0,0.0,0,1.0
6,10,HIS326,1.0,0.0,1,0.0
7,1,GLU102,-1.0,0.0,0,-1.0
7,2,HIS174,1.0,0.0,1,0.0
7,3,HIS53,1.0,0.0,1,0.0
7,4,GLU43,-1.0,0.0,0,-1.0
7,5,HIS294,1.0,0.0,1,0.0
7,6,HIS413,1.0,0.0,1,0.0
7,7,ASP241,-1.0,0.0,0,-1.0
7,8,LYS216,1.0,0.0,0,1.0
7,9,HIS294,0.0,1.0,0,0.0
7,10,GLU411,-1.0,0.0,0,-1.0
8,1,ARG405,1.0,0.0,0,1.0
8,2,HIS126,1.0,0.0,1,0.0
8,3,HIS453,0.0,1.0,1,1.0
8,4,HIS293,1.0,0.0,1,0.0
8,5,GLU331,-1.0,0.0,0,-1.0
8,6,HIS94,0.0,1.0,0,0.0
8,7,TYR10,0.0,-1.0,0,0.0
8,8,ASP343,-1.0,0.0,0,-1.0
8,9,HIS13,1.0,0.0,1,0.0
8,10,GLU123,-1.0,0.0,0,-1.0
9,1,ARG405,1.0,0.0,0,1.0
9,2,LYS96,1.0,0.0,0,1.0
9,3,ASP81,-1.0,0.0,0,-1.0
9,4,HIS286,1.0,0.0,1,0.0
9,5,TYR170,-1.0,0.0,1,0.0
9,6,ARG445,1.0,0.0,0,1.0
9,7,ASP207,-1.0,0.0,0,-1.0
9,8,GLU182,-1.0,0.0,0,-1.0
9,9,ASP247,-1.0,0.0,0,-1.0
9,10,ASP23,-1.0,0.0,0,-1.0
10,1,HIS53,0.0,1.0,0,0.0
10,2,LYS388,1.0,0.0,0,1.0
10,3,ASP7,-1.0,0.0,0,-1.0
10,4,GLU443,-1.0,0.0,0,-1.0
10,5,GLU462,-1.0,0.0,0,-1.0
10,6,LYS256,1.0,0.0,0,1.0
10,7,HIS94,0.0,1.0,0,0.0
10,8,GLU411,-1.0,0.0,0,-1.0
10,9,GLU371,-1.0,0.0,0,-1.0
10,10,GLU302,-1.0,0.0,0,-1.0
11,1,ASP201,-1.0,0.0,0,-1.0
11,2,ASP447,-1.0,0.0,0,-1.0
11,3,LYS256,1.0,0.0,0,1.0
11,4,TYR170,0.0,-1.0,0,0.0
11,5,GLU91,-1.0,0.0,0,-1.0
11,6,GLU3,-1.0,0.0,0,-1.0
11,7,GLU462,-1.0,0.0,0,-1.0
11,8,LYS376,1.0,0.0,0,1.0
11,9,GLU451,-1.0,0.0,0,-1.0
11,10,ASP41,-1.0,0.0,0,-1.0
12,1,ASP361,-1.0,0.0,0,-1.0
12,2,HIS326,0.0,1.0,1,1.0
12,3,ARG245,1.0,0.0,0,1.0
12,4,GLU342,-1.0,0.0,0,-1.0
12,5,GLU142,-1.0,0.0,0,-1.0
12,6,HIS133,0.0,1.0,1,1.0
12,7,ARG45,1.0,0.0,0,1.0
12,8,TYR290,0.0,-1.0,0,0.0
12,9,TYR130,-1.0,0.0,1,0.0
12,10,ASP441,-1.0,0.0,0,-1.0
13,1,ASP47,-1.0,0.0,0,-1.0
13,2,TYR90,-1.0,0.0,1,0.0
13,3,ARG205,1.0,0.0,0,1.0
13,4,ASP463,-1.0,0.0,0,-1.0
13,5,GLU291,-1.0,0.0,0,-1.0
13,6,HIS294,0.0,1.0,1,1.0
13,7,ARG365,1.0,0.0,0,1.0
13,8,TYR250,-1.0,0.0,1,0.0
13,9,GLU182,-1.0,0.0,0,-1.0
13,10,HIS206,1.0,0.0,1,0.0
14,1,HIS334,1.0,0.0,1,0.0
14,2,GLU262,-1.0,0.0,0,-1.0
14,3,LYS348,1.0,0.0,0,1.0
14,4,TYR210,-1.0,0.0,1,0.0
14,5,HIS254,1.0,0.0,1,0.0
14,6,LYS28,1.0,0.0,0,1.0
14,7,TYR10,0.0,-1.0,0,0.0
14,8,GLU382,-1.0,0.0,0,-1.0
14,9,TYR370,-1.0,0.0,1,0.0
14,10,GLU411,-1.0,0.0,0,-1.0
15,1,HIS414,1.0,0.0,1,0.0
15,2,GLU102,-1.0,0.0,0,-1.0
15,3,HIS286,0.0,1.0,0,0.0
15,4,ASP167,-1.0,0.0,0,-1.0
15,5,HIS14,0.0,1.0,0,0.0
15,6,GLU462,-1.0,0.0,0,-1.0
15,7,HIS214,1.0,0.0,1,0.0
15,8,TYR450,-1.0,0.0,1,0.0
15,9,HIS6,1.0,0.0,1,0.0
15,10,ASP247,-1.0,0.0,0,-1.0
16,1,GLU171,-1.0,0.0,0,-1.0
16,2,HIS46,0.0,1.0,0,0.0
16,3,HIS213,1.0,0.0,1,0.0
16,4,ASP127,-1.0,0.0,0,-1.0
16,5,ASP281,-1.0,0.0,0,-1.0
16,6,LYS468,1.0,0.0,0,1.0
16,7,HIS126,0.0,1.0,1,1.0
16,8,HIS206,0.0,1.0,0,0.0
16,9,TYR410,-1.0,0.0,1,0.0
16,10,GLU142,-1.0,0.0,0,-1.0
17,1,ARG365,1.0,0.0,0,1.0
17,2,TYR410,0.0,-1.0,0,0.0
17,3,LYS336,1.0,0.0,0,1.0
17,4,LYS428,1.0,0.0,0,1.0
17,5,GLU142,-1.0,0.0,0,-1.0
17,6,ASP47,-1.0,0.0,0,-1.0
17,7,LYS296,1.0,0.0,0,1.0
17,8,GLU342,-1.0,0.0,0,-1.0
17,9,ARG445,1.0,0.0,0,1.0
17,10,HIS333,0.0,1.0,1,1.0
18,1,ASP121,-1.0,0.0,0,-1.0
18,2,GLU142,-1.0,0.0,0,-1.0
18,3,LYS176,1.0,0.0,0,1.0
18,4,GLU182,-1.0,0.0,0,-1.0
18,5,TYR50,0.0,-1.0,0,0.0
18,6,GLU11,-1.0,0.0,0,-1.0
18,7,ASP247,-1.0,0.0,0,-1.0
18,8,GLU22,-1.0,0.0,0,-1.0
18,9,ASP183,-1.0,0.0,0,-1.0
18,10,HIS333,1.0,0.0,1,0.0
19,1,LYS216,1.0,0.0,0,1.0
19,2,LYS228,1.0,0.0,0,1.0
19,3,TYR250,0.0,-1.0,0,0.0
19,4,GLU11,-1.0,0.0,0,-1.0
19,5,ASP121,-1.0,0.0,0,-1.0
19,6,ARG325,1.0,0.0,0,1.0
19,7,HIS333,0.0,1.0,1,1.0
19,8,LYS136,1.0,0.0,0,1.0
19,9,GLU382,-1.0,0.0,0,-1.0
19,10,HIS214,0.0,1.0,1,1.0
20,1,LYS96,1.0,0.0,0,1.0
20,2,GLU83,-1.0,0.0,0,-1.0
20,3,ASP361,-1.0,0.0,0,-1.0
20,4,LYS268,1.0,0.0,0,1.0
20,5,ASP7,-1.0,0.0,0,-1.0
20,6,LYS268,1.0,0.0,0,1.0
20,7,ARG165,1.0,0.0,0,1.0
20,8,LYS28,1.0,0.0,0,1.0
20,9,ASP63,-1.0,0.0,0,-1.0
20,10,TYR250,0.0,-1.0,0,0.0
21,1,ASP161,-1.0,0.0,0,-1.0
21,2,HIS133,1.0,0.0,1,0.0
21,3,HIS326,1.0,0.0,1,0.0
21,4,ASP367,-1.0,0.0,0,-1.0
21,5,GLU3,-1.0,0.0,0,-1.0
21,6,LYS56,1.0,0.0,0,1.0
21,7,LYS68,1.0,0.0,0,1.0
21,8,ASP361,-1.0,0.0,0,-1.0
21,9,LYS148,1.0,0.0,0,1.0
21,10,ARG45,1.0,0.0,0,1.0
22,1,HIS86,1.0,0.0,1,0.0
22,2,GLU363,-1.0,0.0,0,-1.0
22,3,HIS94,0.0,1.0,0,0.0
22,4,ASP281,-1.0,0.0,0,-1.0
22,5,ASP161,-1.0,0.0,0,-1.0
22,6,HIS174,0.0,1.0,1,1.0
22,7,LYS256,1.0,0.0,0,1.0
22,8,LYS56,1.0,0.0,0,1.0
22,9,LYS216,1.0,0.0,0,1.0
22,10,ASP303,-1.0,0.0,0,-1.0
23,1,GLU171,-1.0,0.0,0,-1.0
23,2,GLU43,-1.0,0.0,0,-1.0
23,3,ARG85,1.0,0.0,0,1.0
23,4,HIS214,1.0,0.0,1,0.0
23,5,HIS174,1.0,0.0,1,0.0
23,6,GLU91,-1.0,0.0,0,-1.0
23,7,ASP1,-1.0,0.0,0,-1.0
23,8,ASP463,-1.0,0.0,0,-1.0
23,9,LYS416,1.0,0.0,0,1.0
23,10,HIS326,0.0,1.0,1,1.0
24,1,LYS428,1.0,0.0,0,1.0
24,2,HIS93,1.0,0.0,1,0.0
24,3,ARG325,1.0,0.0,0,1.0
24,4,ASP463,-1.0,0.0,0,-1.0
24,5,ARG245,1.0,0.0,0,1.0
24,6,ASP1,-1.0,0.0,0,-1.0
24,7,LYS388,1.0,0.0,0,1.0
24,8,GLU222,-1.0,0.0,0,-1.0
24,9,HIS134,1.0,0.0,1,0.0
24,10,TYR250,0.0,-1.0,0,0.0
25,1,ASP81,-1.0,0.0,0,-1.0
25,2,GLU411,-1.0,0.0,0,-1.0
25,3,TYR50,0.0,-1.0,0,0.0
25,4,ASP281,-1.0,0.0,0,-1.0
25,5,GLU371,-1.0,0.0,0,-1.0
25,6,ASP423,-1.0,0.0,0,-1.0
25,7,ARG125,1.0,0.0,0,1.0
25,8,GLU203,-1.0,0.0,0,-1.0
25,9,ARG125,1.0,0.0,0,1.0
25,10,ARG285,1.0,0.0,0,1.0
26,1,HIS94,0.0,1.0,0,0.0
26,2,ASP463,-1.0,0.0,0,-1.0
26,3,TYR90,0.0,-1.0,0,0.0
26,4,TYR50,0.0,-1.0,0,0.0
26,5,ASP201,-1.0,0.0,0,-1.0
26,6,LYS188,1.0,0.0,0,1.0
26,7,GLU203,-1.0,0.0,0,-1.0
26,8,ASP423,-1.0,0.0,0,-1.0
26,9,GLU411,-1.0,0.0,0,-1.0
26,10,GLU251,-1.0,0.0,0,-1.0
27,1,ASP241,-1.0,0.0,0,-1.0
27,2,HIS174,0.0,1.0,1,1.0
27,3,ARG85,1.0,0.0,0,1.0
27,4,HIS334,0.0,1.0,0,0.0
27,5,ASP281,-1.0,0.0,0,-1.0
27,6,HIS133,0.0,1.0,0,0.0
27,7,HIS93,0.0,1.0,1,1.0
27,8,ARG325,1.0,0.0,0,1.0
27,9,GLU3,-1.0,0.0,0,-1.0
27,10,HIS93,1.0,0.0,1,0.0
28,1,HIS54,0.0,1.0,1,1.0
28,2,HIS206,0.0,1.0,1,1.0
28,3,HIS294,1.0,0.0,1,0.0
28,4,ASP241,-1.0,0.0,0,-1.0
28,5,GLU11,-1.0,0.0,0,-1.0
28,6,ARG445,1.0,0.0,0,1.0
28,7,ARG445,1.0,0.0,0,1.0
28,8,LYS416,1.0,0.0,0,1.0
28,9,GLU243,-1.0,0.0,0,-1.0
28,10,GLU422,-1.0,0.0,0,-1.0
29,1,HIS254,0.0,1.0,0,0.0
29,2,ASP103,-1.0,0.0,0,-1.0
29,3,LYS148,1.0,0.0,0,1.0
29,4,GLU382,-1.0,0.0,0,-1.0
29,5,HIS46,0.0,1.0,1,1.0
29,6,ASP121,-1.0,0.0,0,-1.0
29,7,LYS28,1.0,0.0,0,1.0
29,8,HIS46,1.0,0.0,1,0.0
29,9,LYS136,1.0,0.0,0,1.0
29,10,HIS333,1.0,0.0,1,0.0
30,1,GLU411,-1.0,0.0,0,-1.0
30,2,GLU51,-1.0,0.0,0,-1.0
30,3,HIS166,1.0,0.0,1,0.0
30,4,LYS56,1.0,0.0,0,1.0
30,5,GLU411,-1.0,0.0,0,-1.0
30,6,HIS13,0.0,1.0,1,1.0
30,7,LYS16,1.0,0.0,0,1.0
30,8,ASP407,-1.0,0.0,0,-1.0
30,9,LYS28,1.0,0.0,0,1.0
30,10,HIS366,1.0,0.0,1,0.0
31,1,HIS293,0.0,1.0,1,1.0
31,2,HIS133,0.0,1.0,1,1.0
31,3,LYS308,1.0,0.0,0,1.0
31,4,ASP81,-1.0,0.0,0,-1.0
31,5,HIS166,0.0,1.0,1,1.0
31,6,HIS94,0.0,1.0,0,0.0
31,7,GLU451,-1.0,0.0,0,-1.0
31,8,ASP401,-1.0,0.0,0,-1.0
31,9,ARG205,1.0,0.0,0,1.0
31,10,HIS134,0.0,1.0,0,0.0
32,1,GLU422,-1.0,0.0,0,-1.0
32,2,ASP1,-1.0,0.0,0,-1.0
32,3,ASP463,-1.0,0.0,0,-1.0
32,4,HIS406,0.0,1.0,0,0.0
32,5,GLU462,-1.0,0.0,0,-1.0
32,6,ASP183,-1.0,0.0,0,-1.0
32,7,ASP423,-1.0,0.0,0,-1.0
32,8,ASP287,-1.0,0.0,0,-1.0
32,9,ARG365,1.0,0.0,0,1.0
32,10,HIS213,0.0,1.0,0,0.0
33,1,GLU443,-1.0,0.0,0,-1.0
33,2,HIS254,0.0,1.0,1,1.0
33,3,GLU22,-1.0,0.0,0,-1.0
33,4,GLU451,-1.0,0.0,0,-1.0
33,5,ASP287,-1.0,0.0,0,-1.0
33,6,GLU131,-1.0,0.0,0,-1.0
33,7,TYR50,0.0,-1.0,0,0.0
33,8,HIS293,1.0,0.0,1,0.0
33,9,HIS94,0.0,1.0,0,0.0
33,10,LYS68,1.0,0.0,0,1.0
34,1,HIS373,0.0,1.0,0,0.0
34,2,HIS173,0.0,1.0,0,0.0
34,3,ASP407,-1.0,0.0,0,-1.0
34,4,ARG245,1.0,0.0,0,1.0
34,5,ARG325,1.0,0.0,0,1.0
34,6,HIS206,1.0,0.0,1,0.0
34,7,GLU371,-1.0,0.0,0,-1.0
34,8,ASP81,-1.0,0.0,0,-1.0
34,9,ASP41,-1.0,0.0,0,-1.0
34,10,GLU102,-1.0,0.0,0,-1.0
35,1,GLU22,-1.0,0.0,0,-1.0
35,2,HIS126,1.0,0.0,1,0.0
35,3,ASP303,-1.0,0.0,0,-1.0
35,4,GLU131,-1.0,0.0,0,-1.0
35,5,ASP183,-1.0,0.0,0,-1.0
35,6,HIS133,1.0,0.0,1,0.0
35,7,HIS373,0.0,1.0,0,0.0
35,8,GLU3,-1.0,0.0,0,-1.0
35,9,TYR210,0.0,-1.0,0,0.0
35,10,LYS388,1.0,0.0,0,1.0
36,1,TYR170,0.0,-1.0,0,0.0
36,2,HIS366,0.0,1.0,1,1.0
36,3,LYS28,1.0,0.0,0,1.0
36,4,ARG325,1.0,0.0,0,1.0
36,5,TYR250,0.0,-1.0,0,0.0
36,6,HIS6,0.0,1.0,1,1.0
36,7,ARG85,1.0,0.0,0,1.0
36,8,LYS268,1.0,0.0,0,1.0
36,9,LYS176,1.0,0.0,0,1.0
36,10,GLU422,-1.0,0.0,0,-1.0
37,1,ASP441,-1.0,0.0,0,-1.0
37,2,HIS453,1.0,0.0,1,0.0
37,3,LYS256,1.0,0.0,0,1.0
37,4,HIS14,0.0,1.0,1,1.0
37,5,GLU342,-1.0,0.0,0,-1.0
37,6,HIS366,1.0,0.0,1,0.0
37,7,TYR330,-1.0,0.0,1,0.0
37,8,HIS6,1.0,0.0,1,0.0
37,9,ASP263,-1.0,0.0,0,-1.0
37,10,GLU91,-1.0,0.0,0,-1.0
38,1,ASP281,-1.0,0.0,0,-1.0
38,2,TYR50,0.0,-1.0,0,0.0
38,3,LYS28,1.0,0.0,0,1.0
38,4,GLU91,-1.0,0.0,0,-1.0
38,5,ARG5,1.0,0.0,0,1.0
38,6,GLU403,-1.0,0.0,0,-1.0
38,7,GLU382,-1.0,0.0,0,-1.0
38,8,LYS136,1.0,0.0,0,1.0
38,9,GLU171,-1.0,0.0,0,-1.0
38,10,ARG325,1.0,0.0,0,1.0
39,1,HIS86,0.0,1.0,1,1.0
39,2,ASP281,-1.0,0.0,0,-1.0
39,3,TYR290,0.0,-1.0,0,0.0
39,4,ASP201,-1.0,0.0,0,-1.0
39,5,ASP87,-1.0,0.0,0,-1.0
39,6,LYS136,1.0,0.0,0,1.0
39,7,HIS46,0.0,1.0,1,1.0
39,8,ASP327,-1.0,0.0,0,-1.0
39,9,GLU342,-1.0,0.0,0,-1.0
39,10,HIS333,0.0,1.0,0,0.0
40,1,GLU22,-1.0,0.0,0,-1.0
40,2,ASP63,-1.0,0.0,0,-1.0
40,3,LYS388,1.0,0.0,0,1.0
40,4,HIS253,1.0,0.0,1,0.0
40,5,HIS286,0.0,1.0,1,1.0
40,6,ASP263,-1.0,0.0,0,-1.0
40,7,LYS468,1.0,0.0,0,1.0
40,8,GLU11,-1.0,0.0,0,-1.0
40,9,ASP383,-1.0,0.0,0,-1.0
40,10,ASP161,-1.0,0.0,0,-1.0
41,1,ARG245,1.0,0.0,0,1.0
41,2,LYS108,1.0,0.0,0,1.0
41,3,HIS366,0.0,1.0,1,1.0
41,4,GLU411,-1.0,0.0,0,-1.0
41,5,HIS14,1.0,0.0,1,0.0
41,6,HIS366,1.0,0.0,1,0.0
41,7,ASP121,-1.0,0.0,0,-1.0
41,8,LYS176,1.0,0.0,0,1.0
41,9,LYS428,1.0,0.0,0,1.0
41,10,GLU243,-1.0,0.0,0,-1.0
42,1,ARG125,1.0,0.0,0,1.0
42,2,GLU371,-1.0,0.0,0,-1.0
42,3,ASP367,-1.0,0.0,0,-1.0
42,4,GLU363,-1.0,0.0,0,-1.0
42,5,ASP207,-1.0,0.0,0,-1.0
42,6,GLU222,-1.0,0.0,0,-1.0
42,7,LYS296,1.0,0.0,0,1.0
42,8,LYS68,1.0,0.0,0,1.0
42,9,ASP247,-1.0,0.0,0,-1.0
42,10,GLU443,-1.0,0.0,0,-1.0
43,1,HIS93,0.0,1.0,1,1.0
43,2,GLU43,-1.0,0.0,0,-1.0
43,3,ARG325,1.0,0.0,0,1.0
43,4,LYS336,1.0,0.0,0,1.0
43,5,ASP207,-1.0,0.0,0,-1.0
43,6,LYS216,1.0,0.0,0,1.0
43,7,HIS406,0.0,1.0,1,1.0
43,8,ARG325,1.0,0.0,0,1.0
43,9,HIS54,1.0,0.0,1,0.0
43,10,GLU451,-1.0,0.0,0,-1.0
44,1,HIS46,1.0,0.0,1,0.0
44,2,HIS94,0.0,1.0,0,0.0
44,3,GLU262,-1.0,0.0,0,-1.0
44,4,GLU91,-1.0,0.0,0,-1.0
44,5,LYS228,1.0,0.0,0,1.0
44,6,ARG125,1.0,0.0,0,1.0
44,7,HIS173,0.0,1.0,0,0.0
44,8,ASP143,-1.0,0.0,0,-1.0
44,9,HIS453,0.0,1.0,0,0.0
44,10,GLU243,-1.0,0.0,0,-1.0
45,1,GLU142,-1.0,0.0,0,-1.0
45,2,GLU11,-1.0,0.0,0,-1.0
45,3,HIS253,0.0,1.0,0,0.0
45,4,ARG125,1.0,0.0,0,1.0
45,5,LYS68,1.0,0.0,0,1.0
45,6,GLU262,-1.0,0.0,0,-1.0
45,7,TYR130,0.0,-1.0,0,0.0
45,8,HIS333,0.0,1.0,1,1.0
45,9,LYS428,1.0,0.0,0,1.0
45,10,LYS468,1.0,0.0,0,1.0
46,1,ASP81,-1.0,0.0,0,-1.0
46,2,ASP121,-1.0,0.0,0,-1.0
46,3,ASP241,-1.0,0.0,0,-1.0
46,4,GLU91,-1.0,0.0,0,-1.0
46,5,ASP303,-1.0,0.0,0,-1.0
46,6,HIS373,0.0,1.0,1,1.0
46,7,GLU331,-1.0,0.0,0,-1.0
46,8,GLU123,-1.0,0.0,0,-1.0
46,9,GLU102,-1.0,0.0,0,-1.0
46,10,ASP223,-1.0,0.0,0,-1.0
47,1,HIS334,0.0,1.0,1,1.0
47,2,HIS453,0.0,1.0,0,0.0
47,3,ASP143,-1.0,0.0,0,-1.0
47,4,ASP127,-1.0,0.0,0,-1.0
47,5,ASP87,-1.0,0.0,0,-1.0
47,6,GLU131,-1.0,0.0,0,-1.0
47,7,GLU382,-1.0,0.0,0,-1.0
47,8,LYS308,1.0,0.0,0,1.0
47,9,HIS173,0.0,1.0,0,0.0
47,10,GLU331,-1.0,0.0,0,-1.0
48,1,GLU51,-1.0,0.0,0,-1.0
48,2,LYS188,1.0,0.0,0,1.0
48,3,HIS206,0.0,1.0,1,1.0
48,4,LYS108,1.0,0.0,0,1.0
48,5,LYS136,1.0,0.0,0,1.0
48,6,GLU62,-1.0,0.0,0,-1.0
48,7,LYS228,1.0,0.0,0,1.0
48,8,TYR50,0.0,-1.0,0,0.0
48,9,ASP247,-1.0,0.0,0,-1.0
48,10,HIS333,1.0,0.0,1,0.0
49,1,LYS416,1.0,0.0,0,1.0
49,2,ASP343,-1.0,0.0,0,-1.0
49,3,GLU102,-1.0,0.0,0,-1.0
49,4,GLU91,-1.0,0.0,0,-1.0
49,5,ARG365,1.0,0.0,0,1.0
49,6,HIS86,1.0,0.0,1,0.0
49,7,LYS376,1.0,0.0,0,1.0
49,8,ASP263,-1.0,0.0,0,-1.0
49,9,TYR90,0.0,-1.0,0,0.0
49,10,ASP281,-1.0,0.0,0,-1.0
50,1,ASP201,-1.0,0.0,0,-1.0
50,2,ASP407,-1.0,0.0,0,-1.0
50,3,ARG5,1.0,0.0,0,1.0
50,4,GLU262,-1.0,0.0,0,-1.0
50,5,ASP343,-1.0,0.0,0,-1.0
50,6,LYS108,1.0,0.0,0,1.0
50,7,GLU131,-1.0,0.0,0,-1.0
50,8,HIS253,0.0,1.0,1,1.0
50,9,ASP343,-1.0,0.0,0,-1.0
50,10,GLU422,-1.0,0.0,0,-1.0
51,1,TYR330,0.0,-1.0,0,0.0
51,2,ARG125,1.0,0.0,0,1.0
51,3,HIS446,0.0,1.0,1,1.0
51,4,GLU302,-1.0,0.0,0,-1.0
51,5,GLU331,-1.0,0.0,0,-1.0
51,6,GLU3,-1.0,0.0,0,-1.0
51,7,HIS173,0.0,1.0,0,0.0
51,8,TYR170,0.0,-1.0,0,0.0
51,9,GLU171,-1.0,0.0,0,-1.0
51,10,GLU462,-1.0,0.0,0,-1.0
52,1,ASP247,-1.0,0.0,0,-1.0
52,2,ASP1,-1.0,0.0,0,-1.0
52,3,HIS254,1.0,0.0,1,0.0
52,4,LYS348,1.0,0.0,0,1.0
52,5,ASP41,-1.0,0.0,0,-1.0
52,6,GLU203,-1.0,0.0,0,-1.0
52,7,ASP207,-1.0,0.0,0,-1.0
52,8,HIS133,0.0,1.0,0,0.0
52,9,GLU123,-1.0,0.0,0,-1.0
52,10,GLU91,-1.0,0.0,0,-1.0
53,1,TYR210,0.0,-1.0,0,0.0
53,2,GLU422,-1.0,0.0,0,-1.0
53,3,GLU291,-1.0,0.0,0,-1.0
53,4,GLU203,-1.0,0.0,0,-1.0
53,5,TYR250,0.0,-1.0,0,0.0
53,6,GLU51,-1.0,0.0,0,-1.0
53,7,HIS334,1.0,0.0,1,0.0
53,8,LYS228,1.0,0.0,0,1.0
53,9,ARG285,1.0,0.0,0,1.0
53,10,ARG325,1.0,0.0,0,1.0
54,1,ASP361,-1.0,0.0,0,-1.0
54,2,GLU371,-1.0,0.0,0,-1.0
54,3,GLU43,-1.0,0.0,0,-1.0
54,4,GLU363,-1.0,0.0,0,-1.0
54,5,GLU171,-1.0,0.0,0,-1.0
54,6,LYS376,1.0,0.0,0,1.0
54,7,ASP287,-1.0,0.0,0,-1.0
54,8,HIS93,1.0,0.0,1,0.0
54,9,GLU142,-1.0,0.0,0,-1.0
54,10,HIS46,0.0,1.0,1,1.0
55,1,TYR50,0.0,-1.0,0,0.0
55,2,LYS388,1.0,0.0,0,1.0
55,3,GLU382,-1.0,0.0,0,-1.0
55,4,GLU142,-1.0,0.0,0,-1.0
55,5,LYS296,1.0,0.0,0,1.0
55,6,ASP143,-1.0,0.0,0,-1.0
55,7,ARG165,1.0,0.0,0,1.0
55,8,HIS14,0.0,1.0,0,0.0
55,9,ARG405,1.0,0.0,0,1.0
55,10,ASP223,-1.0,0.0,0,-1.0
56,1,HIS366,0.0,1.0,1,1.0
56,2,HIS214,0.0,1.0,1,1.0
56,3,LYS296,1.0,0.0,0,1.0
56,4,ASP183,-1.0,0.0,0,-1.0
56,5,ASP287,-1.0,0.0,0,-1.0
56,6,ARG285,1.0,0.0,0,1.0
56,7,HIS334,0.0,1.0,0,0.0
56,8,TYR10,0.0,-1.0,0,0.0
56,9,GLU443,-1.0,0.0,0,-1.0
56,10,LYS296,1.0,0.0,0,1.0
57,1,HIS254,0.0,1.0,0,0.0
57,2,ASP127,-1.0,0.0,0,-1.0
57,3,LYS228,1.0,0.0,0,1.0
57,4,GLU182,-1.0,0.0,0,-1.0
57,5,GLU243,-1.0,0.0,0,-1.0
57,6,GLU251,-1.0,0.0,0,-1.0
57,7,GLU371,-1.0,0.0,0,-1.0
57,8,ASP201,-1.0,0.0,0,-1.0
57,9,HIS373,1.0,0.0,1,0.0
57,10,HIS286,1.0,0.0,1,0.0
58,1,ARG285,1.0,0.0,0,1.0
58,2,GLU382,-1.0,0.0,0,-1.0
58,3,HIS94,0.0,1.0,1,1.0
58,4,HIS333,0.0,1.0,0,0.0
58,5,GLU283,-1.0,0.0,0,-1.0
58,6,LYS376,1.0,0.0,0,1.0
58,7,GLU163,-1.0,0.0,0,-1.0
58,8,GLU163,-1.0,0.0,0,-1.0
58,9,ASP127,-1.0,0.0,0,-1.0
58,10,GLU91,-1.0,0.0,0,-1.0
59,1,HIS333,0.0,1.0,1,1.0
59,2,GLU451,-1.0,0.0,0,-1.0
59,3,TYR290,0.0,-1.0,0,0.0
59,4,GLU3,-1.0,0.0,0,-1.0
59,5,HIS454,1.0,0.0,1,0.0
59,6,LYS468,1.0,0.0,0,1.0
59,7,GLU123,-1.0,0.0,0,-1.0
59,8,GLU382,-1.0,0.0,0,-1.0
59,9,ASP161,-1.0,0.0,0,-1.0
59,10,GLU302,-1.0,0.0,0,-1.0
60,1,HIS46,1.0,0.0,1,0.0
60,2,HIS413,0.0,1.0,0,0.0
60,3,GLU291,-1.0,0.0,0,-1.0
60,4,HIS133,0.0,1.0,0,0.0
60,5,ASP327,-1.0,0.0,0,-1.0
60,6,TYR170,0.0,-1.0,0,0.0
60,7,GLU451,-1.0,0.0,0,-1.0
60,8,LYS16,1.0,0.0,0,1.0
60,9,HIS333,1.0,0.0,1,0.0
60,10,LYS256,1.0,0.0,0,1.0
61,1,ARG85,1.0,0.0,0,1.0
61,2,ASP7,-1.0,0.0,0,-1.0
61,3,GLU43,-1.0,0.0,0,-1.0
61,4,ARG125,1.0,0.0,0,1.0
61,5,ASP63,-1.0,0.0,0,-1.0
61,6,LYS136,1.0,0.0,0,1.0
61,7,LYS176,1.0,0.0,0,1.0
61,8,ASP183,-1.0,0.0,0,-1.0
61,9,LYS16,1.0,0.0,0,1.0
61,10,HIS166,1.0,0.0,1,0.0
62,1,TYR370,0.0,-1.0,0,0.0
62,2,LYS96,1.0,0.0,0,1.0
62,3,GLU382,-1.0,0.0,0,-1.0
62,4,TYR450,0.0,-1.0,0,0.0
62,5,HIS174,1.0,0.0,1,0.0
62,6,HIS86,0.0,1.0,1,1.0
62,7,GLU363,-1.0,0.0,0,-1.0
62,8,ASP263,-1.0,0.0,0,-1.0
62,9,TYR50,0.0,-1.0,0,0.0
62,10,ASP343,-1.0,0.0,0,-1.0
63,1,HIS173,0.0,1.0,0,0.0
63,2,LYS96,1.0,0.0,0,1.0
63,3,GLU182,-1.0,0.0,0,-1.0
63,4,HIS206,1.0,0.0,1,0.0
63,5,ASP241,-1.0,0.0,0,-1.0
63,6,HIS174,0.0,1.0,1,1.0
63,7,ASP201,-1.0,0.0,0,-1.0
63,8,GLU283,-1.0,0.0,0,-1.0
63,9,HIS86,1.0,0.0,1,0.0
63,10,LYS176,1.0,0.0,0,1.0
64,1,GLU243,-1.0,0.0,0,-1.0
64,2,HIS46,0.0,1.0,0,0.0
64,3,GLU211,-1.0,0.0,0,-1.0
64,4,HIS406,1.0,0.0,1,0.0
64,5,ARG405,1.0,0.0,0,1.0
64,6,HIS286,0.0,1.0,1,1.0
64,7,ARG365,1.0,0.0,0,1.0
64,8,GLU163,-1.0,0.0,0,-1.0
64,9,HIS373,0.0,1.0,1,1.0
64,10,GLU43,-1.0,0.0,0,-1.0
65,1,LYS68,1.0,0.0,0,1.0
65,2,LYS296,1.0,0.0,0,1.0
65,3,TYR410,0.0,-1.0,0,0.0
65,4,ARG5,1.0,0.0,0,1.0
65,5,ASP161,-1.0,0.0,0,-1.0
65,6,ASP121,-1.0,0.0,0,-1.0
65,7,ARG445,1.0,0.0,0,1.0
65,8,TYR450,0.0,-1.0,0,0.0
65,9,LYS228,1.0,0.0,0,1.0
65,10,HIS46,0.0,1.0,0,0.0
66,1,GLU342,-1.0,0.0,0,-1.0
66,2,GLU62,-1.0,0.0,0,-1.0
66,3,ASP383,-1.0,0.0,0,-1.0
66,4,GLU323,-1.0,0.0,0,-1.0
66,5,GLU363,-1.0,0.0,0,-1.0
66,6,GLU91,-1.0,0.0,0,-1.0
66,7,LYS96,1.0,0.0,0,1.0
66,8,HIS413,0.0,1.0,0,0.0
66,9,GLU243,-1.0,0.0,0,-1.0
66,10,ASP441,-1.0,0.0,0,-1.0
67,1,GLU382,-1.0,0.0,0,-1.0
67,2,ASP447,-1.0,0.0,0,-1.0
67,3,ASP127,-1.0,0.0,0,-1.0
67,4,TYR170,0.0,-1.0,0,0.0
67,5,LYS348,1.0,0.0,0,1.0
67,6,GLU62,-1.0,0.0,0,-1.0
67,7,ASP183,-1.0,0.0,0,-1.0
67,8,HIS174,1.0,0.0,1,0.0
67,9,HIS294,0.0,1.0,1,1.0
67,10,HIS413,0.0,1.0,0,0.0
68,1,GLU411,-1.0,0.0,0,-1.0
68,2,GLU211,-1.0,0.0,0,-1.0
68,3,GLU422,-1.0,0.0,0,-1.0
68,4,ASP7,-1.0,0.0,0,-1.0
68,5,GLU83,-1.0,0.0,0,-1.0
68,6,GLU91,-1.0,0.0,0,-1.0
68,7,TYR330,0.0,-1.0,0,0.0
68,8,GLU363,-1.0,0.0,0,-1.0
68,9,TYR90,0.0,-1.0,0,0.0
68,10,TYR210,0.0,-1.0,0,0.0
69,1,ASP183,-1.0,0.0,0,-1.0
69,2,GLU451,-1.0,0.0,0,-1.0
69,3,HIS254,0.0,1.0,1,1.0
69,4,HIS333,0.0,1.0,1,1.0
69,5,ASP183,-1.0,0.0,0,-1.0
69,6,ARG445,1.0,0.0,0,1.0
69,7,ASP407,-1.0,0.0,0,-1.0
69,8,ASP327,-1.0,0.0,0,-1.0
69,9,HIS14,0.0,1.0,1,1.0
69,10,TYR170,0.0,-1.0,0,0.0
70,1,HIS414,0.0,1.0,1,1.0
70,2,TYR50,0.0,-1.0,0,0.0
70,3,ASP127,-1.0,0.0,0,-1.0
70,4,ASP223,-1.0,0.0,0,-1.0
70,5,HIS134,0.0,1.0,1,1.0
70,6,LYS308,1.0,0.0,0,1.0
70,7,HIS174,0.0,1.0,1,1.0
70,8,GLU342,-1.0,0.0,0,-1.0
70,9,GLU3,-1.0,0.0,0,-1.0
70,10,GLU3,-1.0,0.0,0,-1.0
71,1,ASP167,-1.0,0.0,0,-1.0
71,2,ASP127,-1.0,0.0,0,-1.0
71,3,GLU243,-1.0,0.0,0,-1.0
71,4,GLU43,-1.0,0.0,0,-1.0
71,5,HIS174,1.0,0.0,1,0.0
71,6,LYS336,1.0,0.0,0,1.0
71,7,GLU22,-1.0,0.0,0,-1.0
71,8,GLU102,-1.0,0.0,0,-1.0
71,9,ASP327,-1.0,0.0,0,-1.0
71,10,ASP447,-1.0,0.0,0,-1.0
72,1,ASP361,-1.0,0.0,0,-1.0
72,2,TYR10,0.0,-1.0,0,0.0
72,3,ASP103,-1.0,0.0,0,-1.0
72,4,GLU131,-1.0,0.0,0,-1.0
72,5,ASP423,-1.0,0.0,0,-1.0
72,6,GLU411,-1.0,0.0,0,-1.0
72,7,GLU3,-1.0,0.0,0,-1.0
72,8,GLU62,-1.0,0.0,0,-1.0
72,9,TYR370,0.0,-1.0,0,0.0
72,10,ASP407,-1.0,0.0,0,-1.0
73,1,HIS133,0.0,1.0,0,0.0
73,2,HIS373,1.0,0.0,1,0.0
73,3,ASP63,-1.0,0.0,0,-1.0
73,4,ASP463,-1.0,0.0,0,-1.0
73,5,HIS293,0.0,1.0,0,0.0
73,6,LYS256,1.0,0.0,0,1.0
73,7,ASP447,-1.0,0.0,0,-1.0
73,8,HIS133,0.0,1.0,1,1.0
73,9,LYS216,1.0,0.0,0,1.0
73,10,GLU382,-1.0,0.0,0,-1.0
74,1,LYS96,1.0,0.0,0,1.0
74,2,GLU382,-1.0,0.0,0,-1.0
74,3,HIS413,0.0,1.0,0,0.0
74,4,HIS213,0.0,1.0,0,0.0
74,5,ARG85,1.0,0.0,0,1.0
74,6,GLU451,-1.0,0.0,0,-1.0
74,7,TYR250,0.0,-1.0,0,0.0
74,8,ASP161,-1.0,0.0,0,-1.0
74,9,TYR10,0.0,-1.0,0,0.0
74,10,GLU382,-1.0,0.0,0,-1.0
75,1,ASP321,-1.0,0.0,0,-1.0
75,2,LYS456,1.0,0.0,0,1.0
75,3,TYR370,0.0,-1.0,0,0.0
75,4,ASP161,-1.0,0.0,0,-1.0
75,5,ASP87,-1.0,0.0,0,-1.0
75,6,ASP463,-1.0,0.0,0,-1.0
75,7,ASP81,-1.0,0.0,0,-1.0
75,8,ASP143,-1.0,0.0,0,-1.0
75,9,ASP407,-1.0,0.0,0,-1.0
75,10,TYR410,0.0,-1.0,0,0.0
76,1,LYS148,1.0,0.0,0,1.0
76,2,GLU323,-1.0,0.0,0,-1.0
76,3,HIS134,1.0,0.0,1,0.0
76,4,GLU451,-1.0,0.0,0,-1.0
76,5,GLU243,-1.0,0.0,0,-1.0
76,6,HIS333,1.0,0.0,1,0.0
76,7,HIS53,0.0,1.0,1,1.0
76,8,LYS296,1.0,0.0,0,1.0
76,9,ASP447,-1.0,0.0,0,-1.0
76,10,ARG445,1.0,0.0,0,1.0
77,1,ARG365,1.0,0.0,0,1.0
77,2,LYS376,1.0,0.0,0,1.0
77,3,HIS133,1.0,0.0,1,0.0
77,4,GLU62,-1.0,0.0,0,-1.0
77,5,LYS56,1.0,0.0,0,1.0
77,6,ASP41,-1.0,0.0,0,-1.0
77,7,GLU3,-1.0,0.0,0,-1.0
77,8,TYR130,0.0,-1.0,0,0.0
77,9,LYS68,1.0,0.0,0,1.0
77,10,ARG285,1.0,0.0,0,1.0
78,1,HIS206,0.0,1.0,1,1.0
78,2,ASP241,-1.0,0.0,0,-1.0
78,3,HIS406,0.0,1.0,1,1.0
78,4,GLU422,-1.0,0.0,0,-1.0
78,5,HIS214,1.0,0.0,1,0.0
78,6,HIS213,0.0,1.0,1,1.0
78,7,HIS46,0.0,1.0,1,1.0
78,8,ASP281,-1.0,0.0,0,-1.0
78,9,GLU203,-1.0,0.0,0,-1.0
78,10,HIS414,1.0,0.0,1,0.0
79,1,HIS166,0.0,1.0,1,1.0
79,2,ASP401,-1.0,0.0,0,-1.0
79,3,ASP361,-1.0,0.0,0,-1.0
79,4,GLU91,-1.0,0.0,0,-1.0
79,5,HIS253,1.0,0.0,1,0.0
79,6,LYS416,1.0,0.0,0,1.0
79,7,HIS133,0.0,1.0,0,0.0
79,8,HIS166,1.0,0.0,1,0.0
79,9,ASP447,-1.0,0.0,0,-1.0
79,10,GLU323,-1.0,0.0,0,-1.0
80,1,ASP127,-1.0,0.0,0,-1.0
80,2,ARG325,1.0,0.0,0,1.0
80,3,ASP41,-1.0,0.0,0,-1.0
80,4,HIS213,1.0,0.0,1,0.0
80,5,HIS406,1.0,0.0,1,0.0
80,6,ASP143,-1.0,0.0,0,-1.0
80,7,ARG285,1.0,0.0,0,1.0
80,8,HIS286,1.0,0.0,1,0.0
80,9,GLU422,-1.0,0.0,0,-1.0
80,10,GLU462,-1.0,0.0,0,-1.0
81,1,ASP23,-1.0,0.0,0,-1.0
81,2,GLU451,-1.0,0.0,0,-1.0
81,3,TYR250,0.0,-1.0,0,0.0
81,4,GLU403,-1.0,0.0,0,-1.0
81,5,ASP183,-1.0,0.0,0,-1.0
81,6,HIS414,0.0,1.0,0,0.0
81,7,ASP441,-1.0,0.0,0,-1.0
81,8,TYR170,0.0,-1.0,0,0.0
81,9,ASP247,-1.0,0.0,0,-1.0
81,10,ASP263,-1.0,0.0,0,-1.0
82,1,ASP327,-1.0,0.0,0,-1.0
82,2,LYS376,1.0,0.0,0,1.0
82,3,GLU43,-1.0,0.0,0,-1.0
82,4,LYS68,1.0,0.0,0,1.0
82,5,ASP423,-1.0,0.0,0,-1.0
82,6,LYS216,1.0,0.0,0,1.0
82,7,LYS376,1.0,0.0,0,1.0
82,8,HIS214,0.0,1.0,1,1.0
82,9,ASP87,-1.0,0.0,0,-1.0
82,10,LYS376,1.0,0.0,0,1.0
83,1,GLU283,-1.0,0.0,0,-1.0
83,2,ARG165,1.0,0.0,0,1.0
83,3,HIS333,0.0,1.0,1,1.0
83,4,GLU331,-1.0,0.0,0,-1.0
83,5,HIS334,0.0,1.0,0,0.0
83,6,TYR130,0.0,-1.0,0,0.0
83,7,LYS176,1.0,0.0,0,1.0
83,8,ARG165,1.0,0.0,0,1.0
83,9,GLU131,-1.0,0.0,0,-1.0
83,10,GLU3,-1.0,0.0,0,-1.0
84,1,GLU422,-1.0,0.0,0,-1.0
84,2,ASP87,-1.0,0.0,0,-1.0
84,3,LYS16,1.0,0.0,0,1.0
84,4,HIS174,0.0,1.0,0,0.0
84,5,GLU291,-1.0,0.0,0,-1.0
84,6,ASP247,-1.0,0.0,0,-1.0
84,7,TYR330,0.0,-1.0,0,0.0
84,8,ARG405,1.0,0.0,0,1.0
84,9,ASP207,-1.0,0.0,0,-1.0
84,10,HIS46,1.0,0.0,1,0.0
85,1,HIS413,0.0,1.0,1,1.0
85,2,ASP423,-1.0,0.0,0,-1.0
85,3,LYS56,1.0,0.0,0,1.0
85,4,HIS334,0.0,1.0,0,0.0
85,5,ASP321,-1.0,0.0,0,-1.0
85,6,ASP41,-1.0,0.0,0,-1.0
85,7,HIS126,0.0,1.0,1,1.0
85,8,ASP7,-1.0,0.0,0,-1.0
85,9,LYS136,1.0,0.0,0,1.0
85,10,HIS54,0.0,1.0,0,0.0
86,1,GLU462,-1.0,0.0,0,-1.0
86,2,ARG365,1.0,0.0,0,1.0
86,3,ASP361,-1.0,0.0,0,-1.0
86,4,GLU62,-1.0,0.0,0,-1.0
86,5,HIS373,0.0,1.0,0,0.0
86,6,HIS174,0.0,1.0,1,1.0
86,7,ASP327,-1.0,0.0,0,-1.0
86,8,LYS148,1.0,0.0,0,1.0
86,9,LYS268,1.0,0.0,0,1.0
86,10,ASP81,-1.0,0.0,0,-1.0
87,1,GLU291,-1.0,0.0,0,-1.0
87,2,ARG365,1.0,0.0,0,1.0
87,3,HIS413,1.0,0.0,1,0.0
87,4,ASP287,-1.0,0.0,0,-1.0
87,5,HIS374,1.0,0.0,1,0.0
87,6,GLU443,-1.0,0.0,0,-1.0
87,7,ASP423,-1.0,0.0,0,-1.0
87,8,HIS13,1.0,0.0,1,0.0
87,9,HIS134,0.0,1.0,0,0.0
87,10,TYR290,0.0,-1.0,0,0.0
88,1,HIS406,0.0,1.0,1,1.0
88,2,HIS213,0.0,1.0,1,1.0
88,3,ASP287,-1.0,0.0,0,-1.0
88,4,ASP401,-1.0,0.0,0,-1.0
88,5,TYR170,0.0,-1.0,0,0.0
88,6,HIS254,1.0,0.0,1,0.0
88,7,TYR290,0.0,-1.0,0,0.0
88,8,ARG245,1.0,0.0,0,1.0
88,9,GLU51,-1.0,0.0,0,-1.0
88,10,ASP423,-1.0,0.0,0,-1.0
89,1,TYR330,0.0,-1.0,0,0.0
89,2,TYR370,0.0,-1.0,0,0.0
89,3,GLU342,-1.0,0.0,0,-1.0
89,4,ARG45,1.0,0.0,0,1.0
89,5,ASP23,-1.0,0.0,0,-1.0
89,6,GLU302,-1.0,0.0,0,-1.0
89,7,TYR250,0.0,-1.0,0,0.0
89,8,GLU211,-1.0,0.0,0,-1.0
89,9,HIS94,1.0,0.0,1,0.0
89,10,ASP81,-1.0,0.0,0,-1.0
90,1,LYS108,1.0,0.0,0,1.0
90,2,TYR50,0.0,-1.0,0,0.0
90,3,GLU251,-1.0,0.0,0,-1.0
90,4,GLU142,-1.0,0.0,0,-1.0
90,5,GLU291,-1.0,0.0,0,-1.0
90,6,LYS376,1.0,0.0,0,1.0
90,7,ARG165,1.0,0.0,0,1.0
90,8,LYS216,1.0,0.0,0,1.0
90,9,LYS96,1.0,0.0,0,1.0
90,10,TYR290,0.0,-1.0,0,0.0
91,1,LYS28,1.0,0.0,0,1.0
91,2,TYR170,0.0,-1.0,0,0.0
91,3,ASP41,-1.0,0.0,0,-1.0
91,4,HIS173,0.0,1.0,1,1.0
91,5,HIS46,0.0,1.0,1,1.0
91,6,HIS246,1.0,0.0,1,0.0
91,7,TYR330,0.0,-1.0,0,0.0
91,8,ASP41,-1.0,0.0,0,-1.0
91,9,GLU422,-1.0,0.0,0,-1.0
91,10,LYS256,1.0,0.0,0,1.0
92,1,ASP441,-1.0,0.0,0,-1.0
92,2,ASP287,-1.0,0.0,0,-1.0
92,3,HIS254,0.0,1.0,0,0.0
92,4,ARG365,1.0,0.0,0,1.0
92,5,ASP47,-1.0,0.0,0,-1.0
92,6,ASP327,-1.0,0.0,0,-1.0
92,7,LYS148,1.0,0.0,0,1.0
92,8,LYS188,1.0,0.0,0,1.0
92,9,HIS254,0.0,1.0,1,1.0
92,10,HIS93,0.0,1.0,0,0.0
93,1,ASP127,-1.0,0.0,0,-1.0
93,2,GLU243,-1.0,0.0,0,-1.0
93,3,GLU323,-1.0,0.0,0,-1.0
93,4,ASP201,-1.0,0.0,0,-1.0
93,5,LYS428,1.0,0.0,0,1.0
93,6,ARG405,1.0,0.0,0,1.0
93,7,ASP201,-1.0,0.0,0,-1.0
93,8,TYR410,0.0,-1.0,0,0.0
93,9,ASP287,-1.0,0.0,0,-1.0
93,10,TYR130,0.0,-1.0,0,0.0
94,1,LYS348,1.0,0.0,0,1.0
94,2,HIS13,0.0,1.0,1,1.0
94,3,GLU91,-1.0,0.0,0,-1.0
94,4,LYS348,1.0,0.0,0,1.0
94,5,HIS173,1.0,0.0,1,0.0
94,6,HIS413,0.0,1.0,0,0.0
94,7,GLU22,-1.0,0.0,0,-1.0
94,8,ARG405,1.0,0.0,0,1.0
94,9,ASP127,-1.0,0.0,0,-1.0
94,10,LYS296,1.0,0.0,0,1.0
95,1,ASP167,-1.0,0.0,0,-1.0
95,2,GLU382,-1.0,0.0,0,-1.0
95,3,LYS16,1.0,0.0,0,1.0
95,4,ASP367,-1.0,0.0,0,-1.0
95,5,LYS176,1.0,0.0,0,1.0
95,6,GLU62,-1.0,0.0,0,-1.0
95,7,GLU291,-1.0,0.0,0,-1.0
95,8,ARG285,1.0,0.0,0,1.0
95,9,LYS16,1.0,0.0,0,1.0
95,10,ASP7,-1.0,0.0,0,-1.0
96,1,LYS388,1.0,0.0,0,1.0
96,2,GLU443,-1.0,0.0,0,-1.0
96,3,GLU371,-1.0,0.0,0,-1.0
96,4,TYR370,0.0,-1.0,0,0.0
96,5,GLU411,-1.0,0.0,0,-1.0
96,6,GLU291,-1.0,0.0,0,-1.0
96,7,ARG245,1.0,0.0,0,1.0
96,8,ASP343,-1.0,0.0,0,-1.0
96,9,HIS286,0.0,1.0,0,0.0
96,10,HIS13,1.0,0.0,1,0.0
97,1,ASP321,-1.0,0.0,0,-1.0
97,2,TYR130,0.0,-1.0,0,0.0
97,3,LYS336,1.0,0.0,0,1.0
97,4,LYS348,1.0,0.0,0,1.0
97,5,HIS126,1.0,0.0,1,0.0
97,6,HIS326,1.0,0.0,1,0.0
97,7,LYS296,1.0,0.0,0,1.0
97,8,ARG285,1.0,0.0,0,1.0
97,9,ASP367,-1.0,0.0,0,-1.0
97,10,GLU283,-1.0,0.0,0,-1.0
98,1,ASP287,-1.0,0.0,0,-1.0
98,2,GLU222,-1.0,0.0,0,-1.0
98,3,ASP247,-1.0,0.0,0,-1.0
98,4,HIS406,1.0,0.0,1,0.0
98,5,TYR210,0.0,-1.0,0,0.0
98,6,GLU291,-1.0,0.0,0,-1.0
98,7,GLU443,-1.0,0.0,0,-1.0
98,8,HIS13,0.0,1.0,0,0.0
98,9,HIS134,0.0,1.0,0,0.0
98,10,HIS246,0.0,1.0,0,0.0
99,1,TYR370,0.0,-1.0,0,0.0
99,2,HIS53,1.0,0.0,1,0.0
99,3,ASP223,-1.0,0.0,0,-1.0
99,4,HIS446,1.0,0.0,1,0.0
99,5,ASP81,-1.0,0.0,0,-1.0
99,6,GLU123,-1.0,0.0,0,-1.0
99,7,GLU211,-1.0,0.0,0,-1.0
99,8,GLU3,-1.0,0.0,0,-1.0
99,9,HIS46,1.0,0.0,1,0.0
99,10,ASP423,-1.0,0.0,0,-1.0
100,1,LYS268,1.0,0.0,0,1.0
100,2,ASP321,-1.0,0.0,0,-1.0
100,3,GLU22,-1.0,0.0,0,-1.0
100,4,ARG325,1.0,0.0,0,1.0
100,5,TYR410,0.0,-1.0,0,0.0
100,6,ASP207,-1.0,0.0,0,-1.0
100,7,HIS94,0.0,1.0,0,0.0
100,8,LYS188,1.0,0.0,0,1.0
100,9,ASP281,-1.0,0.0,0,-1.0
100,10,ASP1,-1.0,0.0,0,-1.0
101,1,TYR250,0.0,-1.0,0,0.0
101,2,ARG85,1.0,0.0,0,1.0
101,3,GLU462,-1.0,0.0,0,-1.0
101,4,TYR250,0.0,-1.0,0,0.0
101,5,GLU251,-1.0,0.0,0,-1.0
101,6,LYS216,1.0,0.0,0,1.0
101,7,HIS333,1.0,0.0,1,0.0
101,8,ASP321,-1.0,0.0,0,-1.0
101,9,GLU171,-1.0,0.0,0,-1.0
101,10,GLU131,-1.0,0.0,0,-1.0
102,1,ASP383,-1.0,0.0,0,-1.0
102,2,TYR210,0.0,-1.0,0,0.0
102,3,HIS213,1.0,0.0,1,0.0
102,4,TYR170,0.0,-1.0,0,0.0
102,5,HIS94,0.0,1.0,0,0.0
102,6,LYS68,1.0,0.0,0,1.0
102,7,GLU102,-1.0,0.0,0,-1.0
102,8,GLU451,-1.0,0.0,0,-1.0
102,9,HIS374,0.0,1.0,1,1.0
102,10,ASP183,-1.0,0.0,0,-1.0
103,1,TYR290,0.0,-1.0,0,0.0
103,2,LYS136,1.0,0.0,0,1.0
103,3,LYS216,1.0,0.0,0,1.0
103,4,TYR50,0.0,-1.0,0,0.0
103,5,GLU291,-1.0,0.0,0,-1.0
103,6,HIS373,0.0,1.0,0,0.0
103,7,LYS376,1.0,0.0,0,1.0
103,8,TYR330,0.0,-1.0,0,0.0
103,9,ARG285,1.0,0.0,0,1.0
103,10,GLU51,-1.0,0.0,0,-1.0
104,1,GLU371,-1.0,0.0,0,-1.0
104,2,GLU91,-1.0,0.0,0,-1.0
104,3,ASP383,-1.0,0.0,0,-1.0
104,4,LYS376,1.0,0.0,0,1.0
104,5,GLU3,-1.0,0.0,0,-1.0
104,6,LYS468,1.0,0.0,0,1.0
104,7,HIS373,0.0,1.0,0,0.0
104,8,ARG445,1.0,0.0,0,1.0
104,9,TYR290,0.0,-1.0,0,0.0
104,10,HIS454,0.0,1.0,1,1.0
105,1,ASP41,-1.0,0.0,0,-1.0
105,2,ARG85,1.0,0.0,0,1.0
105,3,LYS148,1.0,0.0,0,1.0
105,4,LYS68,1.0,0.0,0,1.0
105,5,LYS388,1.0,0.0,0,1.0
105,6,ASP161,-1.0,0.0,0,-1.0
105,7,LYS56,1.0,0.0,0,1.0
105,8,ARG85,1.0,0.0,0,1.0
105,9,HIS286,0.0,1.0,1,1.0
105,10,TYR130,0.0,-1.0,0,0.0
106,1,HIS173,0.0,1.0,0,0.0
106,2,HIS14,1.0,0.0,1,0.0
106,3,HIS254,1.0,0.0,1,0.0
106,4,ASP127,-1.0,0.0,0,-1.0
106,5,HIS206,1.0,0.0,1,0.0
106,6,HIS86,0.0,1.0,1,1.0
106,7,TYR50,0.0,-1.0,0,0.0
106,8,GLU62,-1.0,0.0,0,-1.0
106,9,ASP463,-1.0,0.0,0,-1.0
106,10,GLU302,-1.0,0.0,0,-1.0
107,1,HIS333,0.0,1.0,0,0.0
107,2,ASP143,-1.0,0.0,0,-1.0
107,3,GLU222,-1.0,0.0,0,-1.0
107,4,HIS174,1.0,0.0,1,0.0
107,5,GLU171,-1.0,0.0,0,-1.0
107,6,LYS96,1.0,0.0,0,1.0
107,7,GLU22,-1.0,0.0,0,-1.0
107,8,ASP327,-1.0,0.0,0,-1.0
107,9,LYS108,1.0,0.0,0,1.0
107,10,ASP287,-1.0,0.0,0,-1.0
108,1,HIS254,0.0,1.0,0,0.0
108,2,LYS376,1.0,0.0,0,1.0
108,3,GLU203,-1.0,0.0,0,-1.0
108,4,ARG245,1.0,0.0,0,1.0
108,5,GLU43,-1.0,0.0,0,-1.0
108,6,ASP287,-1.0,0.0,0,-1.0
108,7,HIS454,1.0,0.0,1,0.0
108,8,ASP207,-1.0,0.0,0,-1.0
108,9,GLU302,-1.0,0.0,0,-1.0
108,10,ASP401,-1.0,0.0,0,-1.0
109,1,GLU182,-1.0,0.0,0,-1.0
109,2,HIS294,1.0,0.0,1,0.0
109,3,ASP23,-1.0,0.0,0,-1.0
109,4,ASP183,-1.0,0.0,0,-1.0
109,5,LYS256,1.0,0.0,0,1.0
109,6,GLU371,-1.0,0.0,0,-1.0
109,7,GLU382,-1.0,0.0,0,-1.0
109,8,GLU342,-1.0,0.0,0,-1.0
109,9,HIS254,0.0,1.0,0,0.0
109,10,GLU451,-1.0,0.0,0,-1.0
110,1,ASP81,-1.0,0.0,0,-1.0
110,2,ASP87,-1.0,0.0,0,-1.0
110,3,TYR170,0.0,-1.0,0,0.0
110,4,HIS174,0.0,1.0,1,1.0
110,5,HIS133,0.0,1.0,0,0.0
110,6,GLU171,-1.0,0.0,0,-1.0
110,7,GLU51,-1.0,0.0,0,-1.0
110,8,GLU371,-1.0,0.0,0,-1.0
110,9,HIS414,0.0,1.0,0,0.0
110,10,TYR250,0.0,-1.0,0,0.0
111,1,ASP201,-1.0,0.0,0,-1.0
111,2,LYS28,1.0,0.0,0,1.0
111,3,LYS268,1.0,0.0,0,1.0
111,4,ASP1,-1.0,0.0,0,-1.0
111,5,TYR210,0.0,-1.0,0,0.0
111,6,GLU382,-1.0,0.0,0,-1.0
111,7,GLU211,-1.0,0.0,0,-1.0
111,8,GLU102,-1.0,0.0,0,-1.0
111,9,ASP87,-1.0,0.0,0,-1.0
111,10,GLU371,-1.0,0.0,0,-1.0
112,1,TYR410,0.0,-1.0,0,0.0
112,2,ARG245,1.0,0.0,0,1.0
112,3,GLU182,-1.0,0.0,0,-1.0
112,4,GLU171,-1.0,0.0,0,-1.0
112,5,ASP367,-1.0,0.0,0,-1.0
112,6,HIS6,0.0,1.0,1,1.0
112,7,HIS6,1.0,0.0,1,0.0
112,8,HIS166,0.0,1.0,1,1.0
112,9,TYR450,0.0,-1.0,0,0.0
112,10,GLU262,-1.0,0.0,0,-1.0
113,1,LYS336,1.0,0.0,0,1.0
113,2,ASP223,-1.0,0.0,0,-1.0
113,3,GLU422,-1.0,0.0,0,-1.0
113,4,GLU323,-1.0,0.0,0,-1.0
113,5,GLU182,-1.0,0.0,0,-1.0
113,6,GLU102,-1.0,0.0,0,-1.0
113,7,GLU182,-1.0,0.0,0,-1.0
113,8,ASP81,-1.0,0.0,0,-1.0
113,9,ASP247,-1.0,0.0,0,-1.0
113,10,ASP47,-1.0,0.0,0,-1.0
114,1,ASP367,-1.0,0.0,0,-1.0
114,2,LYS468,1.0,0.0,0,1.0
114,3,HIS46,0.0,1.0,1,1.0
114,4,TYR130,0.0,-1.0,0,0.0
114,5,GLU302,-1.0,0.0,0,-1.0
114,6,ASP303,-1.0,0.0,0,-1.0
114,7,HIS134,0.0,1.0,0,0.0
114,8,GLU283,-1.0,0.0,0,-1.0
114,9,HIS413,0.0,1.0,1,1.0
114,10,ARG5,1.0,0.0,0,1.0
115,1,LYS96,1.0,0.0,0,1.0
115,2,HIS6,0.0,1.0,0,0.0
115,3,ASP167,-1.0,0.0,0,-1.0
115,4,LYS216,1.0,0.0,0,1.0
115,5,HIS293,0.0,1.0,1,1.0
115,6,HIS454,0.0,1.0,1,1.0
115,7,ASP161,-1.0,0.0,0,-1.0
115,8,GLU462,-1.0,0.0,0,-1.0
115,9,HIS293,1.0,0.0,1,0.0
115,10,ASP423,-1.0,0.0,0,-1.0
116,1,HIS14,0.0,1.0,0,0.0
116,2,HIS254,0.0,1.0,0,0.0
116,3,ASP23,-1.0,0.0,0,-1.0
116,4,HIS374,1.0,0.0,1,0.0
116,5,ARG5,1.0,0.0,0,1.0
116,6,HIS294,0.0,1.0,0,0.0
116,7,ASP423,-1.0,0.0,0,-1.0
116,8,GLU211,-1.0,0.0,0,-1.0
116,9,HIS133,0.0,1.0,0,0.0
116,10,LYS188,1.0,0.0,0,1.0
117,1,TYR210,0.0,-1.0,0,0.0
117,2,LYS468,1.0,0.0,0,1.0
117,3,TYR10,0.0,-1.0,0,0.0
117,4,GLU363,-1.0,0.0,0,-1.0
117,5,ASP161,-1.0,0.0,0,-1.0
117,6,ASP63,-1.0,0.0,0,-1.0
117,7,ASP241,-1.0,0.0,0,-1.0
117,8,GLU331,-1.0,0.0,0,-1.0
117,9,ASP441,-1.0,0.0,0,-1.0
117,10,HIS94,0.0,1.0,0,0.0
118,1,HIS374,0.0,1.0,0,0.0
118,2,GLU123,-1.0,0.0,0,-1.0
118,3,HIS93,0.0,1.0,1,1.0
118,4,HIS93,1.0,0.0,1,0.0
118,5,GLU451,-1.0,0.0,0,-1.0
118,6,ASP183,-1.0,0.0,0,-1.0
118,7,GLU51,-1.0,0.0,0,-1.0
118,8,ASP401,-1.0,0.0,0,-1.0
118,9,LYS28,1.0,0.0,0,1.0
118,10,TYR370,0.0,-1.0,0,0.0
119,1,ARG85,1.0,0.0,0,1.0
119,2,HIS13,0.0,1.0,0,0.0
119,3,ARG205,1.0,0.0,0,1.0
119,4,TYR170,0.0,-1.0,0,0.0
119,5,HIS326,0.0,1.0,0,0.0
119,6,LYS416,1.0,0.0,0,1.0
119,7,HIS13,0.0,1.0,1,1.0
119,8,HIS286,1.0,0.0,0,1.0
119,9,HIS293,0.0,1.0,1,1.0
119,10,ASP23,-1.0,0.0,0,-1.0
120,1,GLU403,-1.0,0.0,0,-1.0
120,2,GLU403,-1.0,0.0,0,-1.0
120,3,GLU3,-1.0,0.0,0,-1.0
120,4,ASP321,-1.0,0.0,0,-1.0
120,5,HIS173,0.0,1.0,1,1.0
120,6,ASP121,-1.0,0.0,0,-1.0
120,7,LYS108,1.0,0.0,0,1.0
120,8,GLU323,-1.0,0.0,0,-1.0
120,9,GLU222,-1.0,0.0,0,-1.0
120,10,ASP87,-1.0,0.0,0,-1.0
121,1,LYS348,1.0,0.0,0,1.0
121,2,HIS214,1.0,0.0,1,0.0
121,3,HIS246,0.0,1.0,1,1.0
121,4,HIS126,0.0,1.0,1,1.0
121,5,HIS93,0.0,1.0,0,0.0
121,6,ASP87,-1.0,0.0,0,-1.0
121,7,HIS213,0.0,1.0,0,0.0
121,8,ASP161,-1.0,0.0,0,-1.0
121,9,TYR10,0.0,-1.0,0,0.0
121,10,HIS93,0.0,1.0,0,0.0
122,1,LYS416,1.0,0.0,0,1.0
122,2,ASP47,-1.0,0.0,0,-1.0
122,3,TYR10,0.0,-1.0,0,0.0
122,4,ASP167,-1.0,0.0,0,-1.0
122,5,LYS308,1.0,0.0,0,1.0
122,6,ARG205,1.0,0.0,0,1.0
122,7,LYS388,1.0,0.0,0,1.0
122,8,HIS454,1.0,0.0,1,0.0
122,9,ASP367,-1.0,0.0,0,-1.0
122,10,HIS406,0.0,1.0,1,1.0
123,1,ASP321,-1.0,0.0,0,-1.0
123,2,TYR170,0.0,-1.0,0,0.0
123,3,HIS174,1.0,0.0,1,0.0
123,4,GLU323,-1.0,0.0,0,-1.0
123,5,ASP223,-1.0,0.0,0,-1.0
123,6,LYS96,1.0,0.0,0,1.0
123,7,ASP63,-1.0,0.0,0,-1.0
123,8,LYS108,1.0,0.0,0,1.0
123,9,ASP41,-1.0,0.0,0,-1.0
123,10,HIS126,1.0,0.0,1,0.0
124,1,ASP383,-1.0,0.0,0,-1.0
124,2,HIS166,1.0,0.0,1,0.0
124,3,GLU142,-1.0,0.0,0,-1.0
124,4,HIS326,0.0,1.0,0,0.0
124,5,ARG45,1.0,0.0,0,1.0
124,6,GLU51,-1.0,0.0,0,-1.0
124,7,ASP281,-1.0,0.0,0,-1.0
124,8,GLU382,-1.0,0.0,0,-1.0
124,9,HIS133,0.0,1.0,1,1.0
124,10,LYS416,1.0,0.0,0,1.0
125,1,LYS428,1.0,0.0,0,1.0
125,2,LYS336,1.0,0.0,0,1.0
125,3,GLU262,-1.0,0.0,0,-1.0
125,4,ASP287,-1.0,0.0,0,-1.0
125,5,HIS6,0.0,1.0,1,1.0
125,6,LYS68,1.0,0.0,0,1.0
125,7,ASP383,-1.0,0.0,0,-1.0
125,8,LYS416,1.0,0.0,0,1.0
125,9,TYR290,0.0,-1.0,0,0.0
125,10,ASP241,-1.0,0.0,0,-1.0
126,1,LYS256,1.0,0.0,0,1.0
126,2,GLU43,-1.0,0.0,0,-1.0
126,3,ARG165,1.0,0.0,0,1.0
126,4,ASP223,-1.0,0.0,0,-1.0
126,5,GLU422,-1.0,0.0,0,-1.0
126,6,HIS14,0.0,1.0,1,1.0
126,7,LYS28,1.0,0.0,0,1.0
126,8,GLU83,-1.0,0.0,0,-1.0
126,9,ASP407,-1.0,0.0,0,-1.0
126,10,HIS54,0.0,1.0,0,0.0
127,1,LYS96,1.0,0.0,0,1.0
127,2,ASP103,-1.0,0.0,0,-1.0
127,3,GLU262,-1.0,0.0,0,-1.0
127,4,HIS166,0.0,1.0,1,1.0
127,5,HIS366,1.0,0.0,1,0.0
127,6,TYR170,0.0,-1.0,0,0.0
127,7,GLU222,-1.0,0.0,0,-1.0
127,8,ASP361,-1.0,0.0,0,-1.0
127,9,LYS376,1.0,0.0,0,1.0
127,10,GLU102,-1.0,0.0,0,-1.0
128,1,ARG445,1.0,0.0,0,1.0
128,2,ASP207,-1.0,0.0,0,-1.0
128,3,TYR410,0.0,-1.0,0,0.0
128,4,GLU323,-1.0,0.0,0,-1.0
128,5,TYR90,0.0,-1.0,0,0.0
128,6,ASP207,-1.0,0.0,0,-1.0
128,7,LYS308,1.0,0.0,0,1.0
128,8,LYS108,1.0,0.0,0,1.0
128,9,GLU403,-1.0,0.0,0,-1.0
128,10,GLU62,-1.0,0.0,0,-1.0
129,1,HIS326,0.0,1.0,0,0.0
129,2,HIS374,0.0,1.0,1,1.0
129,3,GLU462,-1.0,0.0,0,-1.0
129,4,ASP361,-1.0,0.0,0,-1.0
129,5,LYS308,1.0,0.0,0,1.0
129,6,HIS173,1.0,0.0,1,0.0
129,7,ASP143,-1.0,0.0,0,-1.0
129,8,ARG45,1.0,0.0,0,1.0
129,9,HIS246,1.0,0.0,1,0.0
129,10,ASP303,-1.0,0.0,0,-1.0
130,1,GLU323,-1.0,0.0,0,-1.0
130,2,HIS206,0.0,1.0,1,1.0
130,3,ASP407,-1.0,0.0,0,-1.0
130,4,GLU3,-1.0,0.0,0,-1.0
130,5,LYS108,1.0,0.0,0,1.0
130,6,HIS126,0.0,1.0,1,1.0
130,7,GLU342,-1.0,0.0,0,-1.0
130,8,GLU3,-1.0,0.0,0,-1.0
130,9,LYS228,1.0,0.0,0,1.0
130,10,GLU243,-1.0,0.0,0,-1.0
131,1,HIS174,0.0,1.0,0,0.0
131,2,ASP423,-1.0,0.0,0,-1.0
131,3,ASP287,-1.0,0.0,0,-1.0
131,4,HIS414,0.0,1.0,0,0.0
131,5,GLU323,-1.0,0.0,0,-1.0
131,6,ASP207,-1.0,0.0,0,-1.0
131,7,ARG405,1.0,0.0,0,1.0
131,8,ASP23,-1.0,0.0,0,-1.0
131,9,ARG285,1.0,0.0,0,1.0
131,10,LYS376,1.0,0.0,0,1.0
132,1,ASP287,-1.0,0.0,0,-1.0
132,2,ASP47,-1.0,0.0,0,-1.0
132,3,GLU62,-1.0,0.0,0,-1.0
132,4,ASP327,-1.0,0.0,0,-1.0
132,5,GLU91,-1.0,0.0,0,-1.0
132,6,TYR210,0.0,-1.0,0,0.0
132,7,HIS6,1.0,0.0,1,0.0
132,8,LYS228,1.0,0.0,0,1.0
132,9,LYS376,1.0,0.0,0,1.0
132,10,GLU51,-1.0,0.0,0,-1.0
133,1,ARG405,1.0,0.0,0,1.0
133,2,ASP127,-1.0,0.0,0,-1.0
133,3,GLU83,-1.0,0.0,0,-1.0
133,4,ASP167,-1.0,0.0,0,-1.0
133,5,ASP241,-1.0,0.0,0,-1.0
133,6,HIS166,1.0,0.0,0,1.0
133,7,ASP63,-1.0,0.0,0,-1.0
133,8,ASP247,-1.0,0.0,0,-1.0
133,9,ASP143,-1.0,0.0,0,-1.0
133,10,LYS148,1.0,0.0,0,1.0
134,1,LYS388,1.0,0.0,0,1.0
134,2,LYS468,1.0,0.0,0,1.0
134,3,GLU291,-1.0,0.0,0,-1.0
134,4,LYS428,1.0,0.0,0,1.0
134,5,HIS173,0.0,1.0,0,0.0
134,6,HIS53,0.0,1.0,0,0.0
134,7,GLU203,-1.0,0.0,0,-1.0
134,8,LYS16,1.0,0.0,0,1.0
134,9,LYS216,1.0,0.0,0,1.0
134,10,HIS166,1.0,0.0,1,0.0
135,1,ASP241,-1.0,0.0,0,-1.0
135,2,LYS416,1.0,0.0,0,1.0
135,3,GLU222,-1.0,0.0,0,-1.0
135,4,ARG125,1.0,0.0,0,1.0
135,5,GLU403,-1.0,0.0,0,-1.0
135,6,GLU283,-1.0,0.0,0,-1.0
135,7,TYR170,0.0,-1.0,0,0.0
135,8,GLU211,-1.0,0.0,0,-1.0
135,9,ARG365,1.0,0.0,0,1.0
135,10,LYS428,1.0,0.0,0,1.0
136,1,TYR10,0.0,-1.0,0,0.0
136,2,LYS188,1.0,0.0,0,1.0
136,3,HIS294,0.0,1.0,0,0.0
136,4,TYR10,0.0,-1.0,0,0.0
136,5,HIS213,0.0,1.0,1,1.0
136,6,HIS53,0.0,1.0,0,0.0
136,7,GLU291,-1.0,0.0,0,-1.0
136,8,HIS13,1.0,0.0,1,0.0
136,9,TYR10,0.0,-1.0,0,0.0
136,10,LYS376,1.0,0.0,0,1.0
137,1,HIS206,1.0,0.0,1,0.0
137,2,ASP7,-1.0,0.0,0,-1.0
137,3,ASP7,-1.0,0.0,0,-1.0
137,4,LYS336,1.0,0.0,0,1.0
137,5,LYS308,1.0,0.0,0,1.0
137,6,HIS6,0.0,1.0,1,1.0
137,7,GLU142,-1.0,0.0,0,-1.0
137,8,ASP327,-1.0,0.0,0,-1.0
137,9,ASP121,-1.0,0.0,0,-1.0
137,10,TYR250,0.0,-1.0,0,0.0
138,1,TYR250,0.0,-1.0,0,0.0
138,2,ASP103,-1.0,0.0,0,-1.0
138,3,GLU251,-1.0,0.0,0,-1.0
138,4,ASP23,-1.0,0.0,0,-1.0
138,5,GLU323,-1.0,0.0,0,-1.0
138,6,ARG445,1.0,0.0,0,1.0
138,7,LYS416,1.0,0.0,0,1.0
138,8,ASP303,-1.0,0.0,0,-1.0
138,9,HIS126,1.0,0.0,1,0.0
138,10,GLU411,-1.0,0.0,0,-1.0
139,1,GLU43,-1.0,0.0,0,-1.0
139,2,ASP167,-1.0,0.0,0,-1.0
139,3,TYR10,0.0,-1.0,0,0.0
139,4,TYR290,0.0,-1.0,0,0.0
139,5,LYS176,1.0,0.0,0,1.0
139,6,ARG205,1.0,0.0,0,1.0
139,7,ARG365,1.0,0.0,0,1.0
139,8,LYS416,1.0,0.0,0,1.0
139,9,TYR170,0.0,-1.0,0,0.0
139,10,HIS326,0.0,1.0,1,1.0
140,1,GLU363,-1.0,0.0,0,-1.0
140,2,GLU462,-1.0,0.0,0,-1.0
140,3,GLU123,-1.0,0.0,0,-1.0
140,4,GLU11,-1.0,0.0,0,-1.0
140,5,LYS68,1.0,0.0,0,1.0
140,6,HIS206,0.0,1.0,0,0.0
140,7,GLU11,-1.0,0.0,0,-1.0
140,8,ASP161,-1.0,0.0,0,-1.0
140,9,ASP167,-1.0,0.0,0,-1.0
140,10,ASP247,-1.0,0.0,0,-1.0
141,1,ASP183,-1.0,0.0,0,-1.0
141,2,GLU62,-1.0,0.0,0,-1.0
141,3,GLU182,-1.0,0.0,0,-1.0
141,4,GLU443,-1.0,0.0,0,-1.0
141,5,HIS374,1.0,0.0,1,0.0
141,6,ASP127,-1.0,0.0,0,-1.0
141,7,LYS16,1.0,0.0,0,1.0
141,8,LYS136,1.0,0.0,0,1.0
141,9,GLU323,-1.0,0.0,0,-1.0
141,10,ARG365,1.0,0.0,0,1.0
142,1,GLU142,-1.0,0.0,0,-1.0
142,2,GLU291,-1.0,0.0,0,-1.0
142,3,LYS376,1.0,0.0,0,1.0
142,4,GLU411,-1.0,0.0,0,-1.0
142,5,ASP127,-1.0,0.0,0,-1.0
142,6,ARG365,1.0,0.0,0,1.0
142,7,LYS108,1.0,0.0,0,1.0
142,8,HIS6,1.0,0.0,1,0.0
142,9,GLU222,-1.0,0.0,0,-1.0
142,10,HIS206,0.0,1.0,1,1.0
143,1,ASP361,-1.0,0.0,0,-1.0
143,2,LYS16,1.0,0.0,0,1.0
143,3,ASP47,-1.0,0.0,0,-1.0
143,4,HIS206,1.0,0.0,1,0.0
143,5,TYR130,0.0,-1.0,0,0.0
143,6,GLU283,-1.0,0.0,0,-1.0
143,7,GLU222,-1.0,0.0,0,-1.0
143,8,ASP1,-1.0,0.0,0,-1.0
143,9,ASP241,-1.0,0.0,0,-1.0
143,10,GLU102,-1.0,0.0,0,-1.0
144,1,HIS253,0.0,1.0,0,0.0
144,2,LYS228,1.0,0.0,0,1.0
144,3,GLU211,-1.0,0.0,0,-1.0
144,4,LYS68,1.0,0.0,0,1.0
144,5,GLU211,-1.0,0.0,0,-1.0
144,6,GLU91,-1.0,0.0,0,-1.0
144,7,HIS46,1.0,0.0,1,0.0
144,8,GLU283,-1.0,0.0,0,-1.0
144,9,LYS256,1.0,0.0,0,1.0
144,10,GLU22,-1.0,0.0,0,-1.0
145,1,ARG245,1.0,0.0,0,1.0
145,2,LYS148,1.0,0.0,0,1.0
145,3,HIS286,1.0,0.0,1,0.0
145,4,GLU163,-1.0,0.0,0,-1.0
145,5,ASP383,-1.0,0.0,0,-1.0
145,6,GLU131,-1.0,0.0,0,-1.0
145,7,HIS373,0.0,1.0,1,1.0
145,8,GLU342,-1.0,0.0,0,-1.0
145,9,ASP327,-1.0,0.0,0,-1.0
145,10,ARG45,1.0,0.0,0,1.0
146,1,GLU342,-1.0,0.0,0,-1.0
146,2,GLU382,-1.0,0.0,0,-1.0
146,3,GLU222,-1.0,0.0,0,-1.0
146,4,ASP201,-1.0,0.0,0,-1.0
146,5,LYS428,1.0,0.0,0,1.0
146,6,ASP367,-1.0,0.0,0,-1.0
146,7,ARG125,1.0,0.0,0,1.0
146,8,GLU363,-1.0,0.0,0,-1.0
146,9,GLU342,-1.0,0.0,0,-1.0
146,10,ASP247,-1.0,0.0,0,-1.0
147,1,HIS286,0.0,1.0,1,1.0
147,2,TYR130,0.0,-1.0,0,0.0
147,3,HIS326,1.0,0.0,1,0.0
147,4,TYR50,0.0,-1.0,0,0.0
147,5,ASP81,-1.0,0.0,0,-1.0
147,6,HIS213,1.0,0.0,1,0.0
147,7,HIS253,0.0,1.0,1,1.0
147,8,GLU243,-1.0,0.0,0,-1.0
147,9,ASP321,-1.0,0.0,0,-1.0
147,10,HIS174,0.0,1.0,0,0.0
148,1,HIS453,0.0,1.0,1,1.0
148,2,ARG405,1.0,0.0,0,1.0
148,3,ARG85,1.0,0.0,0,1.0
148,4,TYR170,0.0,-1.0,0,0.0
148,5,HIS46,0.0,1.0,1,1.0
148,6,TYR290,0.0,-1.0,0,0.0
148,7,GLU163,-1.0,0.0,0,-1.0
148,8,HIS86,1.0,0.0,0,1.0
148,9,TYR330,0.0,-1.0,0,0.0
148,10,TYR130,0.0,-1.0,0,0.0
149,1,ASP87,-1.0,0.0,0,-1.0
149,2,LYS68,1.0,0.0,0,1.0
149,3,HIS46,1.0,0.0,1,0.0
149,4,HIS326,0.0,1.0,1,1.0
149,5,GLU462,-1.0,0.0,0,-1.0
149,6,ASP201,-1.0,0.0,0,-1.0
149,7,GLU142,-1.0,0.0,0,-1.0
149,8,LYS268,1.0,0.0,0,1.0
149,9,GLU22,-1.0,0.0,0,-1.0
149,10,ASP423,-1.0,0.0,0,-1.0
150,1,GLU243,-1.0,0.0,0,-1.0
150,2,HIS453,1.0,0.0,1,0.0
150,3,GLU411,-1.0,0.0,0,-1.0
150,4,GLU171,-1.0,0.0,0,-1.0
150,5,HIS446,0.0,1.0,1,1.0
150,6,ASP263,-1.0,0.0,0,-1.0
150,7,LYS348,1.0,0.0,0,1.0
150,8,TYR450,0.0,-1.0,0,0.0
150,9,GLU382,-1.0,0.0,0,-1.0
150,10,LYS388,1.0,0.0,0,1.0
151,1,HIS213,0.0,1.0,1,1.0
151,2,HIS453,0.0,1.0,1,1.0
151,3,LYS336,1.0,0.0,0,1.0
151,4,GLU51,-1.0,0.0,0,-1.0
151,5,LYS348,1.0,0.0,0,1.0
151,6,GLU251,-1.0,0.0,0,-1.0
151,7,LYS456,1.0,0.0,0,1.0
151,8,HIS374,0.0,1.0,1,1.0
151,9,HIS254,0.0,1.0,1,1.0
151,10,ASP361,-1.0,0.0,0,-1.0
152,1,GLU211,-1.0,0.0,0,-1.0
152,2,LYS188,1.0,0.0,0,1.0
152,3,GLU291,-1.0,0.0,0,-1.0
152,4,GLU363,-1.0,0.0,0,-1.0
152,5,GLU62,-1.0,0.0,0,-1.0
152,6,ASP103,-1.0,0.0,0,-1.0
152,7,HIS254,1.0,0.0,1,0.0
152,8,HIS294,0.0,1.0,0,0.0
152,9,TYR50,0.0,-1.0,0,0.0
152,10,TYR450,0.0,-1.0,0,0.0
153,1,HIS174,0.0,1.0,0,0.0
153,2,ASP241,-1.0,0.0,0,-1.0
153,3,ASP407,-1.0,0.0,0,-1.0
153,4,LYS28,1.0,0.0,0,1.0
153,5,GLU283,-1.0,0.0,0,-1.0
153,6,TYR410,0.0,-1.0,0,0.0
153,7,HIS6,0.0,1.0,0,0.0
153,8,LYS468,1.0,0.0,0,1.0
153,9,LYS28,1.0,0.0,0,1.0
153,10,TYR330,0.0,-1.0,0,0.0
154,1,ASP183,-1.0,0.0,0,-1.0
154,2,HIS86,1.0,0.0,1,0.0
154,3,GLU323,-1.0,0.0,0,-1.0
154,4,HIS54,0.0,1.0,1,1.0
154,5,GLU51,-1.0,0.0,0,-1.0
154,6,TYR370,0.0,-1.0,0,0.0
154,7,LYS228,1.0,0.0,0,1.0
154,8,HIS254,0.0,1.0,0,0.0
154,9,TYR290,0.0,-1.0,0,0.0
154,10,ASP423,-1.0,0.0,0,-1.0
155,1,LYS176,1.0,0.0,0,1.0
155,2,GLU443,-1.0,0.0,0,-1.0
155,3,HIS446,1.0,0.0,1,0.0
155,4,ASP1,-1.0,0.0,0,-1.0
155,5,HIS133,1.0,0.0,1,0.0
155,6,HIS334,0.0,1.0,1,1.0
155,7,LYS428,1.0,0.0,0,1.0
155,8,TYR50,0.0,-1.0,0,0.0
155,9,HIS446,0.0,1.0,1,1.0
155,10,HIS206,0.0,1.0,1,1.0
156,1,LYS108,1.0,0.0,0,1.0
156,2,LYS376,1.0,0.0,0,1.0
156,3,GLU163,-1.0,0.0,0,-1.0
156,4,GLU342,-1.0,0.0,0,-1.0
156,5,HIS46,0.0,1.0,1,1.0
156,6,HIS326,1.0,0.0,1,0.0
156,7,LYS376,1.0,0.0,0,1.0
156,8,GLU411,-1.0,0.0,0,-1.0
156,9,HIS46,1.0,0.0,1,0.0
156,10,HIS86,0.0,1.0,1,1.0
157,1,ASP143,-1.0,0.0,0,-1.0
157,2,HIS414,0.0,1.0,1,1.0
157,3,HIS453,1.0,0.0,1,0.0
157,4,GLU142,-1.0,0.0,0,-1.0
157,5,ASP423,-1.0,0.0,0,-1.0
157,6,GLU163,-1.0,0.0,0,-1.0
157,7,ASP81,-1.0,0.0,0,-1.0
157,8,GLU171,-1.0,0.0,0,-1.0
157,9,LYS148,1.0,0.0,0,1.0
157,10,GLU331,-1.0,0.0,0,-1.0
158,1,ASP81,-1.0,0.0,0,-1.0
158,2,LYS388,1.0,0.0,0,1.0
158,3,HIS414,1.0,0.0,1,0.0
158,4,HIS6,0.0,1.0,1,1.0
158,5,HIS126,0.0,1.0,1,1.0
158,6,TYR410,0.0,-1.0,0,0.0
158,7,TYR290,0.0,-1.0,0,0.0
158,8,LYS336,1.0,0.0,0,1.0
158,9,ASP81,-1.0,0.0,0,-1.0
158,10,HIS334,1.0,0.0,1,0.0
159,1,ASP447,-1.0,0.0,0,-1.0
159,2,GLU91,-1.0,0.0,0,-1.0
159,3,LYS268,1.0,0.0,0,1.0
159,4,GLU222,-1.0,0.0,0,-1.0
159,5,ARG205,1.0,0.0,0,1.0
159,6,ASP441,-1.0,0.0,0,-1.0
159,7,LYS376,1.0,0.0,0,1.0
159,8,ASP367,-1.0,0.0,0,-1.0
159,9,HIS6,1.0,0.0,1,0.0
159,10,HIS54,1.0,0.0,1,0.0
160,1,GLU251,-1.0,0.0,0,-1.0
160,2,GLU382,-1.0,0.0,0,-1.0
160,3,GLU163,-1.0,0.0,0,-1.0
160,4,HIS134,0.0,1.0,0,0.0
160,5,ASP127,-1.0,0.0,0,-1.0
160,6,ASP127,-1.0,0.0,0,-1.0
160,7,GLU123,-1.0,0.0,0,-1.0
160,8,ASP343,-1.0,0.0,0,-1.0
160,9,ASP241,-1.0,0.0,0,-1.0
160,10,HIS166,0.0,1.0,1,1.0
161,1,ASP201,-1.0,0.0,0,-1.0
161,2,GLU123,-1.0,0.0,0,-1.0
161,3,ARG445,1.0,0.0,0,1.0
161,4,GLU123,-1.0,0.0,0,-1.0
161,5,LYS388,1.0,0.0,0,1.0
161,6,TYR210,0.0,-1.0,0,0.0
161,7,ARG325,1.0,0.0,0,1.0
161,8,GLU363,-1.0,0.0,0,-1.0
161,9,ASP127,-1.0,0.0,0,-1.0
161,10,ASP441,-1.0,0.0,0,-1.0
162,1,GLU11,-1.0,0.0,0,-1.0
162,2,HIS374,1.0,0.0,1,0.0
162,3,TYR450,0.0,-1.0,0,0.0
162,4,HIS413,1.0,0.0,1,0.0
162,5,GLU222,-1.0,0.0,0,-1.0
162,6,ASP343,-1.0,0.0,0,-1.0
162,7,GLU43,-1.0,0.0,0,-1.0
162,8,ASP87,-1.0,0.0,0,-1.0
162,9,LYS456,1.0,0.0,0,1.0
162,10,HIS366,0.0,1.0,0,0.0
163,1,LYS108,1.0,0.0,0,1.0
163,2,ARG285,1.0,0.0,0,1.0
163,3,HIS413,0.0,1.0,0,0.0
163,4,TYR410,0.0,-1.0,0,0.0
163,5,LYS376,1.0,0.0,0,1.0
163,6,ASP23,-1.0,0.0,0,-1.0
163,7,ASP287,-1.0,0.0,0,-1.0
163,8,LYS376,1.0,0.0,0,1.0
163,9,LYS468,1.0,0.0,0,1.0
163,10,HIS13,0.0,1.0,1,1.0
164,1,TYR290,0.0,-1.0,0,0.0
164,2,TYR250,0.0,-1.0,0,0.0
164,3,GLU451,-1.0,0.0,0,-1.0
164,4,TYR330,0.0,-1.0,0,0.0
164,5,HIS374,0.0,1.0,0,0.0
164,6,TYR410,0.0,-1.0,0,0.0
164,7,GLU363,-1.0,0.0,0,-1.0
164,8,HIS46,0.0,1.0,1,1.0
164,9,LYS228,1.0,0.0,0,1.0
164,10,LYS468,1.0,0.0,0,1.0
165,1,LYS336,1.0,0.0,0,1.0
165,2,TYR410,0.0,-1.0,0,0.0
165,3,LYS68,1.0,0.0,0,1.0
165,4,HIS413,0.0,1.0,1,1.0
165,5,LYS268,1.0,0.0,0,1.0
165,6,LYS468,1.0,0.0,0,1.0
165,7,ASP321,-1.0,0.0,0,-1.0
165,8,ASP367,-1.0,0.0,0,-1.0
165,9,TYR10,0.0,-1.0,0,0.0
165,10,LYS228,1.0,0.0,0,1.0
166,1,LYS68,1.0,0.0,0,1.0
166,2,HIS334,0.0,1.0,1,1.0
166,3,ASP23,-1.0,0.0,0,-1.0
166,4,ASP423,-1.0,0.0,0,-1.0
166,5,HIS326,0.0,1.0,0,0.0
166,6,GLU11,-1.0,0.0,0,-1.0
166,7,GLU403,-1.0,0.0,0,-1.0
166,8,GLU91,-1.0,0.0,0,-1.0
166,9,GLU102,-1.0,0.0,0,-1.0
166,10,LYS456,1.0,0.0,0,1.0
167,1,TYR370,0.0,-1.0,0,0.0
167,2,HIS374,0.0,1.0,0,0.0
167,3,HIS414,0.0,1.0,0,0.0
167,4,ASP63,-1.0,0.0,0,-1.0
167,5,ASP441,-1.0,0.0,0,-1.0
167,6,GLU411,-1.0,0.0,0,-1.0
167,7,HIS166,1.0,0.0,1,0.0
167,8,TYR250,0.0,-1.0,0,0.0
167,9,HIS293,1.0,0.0,1,0.0
167,10,ASP201,-1.0,0.0,0,-1.0
168,1,ASP361,-1.0,0.0,0,-1.0
168,2,ASP287,-1.0,0.0,0,-1.0
168,3,GLU342,-1.0,0.0,0,-1.0
168,4,GLU243,-1.0,0.0,0,-1.0
168,5,TYR290,0.0,-1.0,0,0.0
168,6,HIS173,0.0,1.0,0,0.0
168,7,TYR250,0.0,-1.0,0,0.0
168,8,GLU291,-1.0,0.0,0,-1.0
168,9,ARG445,1.0,0.0,0,1.0
168,10,ARG445,1.0,0.0,0,1.0
169,1,ARG325,1.0,0.0,0,1.0
169,2,GLU203,-1.0,0.0,0,-1.0
169,3,HIS213,1.0,0.0,1,0.0
169,4,GLU123,-1.0,0.0,0,-1.0
169,5,TYR10,0.0,-1.0,0,0.0
169,6,LYS228,1.0,0.0,0,1.0
169,7,ASP143,-1.0,0.0,0,-1.0
169,8,ASP303,-1.0,0.0,0,-1.0
169,9,GLU91,-1.0,0.0,0,-1.0
169,10,GLU83,-1.0,0.0,0,-1.0
170,1,HIS293,0.0,1.0,1,1.0
170,2,ASP183,-1.0,0.0,0,-1.0
170,3,LYS108,1.0,0.0,0,1.0
170,4,GLU443,-1.0,0.0,0,-1.0
170,5,HIS54,0.0,1.0,0,0.0
170,6,GLU462,-1.0,0.0,0,-1.0
170,7,HIS453,0.0,1.0,1,1.0
170,8,ASP321,-1.0,0.0,0,-1.0
170,9,ARG45,1.0,0.0,0,1.0
170,10,LYS56,1.0,0.0,0,1.0
171,1,LYS176,1.0,0.0,0,1.0
171,2,HIS453,1.0,0.0,1,0.0
171,3,ASP463,-1.0,0.0,0,-1.0
171,4,HIS214,0.0,1.0,0,0.0
171,5,ARG445,1.0,0.0,0,1.0
171,6,ASP201,-1.0,0.0,0,-1.0
171,7,ASP121,-1.0,0.0,0,-1.0
171,8,LYS16,1.0,0.0,0,1.0
171,9,LYS268,1.0,0.0,0,1.0
171,10,GLU62,-1.0,0.0,0,-1.0
172,1,LYS68,1.0,0.0,0,1.0
172,2,HIS94,0.0,1.0,0,0.0
172,3,GLU123,-1.0,0.0,0,-1.0
172,4,HIS126,1.0,0.0,1,0.0
172,5,ASP281,-1.0,0.0,0,-1.0
172,6,GLU422,-1.0,0.0,0,-1.0
172,7,GLU251,-1.0,0.0,0,-1.0
172,8,GLU323,-1.0,0.0,0,-1.0
172,9,ARG165,1.0,0.0,0,1.0
172,10,ASP167,-1.0,0.0,0,-1.0
173,1,GLU102,-1.0,0.0,0,-1.0
173,2,HIS286,1.0,0.0,0,1.0
173,3,LYS336,1.0,0.0,0,1.0
173,4,ASP161,-1.0,0.0,0,-1.0
173,5,ASP23,-1.0,0.0,0,-1.0
173,6,LYS428,1.0,0.0,0,1.0
173,7,HIS174,0.0,1.0,0,0.0
173,8,GLU291,-1.0,0.0,0,-1.0
173,9,GLU182,-1.0,0.0,0,-1.0
173,10,ASP303,-1.0,0.0,0,-1.0
174,1,ASP327,-1.0,0.0,0,-1.0
174,2,ASP121,-1.0,0.0,0,-1.0
174,3,GLU283,-1.0,0.0,0,-1.0
174,4,GLU83,-1.0,0.0,0,-1.0
174,5,HIS46,1.0,0.0,1,0.0
174,6,GLU11,-1.0,0.0,0,-1.0
174,7,GLU283,-1.0,0.0,0,-1.0
174,8,GLU171,-1.0,0.0,0,-1.0
174,9,HIS326,0.0,1.0,1,1.0
174,10,ASP161,-1.0,0.0,0,-1.0
175,1,GLU422,-1.0,0.0,0,-1.0
175,2,ASP401,-1.0,0.0,0,-1.0
175,3,GLU363,-1.0,0.0,0,-1.0
175,4,ASP63,-1.0,0.0,0,-1.0
175,5,ARG205,1.0,0.0,0,1.0
175,6,GLU203,-1.0,0.0,0,-1.0
175,7,TYR170,0.0,-1.0,0,0.0
175,8,ASP7,-1.0,0.0,0,-1.0
175,9,ASP241,-1.0,0.0,0,-1.0
175,10,ASP407,-1.0,0.0,0,-1.0
176,1,HIS286,1.0,0.0,1,0.0
176,2,TYR330,0.0,-1.0,0,0.0
176,3,TYR450,0.0,-1.0,0,0.0
176,4,HIS253,1.0,0.0,1,0.0
176,5,TYR250,0.0,-1.0,0,0.0
176,6,TYR410,0.0,-1.0,0,0.0
176,7,HIS334,1.0,0.0,1,0.0
176,8,ASP321,-1.0,0.0,0,-1.0
176,9,HIS254,0.0,1.0,0,0.0
176,10,HIS14,1.0,0.0,1,0.0
177,1,ARG165,1.0,0.0,0,1.0
177,2,HIS446,1.0,0.0,1,0.0
177,3,ASP87,-1.0,0.0,0,-1.0
177,4,ASP241,-1.0,0.0,0,-1.0
177,5,TYR330,0.0,-1.0,0,0.0
177,6,GLU203,-1.0,0.0,0,-1.0
177,7,TYR450,0.0,-1.0,0,0.0
177,8,LYS296,1.0,0.0,0,1.0
177,9,HIS134,0.0,1.0,1,1.0
177,10,LYS428,1.0,0.0,0,1.0
178,1,GLU403,-1.0,0.0,0,-1.0
178,2,HIS366,0.0,1.0,1,1.0
178,3,GLU283,-1.0,0.0,0,-1.0
178,4,ASP327,-1.0,0.0,0,-1.0
178,5,ASP407,-1.0,0.0,0,-1.0
178,6,ARG285,1.0,0.0,0,1.0
178,7,ARG165,1.0,0.0,0,1.0
178,8,TYR10,0.0,-1.0,0,0.0
178,9,GLU371,-1.0,0.0,0,-1.0
178,10,HIS414,0.0,1.0,0,0.0
179,1,ASP201,-1.0,0.0,0,-1.0
179,2,TYR330,0.0,-1.0,0,0.0
179,3,LYS68,1.0,0.0,0,1.0
179,4,ASP63,-1.0,0.0,0,-1.0
179,5,ASP441,-1.0,0.0,0,-1.0
179,6,ASP241,-1.0,0.0,0,-1.0
179,7,HIS333,0.0,1.0,1,1.0
179,8,LYS216,1.0,0.0,0,1.0
179,9,GLU163,-1.0,0.0,0,-1.0
179,10,ARG205,1.0,0.0,0,1.0
180,1,GLU142,-1.0,0.0,0,-1.0
180,2,HIS254,0.0,1.0,1,1.0
180,3,GLU262,-1.0,0.0,0,-1.0
180,4,HIS93,0.0,1.0,1,1.0
180,5,TYR90,0.0,-1.0,0,0.0
180,6,ARG165,1.0,0.0,0,1.0
180,7,HIS446,0.0,1.0,1,1.0
180,8,LYS28,1.0,0.0,0,1.0
180,9,LYS216,1.0,0.0,0,1.0
180,10,GLU51,-1.0,0.0,0,-1.0
181,1,HIS6,0.0,1.0,1,1.0
181,2,LYS176,1.0,0.0,0,1.0
181,3,HIS94,0.0,1.0,0,0.0
181,4,GLU91,-1.0,0.0,0,-1.0
181,5,HIS46,0.0,1.0,1,1.0
181,6,TYR50,0.0,-1.0,0,0.0
181,7,GLU342,-1.0,0.0,0,-1.0
181,8,HIS213,0.0,1.0,0,0.0
181,9,ARG445,1.0,0.0,0,1.0
181,10,ASP241,-1.0,0.0,0,-1.0
182,1,GLU251,-1.0,0.0,0,-1.0
182,2,GLU382,-1.0,0.0,0,-1.0
182,3,ASP127,-1.0,0.0,0,-1.0
182,4,HIS214,0.0,1.0,0,0.0
182,5,TYR370,0.0,-1.0,0,0.0
182,6,GLU62,-1.0,0.0,0,-1.0
182,7,GLU11,-1.0,0.0,0,-1.0
182,8,LYS188,1.0,0.0,0,1.0
182,9,GLU243,-1.0,0.0,0,-1.0
182,10,GLU43,-1.0,0.0,0,-1.0
183,1,GLU3,-1.0,0.0,0,-1.0
183,2,ASP423,-1.0,0.0,0,-1.0
183,3,ASP423,-1.0,0.0,0,-1.0
183,4,HIS294,0.0,1.0,1,1.0
183,5,ASP167,-1.0,0.0,0,-1.0
183,6,GLU91,-1.0,0.0,0,-1.0
183,7,ASP407,-1.0,0.0,0,-1.0
183,8,LYS216,1.0,0.0,0,1.0
183,9,GLU131,-1.0,0.0,0,-1.0
183,10,HIS333,1.0,0.0,1,0.0
184,1,HIS14,0.0,1.0,0,0.0
184,2,LYS416,1.0,0.0,0,1.0
184,3,TYR290,0.0,-1.0,0,0.0
184,4,TYR450,0.0,-1.0,0,0.0
184,5,GLU342,-1.0,0.0,0,-1.0
184,6,GLU342,-1.0,0.0,0,-1.0
184,7,TYR410,0.0,-1.0,0,0.0
184,8,HIS214,0.0,1.0,1,1.0
184,9,ASP47,-1.0,0.0,0,-1.0
184,10,ASP167,-1.0,0.0,0,-1.0
185,1,TYR330,0.0,-1.0,0,0.0
185,2,LYS188,1.0,0.0,0,1.0
185,3,HIS173,0.0,1.0,1,1.0
185,4,LYS176,1.0,0.0,0,1.0
185,5,HIS454,0.0,1.0,1,1.0
185,6,ARG365,1.0,0.0,0,1.0
185,7,GLU363,-1.0,0.0,0,-1.0
185,8,ARG165,1.0,0.0,0,1.0
185,9,HIS206,1.0,0.0,1,0.0
185,10,HIS446,1.0,0.0,1,0.0
186,1,TYR450,0.0,-1.0,0,0.0
186,2,LYS308,1.0,0.0,0,1.0
186,3,HIS166,0.0,1.0,0,0.0
186,4,LYS136,1.0,0.0,0,1.0
186,5,LYS456,1.0,0.0,0,1.0
186,6,GLU251,-1.0,0.0,0,-1.0
186,7,ASP463,-1.0,0.0,0,-1.0
186,8,ASP41,-1.0,0.0,0,-1.0
186,9,GLU91,-1.0,0.0,0,-1.0
186,10,GLU411,-1.0,0.0,0,-1.0
187,1,ASP207,-1.0,0.0,0,-1.0
187,2,HIS206,0.0,1.0,1,1.0
187,3,GLU302,-1.0,0.0,0,-1.0
187,4,ASP247,-1.0,0.0,0,-1.0
187,5,TYR130,0.0,-1.0,0,0.0
187,6,ASP121,-1.0,0.0,0,-1.0
187,7,ASP407,-1.0,0.0,0,-1.0
187,8,ASP321,-1.0,0.0,0,-1.0
187,9,LYS216,1.0,0.0,0,1.0
187,10,ASP103,-1.0,0.0,0,-1.0
188,1,ARG5,1.0,0.0,0,1.0
188,2,HIS133,0.0,1.0,0,0.0
188,3,GLU163,-1.0,0.0,0,-1.0
188,4,GLU51,-1.0,0.0,0,-1.0
188,5,GLU51,-1.0,0.0,0,-1.0
188,6,ARG125,1.0,0.0,0,1.0
188,7,ARG125,1.0,0.0,0,1.0
188,8,LYS388,1.0,0.0,0,1.0
188,9,TYR50,0.0,-1.0,0,0.0
188,10,GLU342,-1.0,0.0,0,-1.0
189,1,GLU342,-1.0,0.0,1,0.0
189,2,ASP161,-1.0,0.0,0,-1.0
189,3,HIS246,0.0,1.0,1,1.0
189,4,HIS254,1.0,0.0,1,0.0
189,5,GLU422,-1.0,0.0,0,-1.0
189,6,HIS134,1.0,0.0,1,0.0
189,7,GLU142,-1.0,0.0,0,-1.0
189,8,HIS174,0.0,1.0,0,0.0
189,9,LYS268,1.0,0.0,0,1.0
189,10,LYS228,1.0,0.0,0,1.0
190,1,LYS456,1.0,0.0,0,1.0
190,2,ASP207,-1.0,0.0,0,-1.0
190,3,LYS228,1.0,0.0,0,1.0
190,4,GLU262,-1.0,0.0,0,-1.0
190,5,TYR130,0.0,-1.0,0,0.0
190,6,LYS68,1.0,0.0,0,1.0
190,7,HIS174,0.0,1.0,0,0.0
190,8,ASP383,-1.0,0.0,0,-1.0
190,9,GLU51,-1.0,0.0,0,-1.0
190,10,ARG85,1.0,0.0,0,1.0
191,1,TYR290,0.0,-1.0,0,0.0
191,2,GLU171,-1.0,0.0,0,-1.0
191,3,ARG45,1.0,0.0,0,1.0
191,4,ASP87,-1.0,0.0,0,-1.0
191,5,ASP81,-1.0,0.0,0,-1.0
191,6,GLU403,-1.0,0.0,0,-1.0
191,7,HIS366,1.0,0.0,1,0.0
191,8,ASP161,-1.0,0.0,0,-1.0
191,9,HIS206,1.0,0.0,1,0.0
191,10,HIS334,0.0,1.0,0,0.0
192,1,LYS188,1.0,0.0,0,1.0
192,2,TYR130,0.0,-1.0,0,0.0
192,3,HIS54,0.0,1.0,0,0.0
192,4,ASP127,-1.0,0.0,0,-1.0
192,5,HIS254,0.0,1.0,1,1.0
192,6,GLU251,-1.0,0.0,0,-1.0
192,7,ASP1,-1.0,0.0,0,-1.0
192,8,HIS173,1.0,0.0,1,0.0
192,9,GLU203,-1.0,0.0,0,-1.0
192,10,TYR10,0.0,-1.0,0,0.0
193,1,ASP1,-1.0,0.0,0,-1.0
193,2,HIS166,0.0,1.0,1,1.0
193,3,HIS93,1.0,0.0,1,0.0
193,4,TYR90,0.0,-1.0,0,0.0
193,5,HIS294,1.0,0.0,1,0.0
193,6,ASP201,-1.0,0.0,0,-1.0
193,7,ASP447,-1.0,0.0,0,-1.0
193,8,HIS166,1.0,0.0,1,0.0
193,9,ASP423,-1.0,0.0,0,-1.0
193,10,LYS308,1.0,0.0,0,1.0
194,1,ASP423,-1.0,0.0,0,-1.0
194,2,GLU102,-1.0,0.0,0,-1.0
194,3,LYS228,1.0,0.0,0,1.0
194,4,LYS136,1.0,0.0,0,1.0
194,5,LYS268,1.0,0.0,0,1.0
194,6,HIS174,0.0,1.0,1,1.0
194,7,HIS6,1.0,0.0,0,1.0
194,8,ASP207,-1.0,0.0,0,-1.0
194,9,HIS374,0.0,1.0,1,1.0
194,10,LYS296,1.0,0.0,0,1.0
195,1,ASP143,-1.0,0.0,0,-1.0
195,2,ASP343,-1.0,0.0,0,-1.0
195,3,LYS68,1.0,0.0,0,1.0
195,4,HIS206,0.0,1.0,1,1.0
195,5,HIS246,1.0,0.0,1,0.0
195,6,GLU251,-1.0,0.0,0,-1.0
195,7,LYS16,1.0,0.0,0,1.0
195,8,GLU123,-1.0,0.0,0,-1.0
195,9,GLU43,-1.0,0.0,0,-1.0
195,10,LYS296,1.0,0.0,0,1.0
196,1,ARG245,1.0,0.0,0,1.0
196,2,HIS454,1.0,0.0,1,0.0
196,3,ARG325,1.0,0.0,0,1.0
196,4,ASP287,-1.0,0.0,0,-1.0
196,5,ASP103,-1.0,0.0,0,-1.0
196,6,GLU3,-1.0,0.0,0,-1.0
196,7,HIS366,0.0,1.0,1,1.0
196,8,GLU203,-1.0,0.0,0,-1.0
196,9,LYS296,1.0,0.0,0,1.0
196,10,GLU323,-1.0,0.0,0,-1.0
197,1,GLU283,-1.0,0.0,0,-1.0
197,2,GLU11,-1.0,0.0,0,-1.0
197,3,GLU382,-1.0,0.0,0,-1.0
197,4,ASP463,-1.0,0.0,0,-1.0
197,5,LYS256,1.0,0.0,0,1.0
197,6,GLU83,-1.0,0.0,0,-1.0
197,7,LYS108,1.0,0.0,0,1.0
197,8,HIS6,1.0,0.0,1,0.0
197,9,HIS214,1.0,0.0,1,0.0
197,10,TYR10,0.0,-1.0,0,0.0
198,1,ASP303,-1.0,0.0,0,-1.0
198,2,TYR90,0.0,-1.0,0,0.0
198,3,ASP383,-1.0,0.0,0,-1.0
198,4,GLU123,-1.0,0.0,0,-1.0
198,5,GLU382,-1.0,0.0,0,-1.0
198,6,ASP183,-1.0,0.0,0,-1.0
198,7,ASP121,-1.0,0.0,0,-1.0
198,8,ASP47,-1.0,0.0,0,-1.0
198,9,GLU302,-1.0,0.0,0,-1.0
198,10,HIS213,0.0,1.0,1,1.0
199,1,TYR450,0.0,-1.0,0,0.0
199,2,ASP103,-1.0,0.0,0,-1.0
199,3,ASP287,-1.0,0.0,0,-1.0
199,4,HIS134,0.0,1.0,0,0.0
199,5,TYR170,0.0,-1.0,0,0.0
199,6,GLU91,-1.0,0.0,0,-1.0
199,7,LYS96,1.0,0.0,0,1.0
199,8,ASP47,-1.0,0.0,0,-1.0
199,9,GLU203,-1.0,0.0,0,-1.0
199,10,GLU11,-1.0,0.0,0,-1.0
200,1,HIS134,0.0,1.0,1,1.0
200,2,ASP303,-1.0,0.0,0,-1.0
200,3,GLU163,-1.0,0.0,0,-1.0
200,4,HIS286,0.0,1.0,1,1.0
200,5,HIS93,0.0,1.0,0,0.0
200,6,ASP121,-1.0,0.0,0,-1.0
200,7,TYR130,0.0,-1.0,0,0.0
200,8,GLU182,-1.0,0.0,0,-1.0
200,9,ASP303,-1.0,0.0,0,-1.0
200,10,HIS213,1.0,0.0,1,0.0
201,1,GLU102,-1.0,0.0,0,-1.0
201,2,LYS256,1.0,0.0,0,1.0
201,3,ASP127,-1.0,0.0,0,-1.0
201,4,ASP47,-1.0,0.0,0,-1.0
201,5,TYR210,0.0,-1.0,0,0.0
201,6,ASP463,-1.0,0.0,0,-1.0
201,7,HIS413,1.0,0.0,1,0.0
201,8,ASP207,-1.0,0.0,0,-1.0
201,9,HIS414,0.0,1.0,0,0.0
201,10,GLU3,-1.0,0.0,0,-1.0
202,1,HIS366,1.0,0.0,1,0.0
202,2,LYS96,1.0,0.0,0,1.0
202,3,GLU43,-1.0,0.0,0,-1.0
202,4,ARG245,1.0,0.0,0,1.0
202,5,ARG245,1.0,0.0,0,1.0
202,6,TYR450,0.0,-1.0,0,0.0
202,7,LYS136,1.0,0.0,0,1.0
202,8,ASP281,-1.0,0.0,0,-1.0
202,9,ASP121,-1.0,0.0,0,-1.0
202,10,GLU182,-1.0,0.0,0,-1.0
203,1,ARG405,1.0,0.0,0,1.0
203,2,HIS374,1.0,0.0,1,0.0
203,3,HIS214,0.0,1.0,1,1.0
203,4,HIS253,0.0,1.0,1,1.0
203,5,ASP247,-1.0,0.0,0,-1.0
203,6,GLU262,-1.0,0.0,0,-1.0
203,7,TYR290,0.0,-1.0,0,0.0
203,8,LYS336,1.0,0.0,0,1.0
203,9,HIS374,0.0,1.0,1,1.0
203,10,GLU371,-1.0,0.0,0,-1.0
204,1,TYR290,0.0,-1.0,0,0.0
204,2,ASP87,-1.0,0.0,0,-1.0
204,3,LYS16,1.0,0.0,0,1.0
204,4,ASP303,-1.0,0.0,0,-1.0
204,5,GLU462,-1.0,0.0,0,-1.0
204,6,TYR170,0.0,-1.0,0,0.0
204,7,HIS126,0.0,1.0,0,0.0
204,8,HIS374,1.0,0.0,1,0.0
204,9,GLU3,-1.0,0.0,0,-1.0
204,10,LYS148,1.0,0.0,0,1.0
205,1,GLU422,-1.0,0.0,0,-1.0
205,2,ASP127,-1.0,0.0,0,-1.0
205,3,LYS188,1.0,0.0,0,1.0
205,4,LYS348,1.0,0.0,0,1.0
205,5,HIS334,0.0,1.0,0,0.0
205,6,ASP103,-1.0,0.0,0,-1.0
205,7,HIS213,0.0,1.0,1,1.0
205,8,GLU171,-1.0,0.0,0,-1.0
205,9,LYS268,1.0,0.0,0,1.0
205,10,LYS108,1.0,0.0,0,1.0
206,1,ASP463,-1.0,0.0,0,-1.0
206,2,HIS254,1.0,0.0,1,0.0
206,3,GLU283,-1.0,0.0,0,-1.0
206,4,HIS446,0.0,1.0,1,1.0
206,5,GLU243,-1.0,0.0,0,-1.0
206,6,LYS428,1.0,0.0,0,1.0
206,7,HIS406,1.0,0.0,1,0.0
206,8,TYR210,0.0,-1.0,0,0.0
206,9,TYR370,0.0,-1.0,0,0.0
206,10,ARG445,1.0,0.0,0,1.0
207,1,ARG405,1.0,0.0,0,1.0
207,2,ASP241,-1.0,0.0,0,-1.0
207,3,HIS413,0.0,1.0,1,1.0
207,4,HIS14,0.0,1.0,1,1.0
207,5,GLU51,-1.0,0.0,0,-1.0
207,6,LYS16,1.0,0.0,0,1.0
207,7,LYS468,1.0,0.0,0,1.0
207,8,LYS56,1.0,0.0,0,1.0
207,9,TYR130,0.0,-1.0,0,0.0
207,10,LYS228,1.0,0.0,0,1.0
208,1,HIS293,1.0,0.0,1,0.0
208,2,ARG445,1.0,0.0,0,1.0
208,3,HIS53,0.0,1.0,0,0.0
208,4,HIS413,1.0,0.0,1,0.0
208,5,ASP447,-1.0,0.0,0,-1.0
208,6,GLU331,-1.0,0.0,0,-1.0
208,7,HIS334,0.0,1.0,0,0.0
208,8,GLU171,-1.0,0.0,0,-1.0
208,9,GLU451,-1.0,0.0,0,-1.0
208,10,HIS286,1.0,0.0,1,0.0
209,1,GLU323,-1.0,0.0,0,-1.0
209,2,GLU203,-1.0,0.0,0,-1.0
209,3,LYS56,1.0,0.0,0,1.0
209,4,GLU22,-1.0,0.0,0,-1.0
209,5,LYS136,1.0,0.0,0,1.0
209,6,GLU251,-1.0,0.0,0,-1.0
209,7,HIS126,0.0,1.0,1,1.0
209,8,LYS68,1.0,0.0,0,1.0
209,9,ASP23,-1.0,0.0,0,-1.0
209,10,ARG5,1.0,0.0,0,1.0
210,1,HIS206,1.0,0.0,1,0.0
210,2,ASP327,-1.0,0.0,0,-1.0
210,3,ASP87,-1.0,0.0,0,-1.0
210,4,HIS86,1.0,0.0,1,0.0
210,5,GLU123,-1.0,0.0,0,-1.0
210,6,HIS46,1.0,0.0,1,0.0
210,7,ASP241,-1.0,0.0,0,-1.0
210,8,LYS136,1.0,0.0,0,1.0
210,9,ASP207,-1.0,0.0,0,-1.0
210,10,HIS286,0.0,1.0,1,1.0
211,1,GLU291,-1.0,0.0,0,-1.0
211,2,HIS293,0.0,1.0,0,0.0
211,3,ARG85,1.0,0.0,0,1.0
211,4,HIS86,0.0,1.0,1,1.0
211,5,LYS148,1.0,0.0,0,1.0
211,6,GLU323,-1.0,0.0,0,-1.0
211,7,LYS228,1.0,0.0,0,1.0
211,8,HIS366,0.0,1.0,1,1.0
211,9,GLU211,-1.0,0.0,0,-1.0
211,10,GLU203,-1.0,0.0,0,-1.0
212,1,ASP167,-1.0,0.0,0,-1.0
212,2,ASP183,-1.0,0.0,0,-1.0
212,3,GLU363,-1.0,0.0,0,-1.0
212,4,GLU163,-1.0,0.0,0,-1.0
212,5,GLU363,-1.0,0.0,0,-1.0
212,6,HIS214,1.0,0.0,1,0.0
212,7,GLU403,-1.0,0.0,0,-1.0
212,8,GLU91,-1.0,0.0,0,-1.0
212,9,HIS414,0.0,1.0,0,0.0
212,10,HIS453,0.0,1.0,1,1.0
213,1,LYS456,1.0,0.0,0,1.0
213,2,ASP143,-1.0,0.0,0,-1.0
213,3,GLU283,-1.0,0.0,0,-1.0
213,4,HIS13,1.0,0.0,1,0.0
213,5,HIS414,0.0,1.0,1,1.0
213,6,ASP207,-1.0,0.0,0,-1.0
213,7,LYS96,1.0,0.0,0,1.0
213,8,GLU403,-1.0,0.0,0,-1.0
213,9,HIS93,0.0,1.0,1,1.0
213,10,LYS28,1.0,0.0,0,1.0
214,1,HIS366,1.0,0.0,1,0.0
214,2,ARG365,1.0,0.0,0,1.0
214,3,GLU251,-1.0,0.0,0,-1.0
214,4,GLU451,-1.0,0.0,0,-1.0
214,5,HIS373,1.0,0.0,1,0.0
214,6,ASP241,-1.0,0.0,0,-1.0
214,7,LYS28,1.0,0.0,0,1.0
214,8,HIS286,1.0,0.0,1,0.0
214,9,GLU142,-1.0,0.0,0,-1.0
214,10,LYS428,1.0,0.0,0,1.0
215,1,GLU11,-1.0,0.0,0,-1.0
215,2,ARG165,1.0,0.0,0,1.0
215,3,GLU342,0.0,-1.0,1,-1.0
215,4,HIS246,0.0,1.0,0,0.0
215,5,ASP207,-1.0,0.0,0,-1.0
215,6,GLU91,-1.0,0.0,0,-1.0
215,7,HIS133,0.0,1.0,0,0.0
215,8,HIS414,1.0,0.0,1,0.0
215,9,HIS46,0.0,1.0,1,1.0
215,10,LYS336,1.0,0.0,0,1.0
216,1,ARG365,1.0,0.0,0,1.0
216,2,GLU342,-1.0,0.0,0,-1.0
216,3,ASP127,-1.0,0.0,0,-1.0
216,4,ASP63,-1.0,0.0,0,-1.0
216,5,ARG125,1.0,0.0,0,1.0
216,6,GLU222,-1.0,0.0,0,-1.0
216,7,ASP441,-1.0,0.0,0,-1.0
216,8,HIS294,0.0,1.0,0,0.0
216,9,ASP321,-1.0,0.0,0,-1.0
216,10,ASP367,-1.0,0.0,0,-1.0
217,1,ARG365,1.0,0.0,0,1.0
217,2,ASP121,-1.0,0.0,0,-1.0
217,3,ARG445,1.0,0.0,0,1.0
217,4,HIS53,0.0,1.0,0,0.0
217,5,LYS416,1.0,0.0,0,1.0
217,6,ARG165,1.0,0.0,0,1.0
217,7,GLU211,-1.0,0.0,0,-1.0
217,8,ASP401,-1.0,0.0,0,-1.0
217,9,HIS454,0.0,1.0,0,0.0
217,10,LYS56,1.0,0.0,0,1.0
218,1,HIS166,0.0,1.0,0,0.0
218,2,LYS256,1.0,0.0,0,1.0
218,3,GLU331,-1.0,0.0,0,-1.0
218,4,ASP263,-1.0,0.0,0,-1.0
218,5,HIS366,0.0,1.0,0,0.0
218,6,TYR290,0.0,-1.0,0,0.0
218,7,ASP287,-1.0,0.0,0,-1.0
218,8,HIS213,1.0,0.0,1,0.0
218,9,ASP281,-1.0,0.0,0,-1.0
218,10,GLU102,-1.0,0.0,0,-1.0
219,1,ASP121,-1.0,0.0,0,-1.0
219,2,ASP63,-1.0,0.0,0,-1.0
219,3,HIS93,1.0,0.0,1,0.0
219,4,HIS174,1.0,0.0,1,0.0
219,5,GLU11,-1.0,0.0,0,-1.0
219,6,TYR290,0.0,-1.0,0,0.0
219,7,HIS173,0.0,1.0,0,0.0
219,8,TYR90,0.0,-1.0,0,0.0
219,9,GLU83,-1.0,0.0,0,-1.0
219,10,TYR50,0.0,-1.0,0,0.0
220,1,GLU331,-1.0,0.0,0,-1.0
220,2,HIS93,0.0,1.0,0,0.0
220,3,HIS246,0.0,1.0,0,0.0
220,4,HIS86,1.0,0.0,1,0.0
220,5,ARG5,1.0,0.0,0,1.0
220,6,HIS286,0.0,1.0,1,1.0
220,7,HIS86,0.0,1.0,1,1.0
220,8,TYR130,0.0,-1.0,0,0.0
220,9,HIS366,0.0,1.0,0,0.0
220,10,GLU451,-1.0,0.0,0,-1.0
221,1,HIS374,0.0,1.0,0,0.0
221,2,ARG85,1.0,0.0,0,1.0
221,3,GLU102,-1.0,0.0,0,-1.0
221,4,HIS6,0.0,1.0,1,1.0
221,5,ASP383,-1.0,0.0,0,-1.0
221,6,LYS96,1.0,0.0,0,1.0
221,7,GLU43,-1.0,0.0,0,-1.0
221,8,GLU211,-1.0,0.0,0,-1.0
221,9,ASP167,-1.0,0.0,0,-1.0
221,10,ASP7,-1.0,0.0,0,-1.0
222,1,TYR410,0.0,-1.0,0,0.0
222,2,LYS188,1.0,0.0,0,1.0
222,3,ASP361,-1.0,0.0,0,-1.0
222,4,GLU131,-1.0,0.0,0,-1.0
222,5,LYS428,1.0,0.0,0,1.0
222,6,GLU43,-1.0,0.0,0,-1.0
222,7,TYR170,0.0,-1.0,0,0.0
222,8,ARG125,1.0,0.0,0,1.0
222,9,ASP41,-1.0,0.0,0,-1.0
222,10,HIS374,0.0,1.0,0,0.0
223,1,HIS13,0.0,1.0,1,1.0
223,2,LYS456,1.0,0.0,0,1.0
223,3,HIS14,1.0,0.0,1,0.0
223,4,GLU371,-1.0,0.0,0,-1.0
223,5,GLU222,-1.0,0.0,0,-1.0
223,6,TYR250,0.0,-1.0,0,0.0
223,7,HIS254,0.0,1.0,0,0.0
223,8,ARG125,1.0,0.0,0,1.0
223,9,LYS456,1.0,0.0,0,1.0
223,10,HIS413,0.0,1.0,1,1.0
224,1,LYS456,1.0,0.0,0,1.0
224,2,ASP127,-1.0,0.0,0,-1.0
224,3,ASP241,-1.0,0.0,0,-1.0
224,4,ASP47,-1.0,0.0,0,-1.0
224,5,LYS176,1.0,0.0,0,1.0
224,6,LYS16,1.0,0.0,0,1.0
224,7,ARG365,1.0,0.0,0,1.0
224,8,TYR370,0.0,-1.0,0,0.0
224,9,GLU163,-1.0,0.0,0,-1.0
224,10,ASP441,-1.0,0.0,0,-1.0
225,1,LYS348,1.0,0.0,0,1.0
225,2,ASP143,-1.0,0.0,0,-1.0
225,3,ASP143,-1.0,0.0,0,-1.0
225,4,LYS296,1.0,0.0,0,1.0
225,5,GLU262,-1.0,0.0,0,-1.0
225,6,TYR450,0.0,-1.0,0,0.0
225,7,LYS468,1.0,0.0,0,1.0
225,8,HIS454,0.0,1.0,1,1.0
225,9,ASP441,-1.0,0.0,0,-1.0
225,10,HIS446,1.0,0.0,1,0.0
226,1,ARG245,1.0,0.0,0,1.0
226,2,GLU182,-1.0,0.0,0,-1.0
226,3,ARG445,1.0,0.0,0,1.0
226,4,ASP241,-1.0,0.0,0,-1.0
226,5,HIS326,1.0,0.0,1,0.0
226,6,ASP367,-1.0,0.0,0,-1.0
226,7,TYR130,0.0,-1.0,0,0.0
226,8,ASP463,-1.0,0.0,0,-1.0
226,9,ASP303,-1.0,0.0,0,-1.0
226,10,ASP281,-1.0,0.0,0,-1.0
227,1,HIS134,1.0,0.0,1,0.0
227,2,LYS428,1.0,0.0,0,1.0
227,3,LYS308,1.0,0.0,0,1.0
227,4,ASP23,-1.0,0.0,0,-1.0
227,5,LYS56,1.0,0.0,0,1.0
227,6,GLU102,-1.0,0.0,0,-1.0
227,7,GLU142,-1.0,0.0,0,-1.0
227,8,ASP441,-1.0,0.0,0,-1.0
227,9,ASP361,-1.0,0.0,0,-1.0
227,10,TYR10,0.0,-1.0,0,0.0
228,1,TYR250,0.0,-1.0,0,0.0
228,2,HIS333,0.0,1.0,1,1.0
228,3,TYR50,0.0,-1.0,0,0.0
228,4,HIS333,1.0,0.0,1,0.0
228,5,ASP207,-1.0,0.0,0,-1.0
228,6,ARG245,1.0,0.0,0,1.0
228,7,LYS348,1.0,0.0,0,1.0
228,8,HIS374,0.0,1.0,0,0.0
228,9,HIS246,0.0,1.0,0,0.0
228,10,ASP327,-1.0,0.0,0,-1.0
229,1,HIS453,1.0,0.0,1,0.0
229,2,TYR210,0.0,-1.0,0,0.0
229,3,HIS454,1.0,0.0,1,0.0
229,4,ARG285,1.0,0.0,0,1.0
229,5,HIS93,0.0,1.0,1,1.0
229,6,ASP87,-1.0,0.0,0,-1.0
229,7,ASP463,-1.0,0.0,0,-1.0
229,8,GLU163,-1.0,0.0,0,-1.0
229,9,ASP247,-1.0,0.0,0,-1.0
229,10,TYR370,0.0,-1.0,0,0.0
230,1,ASP47,-1.0,0.0,0,-1.0
230,2,ASP47,-1.0,0.0,0,-1.0
230,3,HIS134,0.0,1.0,1,1.0
230,4,GLU243,-1.0,0.0,0,-1.0
230,5,LYS308,1.0,0.0,0,1.0
230,6,GLU462,-1.0,0.0,0,-1.0
230,7,ASP143,-1.0,0.0,0,-1.0
230,8,HIS93,1.0,0.0,1,0.0
230,9,LYS96,1.0,0.0,0,1.0
230,10,ASP47,-1.0,0.0,0,-1.0
231,1,ASP287,-1.0,0.0,0,-1.0
231,2,ASP441,-1.0,0.0,0,-1.0
231,3,GLU382,-1.0,0.0,0,-1.0
231,4,ARG85,1.0,0.0,0,1.0
231,5,ASP423,-1.0,0.0,0,-1.0
231,6,GLU262,-1.0,0.0,0,-1.0
231,7,GLU462,-1.0,0.0,0,-1.0
231,8,GLU291,-1.0,0.0,0,-1.0
231,9,HIS414,0.0,1.0,1,1.0
231,10,HIS53,0.0,1.0,0,0.0
232,1,ASP367,-1.0,0.0,0,-1.0
232,2,HIS373,0.0,1.0,1,1.0
232,3,HIS333,0.0,1.0,1,1.0
232,4,ARG5,1.0,0.0,0,1.0
232,5,ASP207,-1.0,0.0,0,-1.0
232,6,LYS256,1.0,0.0,0,1.0
232,7,TYR170,0.0,-1.0,0,0.0
232,8,LYS388,1.0,0.0,0,1.0
232,9,HIS453,0.0,1.0,1,1.0
232,10,HIS374,0.0,1.0,0,0.0
233,1,ARG205,1.0,0.0,0,1.0
233,2,ASP23,-1.0,0.0,0,-1.0
233,3,LYS228,1.0,0.0,0,1.0
233,4,GLU22,-1.0,0.0,0,-1.0
233,5,ASP401,-1.0,0.0,0,-1.0
233,6,LYS228,1.0,0.0,0,1.0
233,7,GLU283,-1.0,0.0,0,-1.0
233,8,GLU243,-1.0,0.0,0,-1.0
233,9,LYS388,1.0,0.0,0,1.0
233,10,ASP367,-1.0,0.0,0,-1.0
234,1,ARG285,1.0,0.0,0,1.0
234,2,LYS388,1.0,0.0,0,1.0
234,3,TYR410,0.0,-1.0,0,0.0
234,4,LYS468,1.0,0.0,0,1.0
234,5,ASP161,-1.0,0.0,0,-1.0
234,6,HIS126,1.0,0.0,1,0.0
234,7,LYS176,1.0,0.0,0,1.0
234,8,GLU22,-1.0,0.0,0,-1.0
234,9,HIS286,1.0,0.0,0,1.0
234,10,HIS326,0.0,1.0,1,1.0
235,1,GLU211,-1.0,0.0,0,-1.0
235,2,GLU403,-1.0,0.0,0,-1.0
235,3,LYS228,1.0,0.0,0,1.0
235,4,HIS93,0.0,1.0,1,1.0
235,5,GLU403,-1.0,0.0,0,-1.0
235,6,GLU171,-1.0,0.0,0,-1.0
235,7,GLU403,-1.0,0.0,0,-1.0
235,8,ASP407,-1.0,0.0,0,-1.0
235,9,ARG445,1.0,0.0,0,1.0
235,10,TYR10,0.0,-1.0,0,0.0
236,1,LYS456,1.0,0.0,0,1.0
236,2,GLU222,-1.0,0.0,0,-1.0
236,3,LYS68,1.0,0.0,0,1.0
236,4,HIS406,0.0,1.0,1,1.0
236,5,LYS148,1.0,0.0,0,1.0
236,6,ASP207,-1.0,0.0,0,-1.0
236,7,HIS46,1.0,0.0,1,0.0
236,8,TYR210,0.0,-1.0,0,0.0
236,9,LYS16,1.0,0.0,0,1.0
236,10,LYS228,1.0,0.0,0,1.0
237,1,HIS93,1.0,0.0,1,0.0
237,2,LYS108,1.0,0.0,0,1.0
237,3,HIS294,0.0,1.0,1,1.0
237,4,GLU283,-1.0,0.0,0,-1.0
237,5,HIS406,1.0,0.0,1,0.0
237,6,ASP1,-1.0,0.0,0,-1.0
237,7,GLU331,-1.0,0.0,0,-1.0
237,8,ASP281,-1.0,0.0,0,-1.0
237,9,GLU262,-1.0,0.0,0,-1.0
237,10,HIS94,0.0,1.0,1,1.0
238,1,HIS213,0.0,1.0,1,1.0
238,2,HIS414,1.0,0.0,1,0.0
238,3,ARG325,1.0,0.0,0,1.0
238,4,ASP161,-1.0,0.0,0,-1.0
238,5,ASP143,-1.0,0.0,0,-1.0
238,6,HIS286,1.0,0.0,1,0.0
238,7,ASP81,-1.0,0.0,0,-1.0
238,8,LYS296,1.0,0.0,0,1.0
238,9,GLU443,-1.0,0.0,0,-1.0
238,10,GLU91,-1.0,0.0,0,-1.0
239,1,ASP167,-1.0,0.0,0,-1.0
239,2,GLU182,-1.0,0.0,0,-1.0
239,3,HIS133,0.0,1.0,1,1.0
239,4,ASP41,-1.0,0.0,0,-1.0
239,5,LYS28,1.0,0.0,0,1.0
239,6,ASP441,-1.0,0.0,0,-1.0
239,7,HIS53,0.0,1.0,0,0.0
239,8,HIS94,1.0,0.0,1,0.0
239,9,GLU11,-1.0,0.0,0,-1.0
239,10,ASP23,-1.0,0.0,0,-1.0
240,1,LYS428,1.0,0.0,0,1.0
240,2,ASP87,-1.0,0.0,0,-1.0
240,3,LYS428,1.0,0.0,0,1.0
240,4,LYS228,1.0,0.0,0,1.0
240,5,ASP7,-1.0,0.0,0,-1.0
240,6,LYS56,1.0,0.0,0,1.0
240,7,ARG445,1.0,0.0,0,1.0
240,8,LYS188,1.0,0.0,0,1.0
240,9,GLU363,-1.0,0.0,0,-1.0
240,10,ARG165,1.0,0.0,0,1.0
241,1,GLU291,-1.0,0.0,0,-1.0
241,2,LYS188,1.0,0.0,0,1.0
241,3,GLU222,-1.0,0.0,0,-1.0
241,4,LYS96,1.0,0.0,0,1.0
241,5,ARG405,1.0,0.0,0,1.0
241,6,GLU451,-1.0,0.0,0,-1.0
241,7,GLU182,-1.0,0.0,0,-1.0
241,8,TYR290,0.0,-1.0,0,0.0
241,9,LYS336,1.0,0.0,0,1.0
241,10,LYS388,1.0,0.0,0,1.0
242,1,ASP441,-1.0,0.0,0,-1.0
242,2,ASP441,-1.0,0.0,0,-1.0
242,3,ARG405,1.0,0.0,0,1.0
242,4,ASP303,-1.0,0.0,0,-1.0
242,5,GLU371,-1.0,0.0,0,-1.0
242,6,ASP161,-1.0,0.0,0,-1.0
242,7,HIS126,0.0,1.0,0,0.0
242,8,LYS228,1.0,0.0,0,1.0
242,9,ARG285,1.0,0.0,0,1.0
242,10,LYS456,1.0,0.0,0,1.0
243,1,GLU363,-1.0,0.0,0,-1.0
243,2,HIS246,0.0,1.0,1,1.0
243,3,GLU102,-1.0,0.0,0,-1.0
243,4,ARG365,1.0,0.0,0,1.0
243,5,HIS86,1.0,0.0,1,0.0
243,6,GLU443,-1.0,0.0,0,-1.0
243,7,LYS148,1.0,0.0,0,1.0
243,8,HIS94,0.0,1.0,1,1.0
243,9,HIS214,0.0,1.0,0,0.0
243,10,GLU11,-1.0,0.0,0,-1.0
244,1,ASP287,-1.0,0.0,0,-1.0
244,2,ASP407,-1.0,0.0,0,-1.0
244,3,GLU331,-1.0,0.0,0,-1.0
244,4,HIS246,1.0,0.0,1,0.0
244,5,HIS126,0.0,1.0,1,1.0
244,6,ASP287,-1.0,0.0,0,-1.0
244,7,GLU443,-1.0,0.0,0,-1.0
244,8,HIS373,1.0,0.0,1,0.0
244,9,GLU182,-1.0,0.0,0,-1.0
244,10,LYS56,1.0,0.0,0,1.0
245,1,GLU123,-1.0,0.0,0,-1.0
245,2,GLU262,-1.0,0.0,0,-1.0
245,3,GLU11,-1.0,0.0,0,-1.0
245,4,LYS256,1.0,0.0,0,1.0
245,5,ASP1,-1.0,0.0,0,-1.0
245,6,GLU382,-1.0,0.0,0,-1.0
245,7,GLU123,-1.0,0.0,0,-1.0
245,8,TYR250,0.0,-1.0,0,0.0
245,9,ASP367,-1.0,0.0,0,-1.0
245,10,GLU131,-1.0,0.0,0,-1.0
246,1,ASP241,-1.0,0.0,0,-1.0
246,2,HIS174,0.0,1.0,1,1.0
246,3,LYS96,1.0,0.0,0,1.0
246,4,LYS376,1.0,0.0,0,1.0
246,5,HIS214,0.0,1.0,1,1.0
246,6,LYS228,1.0,0.0,0,1.0
246,7,HIS374,0.0,1.0,1,1.0
246,8,GLU163,-1.0,0.0,0,-1.0
246,9,GLU83,-1.0,0.0,0,-1.0
246,10,TYR330,0.0,-1.0,0,0.0
247,1,GLU283,-1.0,0.0,0,-1.0
247,2,ASP127,-1.0,0.0,0,-1.0
247,3,TYR250,0.0,-1.0,0,0.0
247,4,GLU11,-1.0,0.0,0,-1.0
247,5,LYS68,1.0,0.0,0,1.0
247,6,ARG405,1.0,0.0,0,1.0
247,7,LYS188,1.0,0.0,0,1.0
247,8,LYS336,1.0,0.0,0,1.0
247,9,ASP367,-1.0,0.0,0,-1.0
247,10,HIS6,1.0,0.0,1,0.0
248,1,ARG165,1.0,0.0,0,1.0
248,2,TYR330,0.0,-1.0,0,0.0
248,3,GLU371,-1.0,0.0,0,-1.0
248,4,HIS293,0.0,1.0,0,0.0
248,5,GLU203,-1.0,0.0,0,-1.0
248,6,ASP207,-1.0,0.0,0,-1.0
248,7,TYR10,0.0,-1.0,0,0.0
248,8,ASP81,-1.0,0.0,0,-1.0
248,9,HIS54,0.0,1.0,1,1.0
248,10,GLU123,-1.0,0.0,0,-1.0
249,1,LYS96,1.0,0.0,0,1.0
249,2,LYS148,1.0,0.0,0,1.0
249,3,GLU62,-1.0,0.0,0,-1.0
249,4,GLU83,-1.0,0.0,0,-1.0
249,5,ASP103,-1.0,0.0,0,-1.0
249,6,GLU131,-1.0,0.0,0,-1.0
249,7,LYS468,1.0,0.0,0,1.0
249,8,LYS456,1.0,0.0,0,1.0
249,9,TYR290,0.0,-1.0,0,0.0
249,10,ASP281,-1.0,0.0,0,-1.0
250,1,HIS453,1.0,0.0,1,0.0
250,2,LYS136,1.0,0.0,0,1.0
250,3,GLU451,-1.0,0.0,0,-1.0
250,4,TYR10,0.0,-1.0,0,0.0
250,5,LYS416,1.0,0.0,0,1.0
250,6,LYS296,1.0,0.0,0,1.0
250,7,ARG285,1.0,0.0,0,1.0
250,8,GLU291,-1.0,0.0,0,-1.0
250,9,HIS213,1.0,0.0,1,0.0
250,10,HIS134,1.0,0.0,1,0.0
251,1,GLU182,-1.0,0.0,0,-1.0
251,2,HIS93,0.0,1.0,0,0.0
251,3,HIS174,1.0,0.0,1,0.0
251,4,HIS134,0.0,1.0,1,1.0
251,5,GLU182,-1.0,0.0,0,-1.0
251,6,ARG165,1.0,0.0,0,1.0
251,7,HIS54,1.0,0.0,1,0.0
251,8,ASP367,-1.0,0.0,0,-1.0
251,9,HIS454,0.0,1.0,0,0.0
251,10,ASP7,-1.0,0.0,0,-1.0
252,1,TYR170,0.0,-1.0,0,0.0
252,2,GLU203,-1.0,0.0,0,-1.0
252,3,HIS413,1.0,0.0,1,0.0
252,4,GLU91,-1.0,0.0,0,-1.0
252,5,HIS326,1.0,0.0,1,0.0
252,6,HIS166,0.0,1.0,0,0.0
252,7,ASP327,-1.0,0.0,0,-1.0
252,8,ARG85,1.0,0.0,0,1.0
252,9,LYS136,1.0,0.0,0,1.0
252,10,ASP143,-1.0,0.0,0,-1.0
253,1,HIS94,1.0,0.0,1,0.0
253,2,LYS456,1.0,0.0,0,1.0
253,3,HIS446,0.0,1.0,0,0.0
253,4,GLU102,-1.0,0.0,0,-1.0
253,5,HIS213,0.0,1.0,0,0.0
253,6,GLU443,-1.0,0.0,0,-1.0
253,7,GLU283,-1.0,0.0,0,-1.0
253,8,ARG285,1.0,0.0,0,1.0
253,9,GLU83,-1.0,0.0,0,-1.0
253,10,ASP41,-1.0,0.0,0,-1.0
254,1,ARG445,1.0,0.0,0,1.0
254,2,GLU123,-1.0,0.0,0,-1.0
254,3,GLU11,-1.0,0.0,0,-1.0
254,4,HIS54,0.0,1.0,0,0.0
254,5,HIS374,1.0,0.0,1,0.0
254,6,TYR90,0.0,-1.0,0,0.0
254,7,HIS254,0.0,1.0,0,0.0
254,8,HIS246,0.0,1.0,1,1.0
254,9,GLU182,-1.0,0.0,0,-1.0
254,10,HIS93,0.0,1.0,1,1.0
255,1,GLU222,-1.0,0.0,0,-1.0
255,2,GLU62,-1.0,0.0,0,-1.0
255,3,HIS254,0.0,1.0,0,0.0
255,4,LYS68,1.0,0.0,0,1.0
255,5,ARG205,1.0,0.0,0,1.0
255,6,ASP7,-1.0,0.0,0,-1.0
255,7,HIS286,0.0,1.0,1,1.0
255,8,LYS308,1.0,0.0,0,1.0
255,9,ARG285,1.0,0.0,0,1.0
255,10,LYS68,1.0,0.0,0,1.0
256,1,TYR10,0.0,-1.0,0,0.0
256,2,ARG445,1.0,0.0,0,1.0
256,3,ASP7,-1.0,0.0,0,-1.0
256,4,TYR370,0.0,-1.0,0,0.0
256,5,HIS414,0.0,1.0,1,1.0
256,6,LYS456,1.0,0.0,0,1.0
256,7,ASP161,-1.0,0.0,0,-1.0
256,8,HIS206,0.0,1.0,1,1.0
256,9,ASP161,-1.0,0.0,0,-1.0
256,10,HIS254,0.0,1.0,0,0.0
257,1,GLU371,-1.0,0.0,0,-1.0
257,2,LYS376,1.0,0.0,0,1.0
257,3,TYR450,0.0,-1.0,0,0.0
257,4,ASP281,-1.0,0.0,0,-1.0
257,5,HIS174,0.0,1.0,0,0.0
257,6,GLU411,-1.0,0.0,0,-1.0
257,7,ARG285,1.0,0.0,0,1.0
257,8,HIS254,0.0,1.0,0,0.0
257,9,GLU371,-1.0,0.0,0,-1.0
257,10,HIS246,1.0,0.0,0,1.0
258,1,GLU251,-1.0,0.0,0,-1.0
258,2,ASP407,-1.0,0.0,0,-1.0
258,3,ASP7,-1.0,0.0,0,-1.0
258,4,HIS6,0.0,1.0,1,1.0
258,5,ASP327,-1.0,0.0,0,-1.0
258,6,ARG405,1.0,0.0,0,1.0
258,7,ASP161,-1.0,0.0,0,-1.0
258,8,ASP327,-1.0,0.0,0,-1.0
258,9,LYS216,1.0,0.0,0,1.0
258,10,ASP121,-1.0,0.0,0,-1.0
259,1,HIS206,1.0,0.0,1,0.0
259,2,GLU302,-1.0,0.0,0,-1.0
259,3,ASP423,-1.0,0.0,0,-1.0
259,4,HIS366,0.0,1.0,1,1.0
259,5,HIS293,0.0,1.0,0,0.0
259,6,HIS294,1.0,0.0,1,0.0
259,7,ASP161,-1.0,0.0,0,-1.0
259,8,ASP81,-1.0,0.0,0,-1.0
259,9,LYS16,1.0,0.0,0,1.0
259,10,LYS176,1.0,0.0,0,1.0
260,1,ASP201,-1.0,0.0,0,-1.0
260,2,GLU182,-1.0,0.0,0,-1.0
260,3,ASP287,-1.0,0.0,0,-1.0
260,4,HIS13,1.0,0.0,1,0.0
260,5,GLU283,-1.0,0.0,0,-1.0
260,6,HIS366,1.0,0.0,1,0.0
260,7,ARG165,1.0,0.0,0,1.0
260,8,GLU411,-1.0,0.0,0,-1.0
260,9,TYR210,0.0,-1.0,0,0.0
260,10,LYS136,1.0,0.0,0,1.0
261,1,HIS253,1.0,0.0,1,0.0
261,2,ASP407,-1.0,0.0,0,-1.0
261,3,ARG405,1.0,0.0,0,1.0
261,4,GLU342,-1.0,0.0,0,-1.0
261,5,TYR370,0.0,-1.0,0,0.0
261,6,HIS126,1.0,0.0,1,0.0
261,7,LYS56,1.0,0.0,0,1.0
261,8,ASP223,-1.0,0.0,0,-1.0
261,9,ASP183,-1.0,0.0,0,-1.0
261,10,ARG5,1.0,0.0,0,1.0
262,1,HIS253,0.0,1.0,0,0.0
262,2,LYS376,1.0,0.0,0,1.0
262,3,ASP121,-1.0,0.0,0,-1.0
262,4,HIS453,0.0,1.0,0,0.0
262,5,ASP281,-1.0,0.0,0,-1.0
262,6,ASP63,-1.0,0.0,0,-1.0
262,7,HIS293,0.0,1.0,0,0.0
262,8,HIS294,0.0,1.0,0,0.0
262,9,TYR50,0.0,-1.0,0,0.0
262,10,GLU22,-1.0,0.0,0,-1.0
263,1,HIS326,0.0,1.0,1,1.0
263,2,GLU131,-1.0,0.0,0,-1.0
263,3,LYS176,1.0,0.0,0,1.0
263,4,HIS14,0.0,1.0,0,0.0
263,5,ASP383,-1.0,0.0,0,-1.0
263,6,ARG365,1.0,0.0,0,1.0
263,7,HIS254,0.0,1.0,0,0.0
263,8,ARG365,1.0,0.0,0,1.0
263,9,ASP401,-1.0,0.0,0,-1.0
263,10,HIS53,0.0,1.0,0,0.0
264,1,LYS468,1.0,0.0,0,1.0
264,2,GLU163,-1.0,0.0,0,-1.0
264,3,LYS108,1.0,0.0,0,1.0
264,4,HIS253,0.0,1.0,0,0.0
264,5,HIS14,0.0,1.0,1,1.0
264,6,HIS46,0.0,1.0,1,1.0
264,7,ASP23,-1.0,0.0,0,-1.0
264,8,ASP343,-1.0,0.0,0,-1.0
264,9,ASP407,-1.0,0.0,0,-1.0
264,10,HIS14,1.0,0.0,1,0.0
265,1,HIS93,1.0,0.0,1,0.0
265,2,HIS373,0.0,1.0,1,1.0
265,3,HIS373,1.0,0.0,1,0.0
265,4,ASP223,-1.0,0.0,0,-1.0
265,5,HIS333,1.0,0.0,1,0.0
265,6,HIS366,0.0,1.0,1,1.0
265,7,TYR450,0.0,-1.0,0,0.0
265,8,ARG5,1.0,0.0,0,1.0
265,9,ASP121,-1.0,0.0,0,-1.0
265,10,LYS416,1.0,0.0,0,1.0
266,1,GLU182,-1.0,0.0,0,-1.0
266,2,LYS28,1.0,0.0,0,1.0
266,3,TYR170,0.0,-1.0,0,0.0
266,4,HIS333,0.0,1.0,1,1.0
266,5,TYR330,0.0,-1.0,0,0.0
266,6,ASP161,-1.0,0.0,0,-1.0
266,7,TYR50,0.0,-1.0,0,0.0
266,8,HIS13,0.0,1.0,0,0.0
266,9,LYS296,1.0,0.0,0,1.0
266,10,LYS188,1.0,0.0,0,1.0
267,1,ASP441,-1.0,0.0,0,-1.0
267,2,GLU91,-1.0,0.0,0,-1.0
267,3,LYS108,1.0,0.0,0,1.0
267,4,GLU262,-1.0,0.0,0,-1.0
267,5,LYS416,1.0,0.0,0,1.0
267,6,HIS453,0.0,1.0,1,1.0
267,7,GLU243,-1.0,0.0,0,-1.0
267,8,TYR170,0.0,-1.0,0,0.0
267,9,GLU211,-1.0,0.0,0,-1.0
267,10,GLU403,-1.0,0.0,0,-1.0
268,1,GLU243,-1.0,0.0,0,-1.0
268,2,HIS374,0.0,1.0,0,0.0
268,3,ASP447,-1.0,0.0,0,-1.0
268,4,HIS54,0.0,1.0,0,0.0
268,5,GLU22,-1.0,0.0,0,-1.0
268,6,ASP87,-1.0,0.0,0,-1.0
268,7,ASP23,-1.0,0.0,0,-1.0
268,8,LYS28,1.0,0.0,0,1.0
268,9,ARG245,1.0,0.0,0,1.0
268,10,HIS414,1.0,0.0,1,0.0
269,1,TYR50,0.0,-1.0,0,0.0
269,2,ASP321,-1.0,0.0,0,-1.0
269,3,ASP47,-1.0,0.0,0,-1.0
269,4,ASP81,-1.0,0.0,0,-1.0
269,5,HIS366,1.0,0.0,1,0.0
269,6,HIS173,0.0,1.0,0,0.0
269,7,TYR90,0.0,-1.0,0,0.0
269,8,ASP103,-1.0,0.0,0,-1.0
269,9,ARG245,1.0,0.0,0,1.0
269,10,HIS93,0.0,1.0,1,1.0
270,1,ARG285,1.0,0.0,0,1.0
270,2,HIS173,0.0,1.0,1,1.0
270,3,GLU291,-1.0,0.0,0,-1.0
270,4,GLU43,-1.0,0.0,0,-1.0
270,5,HIS246,1.0,0.0,0,1.0
270,6,GLU142,-1.0,0.0,0,-1.0
270,7,ASP23,-1.0,0.0,0,-1.0
270,8,ASP121,-1.0,0.0,0,-1.0
270,9,LYS136,1.0,0.0,0,1.0
270,10,HIS453,1.0,0.0,1,0.0
271,1,ARG445,1.0,0.0,0,1.0
271,2,LYS228,1.0,0.0,0,1.0
271,3,GLU163,-1.0,0.0,0,-1.0
271,4,LYS96,1.0,0.0,0,1.0
271,5,GLU451,-1.0,0.0,0,-1.0
271,6,HIS13,0.0,1.0,0,0.0
271,7,LYS296,1.0,0.0,0,1.0
271,8,GLU3,-1.0,0.0,0,-1.0
271,9,HIS294,0.0,1.0,1,1.0
271,10,HIS214,1.0,0.0,1,0.0
272,1,GLU171,-1.0,0.0,0,-1.0
272,2,ASP63,-1.0,0.0,0,-1.0
272,3,LYS376,1.0,0.0,0,1.0
272,4,GLU262,-1.0,0.0,0,-1.0
272,5,ASP401,-1.0,0.0,0,-1.0
272,6,HIS366,0.0,1.0,1,1.0
272,7,GLU283,-1.0,0.0,0,-1.0
272,8,TYR10,0.0,-1.0,0,0.0
272,9,HIS53,0.0,1.0,0,0.0
272,10,ASP183,-1.0,0.0,0,-1.0
273,1,GLU411,-1.0,0.0,0,-1.0
273,2,LYS388,1.0,0.0,0,1.0
273,3,ASP1,-1.0,0.0,0,-1.0
273,4,ASP103,-1.0,0.0,0,-1.0
273,5,LYS348,1.0,0.0,0,1.0
273,6,GLU51,-1.0,0.0,0,-1.0
273,7,ASP1,-1.0,0.0,0,-1.0
273,8,ASP223,-1.0,0.0,0,-1.0
273,9,LYS416,1.0,0.0,0,1.0
273,10,ASP201,-1.0,0.0,0,-1.0
274,1,GLU443,-1.0,0.0,1,0.0
274,2,LYS256,1.0,0.0,0,1.0
274,3,ASP383,-1.0,0.0,0,-1.0
274,4,GLU403,-1.0,0.0,0,-1.0
274,5,ASP161,-1.0,0.0,0,-1.0
274,6,HIS126,0.0,1.0,1,1.0
274,7,GLU102,-1.0,0.0,0,-1.0
274,8,ARG365,1.0,0.0,0,1.0
274,9,ASP343,-1.0,0.0,0,-1.0
274,10,GLU163,-1.0,0.0,0,-1.0
275,1,HIS173,1.0,0.0,1,0.0
275,2,ASP361,-1.0,0.0,0,-1.0
275,3,ASP447,-1.0,0.0,0,-1.0
275,4,GLU451,-1.0,0.0,0,-1.0
275,5,ASP447,-1.0,0.0,0,-1.0
275,6,GLU123,-1.0,0.0,0,-1.0
275,7,LYS16,1.0,0.0,0,1.0
275,8,GLU422,-1.0,0.0,0,-1.0
275,9,LYS176,1.0,0.0,0,1.0
275,10,ASP383,-1.0,0.0,0,-1.0
276,1,GLU102,-1.0,0.0,0,-1.0
276,2,LYS216,1.0,0.0,0,1.0
276,3,HIS333,1.0,0.0,1,0.0
276,4,GLU3,-1.0,0.0,0,-1.0
276,5,TYR10,0.0,-1.0,0,0.0
276,6,ARG365,1.0,0.0,0,1.0
276,7,GLU443,0.0,-1.0,1,-1.0
276,8,GLU222,-1.0,0.0,0,-1.0
276,9,GLU451,-1.0,0.0,0,-1.0
276,10,HIS134,1.0,0.0,1,0.0
277,1,ASP207,-1.0,0.0,0,-1.0
277,2,ASP1,-1.0,0.0,0,-1.0
277,3,HIS334,0.0,1.0,1,1.0
277,4,ASP63,-1.0,0.0,0,-1.0
277,5,GLU443,-1.0,0.0,0,-1.0
277,6,ASP441,-1.0,0.0,0,-1.0
277,7,LYS108,1.0,0.0,0,1.0
277,8,TYR130,0.0,-1.0,0,0.0
277,9,GLU51,-1.0,0.0,0,-1.0
277,10,HIS173,0.0,1.0,0,0.0
278,1,GLU342,-1.0,0.0,0,-1.0
278,2,ASP87,-1.0,0.0,0,-1.0
278,3,LYS428,1.0,0.0,0,1.0
278,4,GLU3,-1.0,0.0,0,-1.0
278,5,TYR250,0.0,-1.0,0,0.0
278,6,ARG45,1.0,0.0,0,1.0
278,7,GLU411,-1.0,0.0,0,-1.0
278,8,HIS286,1.0,0.0,1,0.0
278,9,ASP463,-1.0,0.0,0,-1.0
278,10,ARG365,1.0,0.0,0,1.0
279,1,LYS108,1.0,0.0,0,1.0
279,2,GLU203,-1.0,0.0,0,-1.0
279,3,GLU302,-1.0,0.0,0,-1.0
279,4,GLU411,-1.0,0.0,0,-1.0
279,5,HIS374,0.0,1.0,0,0.0
279,6,LYS348,1.0,0.0,0,1.0
279,7,HIS454,0.0,1.0,1,1.0
279,8,TYR450,0.0,-1.0,0,0.0
279,9,HIS413,0.0,1.0,0,0.0
279,10,ASP241,-1.0,0.0,0,-1.0
280,1,ARG445,1.0,0.0,0,1.0
280,2,ASP63,-1.0,0.0,0,-1.0
280,3,HIS406,0.0,1.0,1,1.0
280,4,GLU451,-1.0,0.0,0,-1.0
280,5,GLU182,-1.0,0.0,0,-1.0
280,6,ASP1,-1.0,0.0,0,-1.0
280,7,GLU403,-1.0,0.0,0,-1.0
280,8,ASP7,-1.0,0.0,0,-1.0
280,9,ARG325,1.0,0.0,0,1.0
280,10,TYR10,0.0,-1.0,0,0.0
281,1,ASP1,-1.0,0.0,0,-1.0
281,2,HIS446,0.0,1.0,1,1.0
281,3,GLU211,-1.0,0.0,0,-1.0
281,4,GLU251,-1.0,0.0,0,-1.0
281,5,GLU51,-1.0,0.0,0,-1.0
281,6,GLU171,-1.0,0.0,0,-1.0
281,7,GLU51,-1.0,0.0,0,-1.0
281,8,HIS13,0.0,1.0,0,0.0
281,9,ASP121,-1.0,0.0,0,-1.0
281,10,LYS468,1.0,0.0,0,1.0
282,1,GLU283,-1.0,0.0,0,-1.0
282,2,ASP1,-1.0,0.0,0,-1.0
282,3,TYR330,0.0,-1.0,0,0.0
282,4,ASP241,-1.0,0.0,0,-1.0
282,5,ASP1,-1.0,0.0,0,-1.0
282,6,ASP463,-1.0,0.0,0,-1.0
282,7,ASP41,-1.0,0.0,0,-1.0
282,8,TYR370,0.0,-1.0,0,0.0
282,9,GLU243,-1.0,0.0,0,-1.0
282,10,HIS373,0.0,1.0,1,1.0
283,1,TYR50,0.0,-1.0,0,0.0
283,2,ASP361,-1.0,0.0,0,-1.0
283,3,ASP383,-1.0,0.0,0,-1.0
283,4,GLU182,-1.0,0.0,0,-1.0
283,5,HIS246,1.0,0.0,1,0.0
283,6,GLU22,-1.0,0.0,0,-1.0
283,7,HIS446,1.0,0.0,1,0.0
283,8,HIS134,0.0,1.0,0,0.0
283,9,HIS413,0.0,1.0,0,0.0
283,10,HIS446,0.0,1.0,1,1.0
284,1,ASP401,-1.0,0.0,0,-1.0
284,2,HIS214,0.0,1.0,0,0.0
284,3,HIS213,0.0,1.0,1,1.0
284,4,ARG245,1.0,0.0,0,1.0
284,5,LYS188,1.0,0.0,0,1.0
284,6,ASP87,-1.0,0.0,0,-1.0
284,7,TYR410,0.0,-1.0,0,0.0
284,8,GLU411,-1.0,0.0,0,-1.0
284,9,ARG125,1.0,0.0,0,1.0
284,10,TYR450,0.0,-1.0,0,0.0
285,1,HIS173,0.0,1.0,1,1.0
285,2,GLU163,-1.0,0.0,0,-1.0
285,3,HIS446,1.0,0.0,1,0.0
285,4,GLU182,-1.0,0.0,0,-1.0
285,5,GLU163,-1.0,0.0,0,-1.0
285,6,TYR250,0.0,-1.0,0,0.0
285,7,LYS388,1.0,0.0,0,1.0
285,8,GLU211,-1.0,0.0,0,-1.0
285,9,ASP87,-1.0,0.0,0,-1.0
285,10,HIS253,0.0,1.0,0,0.0
286,1,LYS336,1.0,0.0,0,1.0
286,2,LYS188,1.0,0.0,0,1.0
286,3,ASP161,-1.0,0.0,0,-1.0
286,4,ARG125,1.0,0.0,0,1.0
286,5,ARG5,1.0,0.0,0,1.0
286,6,HIS94,0.0,1.0,0,0.0
286,7,LYS468,1.0,0.0,0,1.0
286,8,GLU171,-1.0,0.0,0,-1.0
286,9,ASP121,-1.0,0.0,0,-1.0
286,10,ASP161,-1.0,0.0,0,-1.0
287,1,HIS253,0.0,1.0,1,1.0
287,2,HIS453,0.0,1.0,0,0.0
287,3,GLU363,-1.0,0.0,0,-1.0
287,4,ASP23,-1.0,0.0,0,-1.0
287,5,HIS206,0.0,1.0,1,1.0
287,6,GLU171,-1.0,0.0,0,-1.0
287,7,ASP87,-1.0,0.0,0,-1.0
287,8,ASP423,-1.0,0.0,0,-1.0
287,9,GLU222,-1.0,0.0,0,-1.0
287,10,ARG325,1.0,0.0,0,1.0
288,1,HIS214,0.0,1.0,1,1.0
288,2,GLU203,-1.0,0.0,0,-1.0
288,3,LYS268,1.0,0.0,0,1.0
288,4,ASP1,-1.0,0.0,0,-1.0
288,5,GLU422,-1.0,0.0,0,-1.0
288,6,ASP47,-1.0,0.0,0,-1.0
288,7,ARG245,1.0,0.0,0,1.0
288,8,GLU3,-1.0,0.0,0,-1.0
288,9,HIS406,1.0,0.0,1,0.0
288,10,ARG5,1.0,0.0,0,1.0
289,1,GLU171,-1.0,0.0,0,-1.0
289,2,ASP287,-1.0,0.0,0,-1.0
289,3,ASP447,-1.0,0.0,0,-1.0
289,4,LYS68,1.0,0.0,0,1.0
289,5,HIS253,1.0,0.0,1,0.0
289,6,ASP1,-1.0,0.0,0,-1.0
289,7,TYR130,0.0,-1.0,0,0.0
289,8,ASP223,-1.0,0.0,0,-1.0
289,9,LYS148,1.0,0.0,0,1.0
289,10,ASP161,-1.0,0.0,0,-1.0
290,1,HIS293,0.0,1.0,0,0.0
290,2,LYS456,1.0,0.0,0,1.0
290,3,LYS256,1.0,0.0,0,1.0
290,4,ASP121,-1.0,0.0,0,-1.0
290,5,LYS136,1.0,0.0,0,1.0
290,6,GLU363,-1.0,0.0,0,-1.0
290,7,TYR250,0.0,-1.0,0,0.0
290,8,HIS286,0.0,1.0,1,1.0
290,9,HIS366,1.0,0.0,1,0.0
290,10,ASP303,-1.0,0.0,0,-1.0
291,1,HIS373,1.0,0.0,1,0.0
291,2,ASP81,-1.0,0.0,0,-1.0
291,3,LYS456,1.0,0.0,0,1.0
291,4,LYS256,1.0,0.0,0,1.0
291,5,ASP303,-1.0,0.0,0,-1.0
291,6,HIS374,0.0,1.0,1,1.0
291,7,TYR50,0.0,-1.0,0,0.0
291,8,ASP23,-1.0,0.0,0,-1.0
291,9,ASP281,-1.0,0.0,0,-1.0
291,10,LYS348,1.0,0.0,0,1.0
292,1,HIS93,1.0,0.0,1,0.0
292,2,HIS46,1.0,0.0,1,0.0
292,3,ASP321,-1.0,0.0,0,-1.0
292,4,ASP367,-1.0,0.0,0,-1.0
292,5,HIS246,0.0,1.0,1,1.0
292,6,HIS133,1.0,0.0,1,0.0
292,7,HIS94,0.0,1.0,0,0.0
292,8,HIS213,1.0,0.0,1,0.0
292,9,HIS414,0.0,1.0,0,0.0
292,10,ASP23,-1.0,0.0,0,-1.0
293,1,HIS254,0.0,1.0,1,1.0
293,2,HIS373,0.0,1.0,0,0.0
293,3,ASP161,-1.0,0.0,0,-1.0
293,4,HIS454,1.0,0.0,1,0.0
293,5,ARG165,1.0,0.0,0,1.0
293,6,ASP383,-1.0,0.0,0,-1.0
293,7,GLU51,-1.0,0.0,0,-1.0
293,8,ARG45,1.0,0.0,0,1.0
293,9,ASP1,-1.0,0.0,0,-1.0
293,10,TYR250,0.0,-1.0,0,0.0
294,1,ASP441,-1.0,0.0,0,-1.0
294,2,ASP241,-1.0,0.0,0,-1.0
294,3,HIS86,0.0,1.0,1,1.0
294,4,HIS446,0.0,1.0,1,1.0
294,5,GLU371,-1.0,0.0,0,-1.0
294,6,HIS53,0.0,1.0,1,1.0
294,7,TYR250,0.0,-1.0,0,0.0
294,8,HIS254,1.0,0.0,1,0.0
294,9,HIS173,1.0,0.0,1,0.0
294,10,ASP167,-1.0,0.0,0,-1.0
295,1,HIS366,0.0,1.0,1,1.0
295,2,LYS28,1.0,0.0,0,1.0
295,3,ASP127,-1.0,0.0,0,-1.0
295,4,GLU142,-1.0,0.0,0,-1.0
295,5,HIS213,0.0,1.0,0,0.0
295,6,ARG5,1.0,0.0,0,1.0
295,7,LYS56,1.0,0.0,0,1.0
295,8,HIS46,0.0,1.0,0,0.0
295,9,GLU422,-1.0,0.0,0,-1.0
295,10,LYS336,1.0,0.0,0,1.0
296,1,GLU142,-1.0,0.0,0,-1.0
296,2,ASP463,-1.0,0.0,0,-1.0
296,3,ASP183,-1.0,0.0,0,-1.0
296,4,GLU323,-1.0,0.0,0,-1.0
296,5,GLU371,-1.0,0.0,0,-1.0
296,6,GLU382,-1.0,0.0,0,-1.0
296,7,GLU83,-1.0,0.0,0,-1.0
296,8,TYR170,0.0,-1.0,0,0.0
296,9,GLU291,-1.0,0.0,0,-1.0
296,10,HIS293,0.0,1.0,1,1.0
297,1,GLU283,-1.0,0.0,0,-1.0
297,2,GLU131,-1.0,0.0,0,-1.0
297,3,TYR410,0.0,-1.0,0,0.0
297,4,HIS334,1.0,0.0,1,0.0
297,5,HIS414,0.0,1.0,0,0.0
297,6,LYS176,1.0,0.0,0,1.0
297,7,HIS213,0.0,1.0,0,0.0
297,8,HIS46,0.0,1.0,1,1.0
297,9,GLU243,-1.0,0.0,0,-1.0
297,10,TYR250,0.0,-1.0,0,0.0
298,1,GLU22,-1.0,0.0,0,-1.0
298,2,ASP41,-1.0,0.0,0,-1.0
298,3,LYS416,1.0,0.0,0,1.0
298,4,LYS308,1.0,0.0,0,1.0
298,5,ASP463,-1.0,0.0,0,-1.0
298,6,LYS416,1.0,0.0,0,1.0
298,7,HIS213,0.0,1.0,0,0.0
298,8,TYR130,0.0,-1.0,0,0.0
298,9,ASP47,-1.0,0.0,0,-1.0
298,10,ASP183,-1.0,0.0,0,-1.0
299,1,TYR330,0.0,-1.0,0,0.0
299,2,HIS173,0.0,1.0,1,1.0
299,3,HIS414,0.0,1.0,0,0.0
299,4,ASP321,-1.0,0.0,0,-1.0
299,5,GLU451,-1.0,0.0,0,-1.0
299,6,GLU342,-1.0,0.0,0,-1.0
299,7,HIS134,0.0,1.0,1,1.0
299,8,TYR10,0.0,-1.0,0,0.0
299,9,GLU123,-1.0,0.0,0,-1.0
299,10,ASP23,-1.0,0.0,0,-1.0
300,1,HIS54,0.0,1.0,0,0.0
300,2,GLU443,-1.0,0.0,0,-1.0
300,3,HIS253,0.0,1.0,0,0.0
300,4,GLU342,-1.0,0.0,0,-1.0
300,5,GLU382,-1.0,0.0,0,-1.0
300,6,GLU51,-1.0,0.0,0,-1.0
300,7,LYS336,1.0,0.0,0,1.0
300,8,ASP1,-1.0,0.0,0,-1.0
300,9,HIS173,1.0,0.0,1,0.0
300,10,LYS56,1.0,0.0,0,1.0
301,1,LYS188,1.0,0.0,0,1.0
301,2,LYS376,1.0,0.0,0,1.0
301,3,GLU302,-1.0,0.0,0,-1.0
301,4,GLU371,-1.0,0.0,0,-1.0
301,5,HIS93,0.0,1.0,1,1.0
301,6,ASP383,-1.0,0.0,0,-1.0
301,7,LYS96,1.0,0.0,0,1.0
301,8,GLU102,-1.0,0.0,0,-1.0
301,9,HIS94,0.0,1.0,0,0.0
301,10,HIS453,0.0,1.0,1,1.0
302,1,GLU243,-1.0,0.0,0,-1.0
302,2,GLU451,-1.0,0.0,0,-1.0
302,3,LYS56,1.0,0.0,0,1.0
302,4,LYS148,1.0,0.0,0,1.0
302,5,HIS246,1.0,0.0,1,0.0
302,6,GLU222,-1.0,0.0,0,-1.0
302,7,HIS134,1.0,0.0,1,0.0
302,8,ASP201,-1.0,0.0,0,-1.0
302,9,GLU83,-1.0,0.0,0,-1.0
302,10,HIS53,1.0,0.0,1,0.0
303,1,LYS468,1.0,0.0,0,1.0
303,2,ASP303,-1.0,0.0,0,-1.0
303,3,ASP281,-1.0,0.0,0,-1.0
303,4,ASP321,-1.0,0.0,0,-1.0
303,5,ASP303,-1.0,0.0,0,-1.0
303,6,ASP263,-1.0,0.0,0,-1.0
303,7,ASP23,-1.0,0.0,0,-1.0
303,8,ARG125,1.0,0.0,0,1.0
303,9,ARG165,1.0,0.0,0,1.0
303,10,HIS133,0.0,1.0,1,1.0
304,1,TYR450,0.0,-1.0,0,0.0
304,2,ASP241,-1.0,0.0,0,-1.0
304,3,ASP223,-1.0,0.0,0,-1.0
304,4,ASP81,-1.0,0.0,0,-1.0
304,5,GLU251,-1.0,0.0,0,-1.0
304,6,ASP303,-1.0,0.0,0,-1.0
304,7,LYS68,1.0,0.0,0,1.0
304,8,GLU182,-1.0,0.0,0,-1.0
304,9,LYS428,1.0,0.0,0,1.0
304,10,HIS54,0.0,1.0,0,0.0
305,1,LYS148,1.0,0.0,0,1.0
305,2,GLU203,-1.0,0.0,0,-1.0
305,3,GLU222,-1.0,0.0,0,-1.0
305,4,LYS136,1.0,0.0,0,1.0
305,5,GLU142,-1.0,0.0,0,-1.0
305,6,HIS333,0.0,1.0,1,1.0
305,7,HIS453,1.0,0.0,1,0.0
305,8,GLU342,-1.0,0.0,0,-1.0
305,9,ARG285,1.0,0.0,0,1.0
305,10,HIS94,0.0,1.0,0,0.0
306,1,HIS293,1.0,0.0,1,0.0
306,2,GLU302,-1.0,0.0,0,-1.0
306,3,ASP103,-1.0,0.0,0,-1.0
306,4,LYS96,1.0,0.0,0,1.0
306,5,HIS254,0.0,1.0,0,0.0
306,6,HIS334,0.0,1.0,0,0.0
306,7,ARG245,1.0,0.0,0,1.0
306,8,ARG445,1.0,0.0,0,1.0
306,9,HIS214,1.0,0.0,1,0.0
306,10,ASP23,-1.0,0.0,0,-1.0
307,1,ASP103,-1.0,0.0,0,-1.0
307,2,HIS293,0.0,1.0,0,0.0
307,3,ASP463,-1.0,0.0,0,-1.0
307,4,GLU123,-1.0,0.0,0,-1.0
307,5,HIS46,1.0,0.0,1,0.0
307,6,ASP447,-1.0,0.0,0,-1.0
307,7,TYR90,0.0,-1.0,0,0.0
307,8,ASP303,-1.0,0.0,0,-1.0
307,9,HIS454,0.0,1.0,0,0.0
307,10,HIS293,0.0,1.0,0,0.0
308,1,HIS13,0.0,1.0,0,0.0
308,2,ASP1,-1.0,0.0,0,-1.0
308,3,HIS46,0.0,1.0,0,0.0
308,4,HIS46,0.0,1.0,0,0.0
308,5,HIS406,0.0,1.0,1,1.0
308,6,GLU62,-1.0,0.0,0,-1.0
308,7,ASP263,-1.0,0.0,0,-1.0
308,8,LYS268,1.0,0.0,0,1.0
308,9,ASP41,-1.0,0.0,0,-1.0
308,10,ASP383,-1.0,0.0,0,-1.0
309,1,LYS108,1.0,0.0,0,1.0
309,2,HIS253,0.0,1.0,1,1.0
309,3,ASP201,-1.0,0.0,0,-1.0
309,4,ARG205,1.0,0.0,0,1.0
309,5,LYS216,1.0,0.0,0,1.0
309,6,LYS148,1.0,0.0,0,1.0
309,7,GLU363,-1.0,0.0,0,-1.0
309,8,LYS228,1.0,0.0,0,1.0
309,9,ASP401,-1.0,0.0,0,-1.0
309,10,HIS406,1.0,0.0,1,0.0
310,1,GLU342,-1.0,0.0,0,-1.0
310,2,HIS253,1.0,0.0,1,0.0
310,3,HIS6,1.0,0.0,1,0.0
310,4,HIS286,1.0,0.0,1,0.0
310,5,ASP247,-1.0,0.0,0,-1.0
310,6,HIS174,0.0,1.0,1,1.0
310,7,HIS53,0.0,1.0,0,0.0
310,8,ASP281,-1.0,0.0,0,-1.0
310,9,ASP361,-1.0,0.0,0,-1.0
310,10,HIS406,0.0,1.0,1,1.0
311,1,TYR170,0.0,-1.0,0,0.0
311,2,HIS53,0.0,1.0,0,0.0
311,3,HIS94,0.0,1.0,0,0.0
311,4,LYS348,1.0,0.0,0,1.0
311,5,HIS453,0.0,1.0,1,1.0
311,6,TYR410,0.0,-1.0,0,0.0
311,7,LYS176,1.0,0.0,0,1.0
311,8,GLU163,-1.0,0.0,0,-1.0
311,9,HIS253,0.0,1.0,1,1.0
311,10,ARG45,1.0,0.0,0,1.0
312,1,TYR250,0.0,-1.0,0,0.0
312,2,ARG325,1.0,0.0,0,1.0
312,3,ASP223,-1.0,0.0,0,-1.0
312,4,ASP183,-1.0,0.0,0,-1.0
312,5,ASP167,-1.0,0.0,0,-1.0
312,6,ASP441,-1.0,0.0,0,-1.0
312,7,TYR50,0.0,-1.0,0,0.0
312,8,ASP81,-1.0,0.0,0,-1.0
312,9,GLU363,-1.0,0.0,0,-1.0
312,10,ASP41,-1.0,0.0,0,-1.0
313,1,LYS376,1.0,0.0,0,1.0
313,2,GLU51,-1.0,0.0,0,-1.0
313,3,ARG5,1.0,0.0,0,1.0
313,4,LYS188,1.0,0.0,0,1.0
313,5,LYS148,1.0,0.0,0,1.0
313,6,GLU443,-1.0,0.0,0,-1.0
313,7,ASP81,-1.0,0.0,0,-1.0
313,8,LYS228,1.0,0.0,0,1.0
313,9,TYR290,0.0,-1.0,0,0.0
313,10,GLU411,-1.0,0.0,0,-1.0
314,1,GLU323,-1.0,0.0,0,-1.0
314,2,ASP207,-1.0,0.0,0,-1.0
314,3,GLU91,-1.0,0.0,0,-1.0
314,4,HIS446,1.0,0.0,1,0.0
314,5,GLU331,-1.0,0.0,0,-1.0
314,6,GLU283,-1.0,0.0,0,-1.0
314,7,ASP87,-1.0,0.0,0,-1.0
314,8,TYR410,0.0,-1.0,0,0.0
314,9,ASP423,-1.0,0.0,0,-1.0
314,10,HIS46,0.0,1.0,1,1.0
315,1,LYS228,1.0,0.0,0,1.0
315,2,GLU323,-1.0,0.0,0,-1.0
315,3,LYS376,1.0,0.0,0,1.0
315,4,GLU462,-1.0,0.0,0,-1.0
315,5,HIS206,1.0,0.0,1,0.0
315,6,HIS166,0.0,1.0,1,1.0
315,7,HIS54,0.0,1.0,0,0.0
315,8,LYS68,1.0,0.0,0,1.0
315,9,GLU371,-1.0,0.0,0,-1.0
315,10,ASP407,-1.0,0.0,0,-1.0
316,1,ASP383,-1.0,0.0,0,-1.0
316,2,HIS246,0.0,1.0,0,0.0
316,3,HIS334,0.0,1.0,1,1.0
316,4,GLU3,-1.0,0.0,0,-1.0
316,5,ASP423,-1.0,0.0,0,-1.0
316,6,GLU371,-1.0,0.0,0,-1.0
316,7,ASP343,-1.0,0.0,0,-1.0
316,8,TYR410,0.0,-1.0,0,0.0
316,9,ARG5,1.0,0.0,0,1.0
316,10,ASP241,-1.0,0.0,0,-1.0
317,1,ASP441,-1.0,0.0,0,-1.0
317,2,ARG445,1.0,0.0,0,1.0
317,3,HIS294,1.0,0.0,1,0.0
317,4,GLU371,-1.0,0.0,0,-1.0
317,5,ASP407,-1.0,0.0,0,-1.0
317,6,GLU283,-1.0,0.0,0,-1.0
317,7,LYS376,1.0,0.0,0,1.0
317,8,LYS216,1.0,0.0,0,1.0
317,9,ASP223,-1.0,0.0,0,-1.0
317,10,HIS126,1.0,0.0,1,0.0
318,1,ARG165,1.0,0.0,0,1.0
318,2,ASP383,-1.0,0.0,0,-1.0
318,3,GLU3,-1.0,0.0,0,-1.0
318,4,LYS256,1.0,0.0,0,1.0
318,5,HIS453,1.0,0.0,1,0.0
318,6,GLU62,-1.0,0.0,0,-1.0
318,7,GLU443,-1.0,0.0,0,-1.0
318,8,ARG245,1.0,0.0,0,1.0
318,9,GLU291,-1.0,0.0,0,-1.0
318,10,ASP447,-1.0,0.0,0,-1.0
319,1,ASP41,-1.0,0.0,0,-1.0
319,2,HIS213,0.0,1.0,1,1.0
319,3,ARG365,1.0,0.0,0,1.0
319,4,LYS348,1.0,0.0,0,1.0
319,5,HIS94,0.0,1.0,1,1.0
319,6,ASP1,-1.0,0.0,0,-1.0
319,7,ASP47,-1.0,0.0,0,-1.0
319,8,LYS468,1.0,0.0,0,1.0
319,9,HIS206,0.0,1.0,1,1.0
319,10,HIS6,0.0,1.0,1,1.0
320,1,TYR370,0.0,-1.0,0,0.0
320,2,HIS46,1.0,0.0,1,0.0
320,3,LYS176,1.0,0.0,0,1.0
320,4,HIS414,0.0,1.0,0,0.0
320,5,LYS388,1.0,0.0,0,1.0
320,6,ASP201,-1.0,0.0,0,-1.0
320,7,HIS454,0.0,1.0,0,0.0
320,8,HIS446,0.0,1.0,0,0.0
320,9,HIS246,0.0,1.0,1,1.0
320,10,ASP447,-1.0,0.0,0,-1.0
321,1,HIS454,0.0,1.0,1,1.0
321,2,ARG205,1.0,0.0,0,1.0
321,3,ASP241,-1.0,0.0,0,-1.0
321,4,TYR90,0.0,-1.0,0,0.0
321,5,TYR210,0.0,-1.0,0,0.0
321,6,LYS336,1.0,0.0,0,1.0
321,7,GLU11,-1.0,0.0,0,-1.0
321,8,ASP207,-1.0,0.0,0,-1.0
321,9,HIS94,1.0,0.0,1,0.0
321,10,HIS46,0.0,1.0,1,1.0
322,1,HIS454,1.0,0.0,1,0.0
322,2,ARG245,1.0,0.0,0,1.0
322,3,ASP41,-1.0,0.0,0,-1.0
322,4,ASP361,-1.0,0.0,0,-1.0
322,5,GLU342,-1.0,0.0,0,-1.0
322,6,GLU262,-1.0,0.0,0,-1.0
322,7,LYS428,1.0,0.0,0,1.0
322,8,GLU342,-1.0,0.0,0,-1.0
322,9,LYS296,1.0,0.0,0,1.0
322,10,HIS93,1.0,0.0,1,0.0
323,1,LYS308,1.0,0.0,0,1.0
323,2,GLU363,-1.0,0.0,0,-1.0
323,3,LYS56,1.0,0.0,0,1.0
323,4,LYS108,1.0,0.0,0,1.0
323,5,TYR410,0.0,-1.0,0,0.0
323,6,HIS406,1.0,0.0,1,0.0
323,7,ASP63,-1.0,0.0,0,-1.0
323,8,ASP1,-1.0,0.0,0,-1.0
323,9,HIS206,1.0,0.0,1,0.0
323,10,HIS373,0.0,1.0,0,0.0
324,1,TYR450,0.0,-1.0,0,0.0
324,2,ARG5,1.0,0.0,0,1.0
324,3,LYS416,1.0,0.0,0,1.0
324,4,HIS453,0.0,1.0,1,1.0
324,5,HIS253,1.0,0.0,1,0.0
324,6,ASP463,-1.0,0.0,0,-1.0
324,7,GLU171,-1.0,0.0,0,-1.0
324,8,GLU323,-1.0,0.0,0,-1.0
324,9,ASP7,-1.0,0.0,0,-1.0
324,10,GLU462,-1.0,0.0,0,-1.0
325,1,GLU262,-1.0,0.0,0,-1.0
325,2,ASP361,-1.0,0.0,0,-1.0
325,3,GLU3,-1.0,0.0,0,-1.0
325,4,LYS228,1.0,0.0,0,1.0
325,5,TYR210,0.0,-1.0,0,0.0
325,6,ASP383,-1.0,0.0,0,-1.0
325,7,ASP287,-1.0,0.0,0,-1.0
325,8,ASP63,-1.0,0.0,0,-1.0
325,9,GLU451,-1.0,0.0,0,-1.0
325,10,GLU83,-1.0,0.0,0,-1.0
326,1,HIS174,1.0,0.0,1,0.0
326,2,ASP183,-1.0,0.0,0,-1.0
326,3,GLU83,-1.0,0.0,0,-1.0
326,4,LYS468,1.0,0.0,0,1.0
326,5,GLU443,-1.0,0.0,0,-1.0
326,6,ARG5,1.0,0.0,0,1.0
326,7,ARG445,1.0,0.0,0,1.0
326,8,ASP327,-1.0,0.0,0,-1.0
326,9,GLU302,-1.0,0.0,0,-1.0
326,10,LYS176,1.0,0.0,0,1.0
327,1,LYS16,1.0,0.0,0,1.0
327,2,ASP321,-1.0,0.0,0,-1.0
327,3,GLU382,-1.0,0.0,0,-1.0
327,4,ASP361,-1.0,0.0,0,-1.0
327,5,GLU131,-1.0,0.0,0,-1.0
327,6,ARG45,1.0,0.0,0,1.0
327,7,ASP407,-1.0,0.0,0,-1.0
327,8,TYR290,0.0,-1.0,0,0.0
327,9,GLU382,-1.0,0.0,0,-1.0
327,10,LYS68,1.0,0.0,0,1.0
328,1,LYS68,1.0,0.0,0,1.0
328,2,ARG445,1.0,0.0,0,1.0
328,3,ASP167,-1.0,0.0,0,-1.0
328,4,HIS446,0.0,1.0,0,0.0
328,5,HIS214,0.0,1.0,0,0.0
328,6,HIS454,0.0,1.0,0,0.0
328,7,GLU22,-1.0,0.0,0,-1.0
328,8,LYS148,1.0,0.0,0,1.0
328,9,LYS148,1.0,0.0,0,1.0
328,10,ASP23,-1.0,0.0,0,-1.0
329,1,ASP127,-1.0,0.0,0,-1.0
329,2,ASP161,-1.0,0.0,0,-1.0
329,3,HIS294,0.0,1.0,0,0.0
329,4,GLU163,-1.0,0.0,0,-1.0
329,5,TYR330,0.0,-1.0,0,0.0
329,6,HIS46,1.0,0.0,0,1.0
329,7,ARG285,1.0,0.0,0,1.0
329,8,ASP367,-1.0,0.0,0,-1.0
329,9,ASP401,-1.0,0.0,0,-1.0
329,10,ASP263,-1.0,0.0,0,-1.0
330,1,HIS294,0.0,1.0,0,0.0
330,2,TYR90,0.0,-1.0,0,0.0
330,3,LYS148,1.0,0.0,0,1.0
330,4,ARG405,1.0,0.0,0,1.0
330,5,ASP127,-1.0,0.0,0,-1.0
330,6,TYR250,0.0,-1.0,0,0.0
330,7,GLU403,-1.0,0.0,0,-1.0
330,8,HIS94,0.0,1.0,0,0.0
330,9,ASP207,-1.0,0.0,0,-1.0
330,10,HIS93,0.0,1.0,1,1.0
331,1,LYS28,1.0,0.0,0,1.0
331,2,ARG405,1.0,0.0,0,1.0
331,3,HIS406,0.0,1.0,1,1.0
331,4,TYR410,0.0,-1.0,0,0.0
331,5,ASP383,-1.0,0.0,0,-1.0
331,6,LYS216,1.0,0.0,0,1.0
331,7,LYS296,1.0,0.0,0,1.0
331,8,GLU262,-1.0,0.0,0,-1.0
331,9,GLU171,-1.0,0.0,0,-1.0
331,10,LYS228,1.0,0.0,0,1.0
332,1,HIS86,1.0,0.0,1,0.0
332,2,GLU102,-1.0,0.0,0,-1.0
332,3,HIS174,0.0,1.0,1,1.0
332,4,TYR10,0.0,-1.0,0,0.0
332,5,TYR330,0.0,-1.0,0,0.0
332,6,GLU182,-1.0,0.0,0,-1.0
332,7,ARG285,1.0,0.0,0,1.0
332,8,ASP201,-1.0,0.0,0,-1.0
332,9,LYS428,1.0,0.0,0,1.0
332,10,HIS53,0.0,1.0,0,0.0
333,1,TYR210,0.0,-1.0,0,0.0
333,2,HIS46,1.0,0.0,1,0.0
333,3,ASP287,-1.0,0.0,0,-1.0
333,4,LYS468,1.0,0.0,0,1.0
333,5,HIS206,0.0,1.0,1,1.0
333,6,ASP201,-1.0,0.0,0,-1.0
333,7,GLU182,-1.0,0.0,0,-1.0
333,8,TYR210,0.0,-1.0,0,0.0
333,9,ARG445,1.0,0.0,0,1.0
333,10,HIS134,0.0,1.0,1,1.0
334,1,TYR370,0.0,-1.0,0,0.0
334,2,HIS133,1.0,0.0,1,0.0
334,3,GLU51,-1.0,0.0,0,-1.0
334,4,ASP167,-1.0,0.0,0,-1.0
334,5,LYS56,1.0,0.0,0,1.0
334,6,TYR250,0.0,-1.0,0,0.0
334,7,ARG85,1.0,0.0,0,1.0
334,8,ARG405,1.0,0.0,0,1.0
334,9,ASP303,-1.0,0.0,0,-1.0
334,10,HIS94,0.0,1.0,1,1.0
335,1,ASP327,-1.0,0.0,0,-1.0
335,2,TYR250,0.0,-1.0,0,0.0
335,3,HIS406,1.0,0.0,0,1.0
335,4,GLU302,-1.0,0.0,0,-1.0
335,5,ARG205,1.0,0.0,0,1.0
335,6,HIS446,0.0,1.0,0,0.0
335,7,HIS454,0.0,1.0,0,0.0
335,8,HIS294,0.0,1.0,1,1.0
335,9,GLU443,-1.0,0.0,0,-1.0
335,10,HIS454,0.0,1.0,1,1.0
336,1,HIS134,1.0,0.0,1,0.0
336,2,LYS108,1.0,0.0,0,1.0
336,3,GLU203,-1.0,0.0,0,-1.0
336,4,LYS308,1.0,0.0,0,1.0
336,5,HIS286,0.0,1.0,1,1.0
336,6,GLU142,-1.0,0.0,0,-1.0
336,7,ASP361,-1.0,0.0,0,-1.0
336,8,HIS14,0.0,1.0,0,0.0
336,9,GLU51,-1.0,0.0,0,-1.0
336,10,LYS188,1.0,0.0,0,1.0
337,1,GLU443,-1.0,0.0,0,-1.0
337,2,ASP223,-1.0,0.0,0,-1.0
337,3,GLU51,-1.0,0.0,0,-1.0
337,4,ASP47,-1.0,0.0,0,-1.0
337,5,ASP201,-1.0,0.0,0,-1.0
337,6,ASP127,-1.0,0.0,0,-1.0
337,7,ASP167,-1.0,0.0,0,-1.0
337,8,ASP247,-1.0,0.0,0,-1.0
337,9,ASP241,-1.0,0.0,0,-1.0
337,10,ARG365,1.0,0.0,0,1.0
338,1,HIS333,1.0,0.0,1,0.0
338,2,ASP201,-1.0,0.0,0,-1.0
338,3,HIS293,0.0,1.0,0,0.0
338,4,GLU142,-1.0,0.0,0,-1.0
338,5,ASP441,-1.0,0.0,0,-1.0
338,6,LYS188,1.0,0.0,0,1.0
338,7,GLU291,-1.0,0.0,0,-1.0
338,8,GLU371,-1.0,0.0,0,-1.0
338,9,ASP367,-1.0,0.0,0,-1.0
338,10,HIS174,1.0,0.0,1,0.0
339,1,LYS176,1.0,0.0,0,1.0
339,2,LYS416,1.0,0.0,0,1.0
339,3,HIS214,0.0,1.0,0,0.0
339,4,GLU251,-1.0,0.0,0,-1.0
339,5,GLU443,-1.0,0.0,0,-1.0
339,6,LYS216,1.0,0.0,0,1.0
339,7,GLU243,-1.0,0.0,0,-1.0
339,8,GLU302,-1.0,0.0,0,-1.0
339,9,ASP63,-1.0,0.0,0,-1.0
339,10,HIS14,0.0,1.0,1,1.0
340,1,GLU451,-1.0,0.0,0,-1.0
340,2,TYR250,0.0,-1.0,0,0.0
340,3,LYS176,1.0,0.0,0,1.0
340,4,ARG325,1.0,0.0,0,1.0
340,5,LYS376,1.0,0.0,0,1.0
340,6,ASP321,-1.0,0.0,0,-1.0
340,7,HIS406,1.0,0.0,1,0.0
340,8,ASP81,-1.0,0.0,0,-1.0
340,9,GLU382,-1.0,0.0,0,-1.0
340,10,GLU422,-1.0,0.0,0,-1.0
341,1,HIS453,1.0,0.0,1,0.0
341,2,LYS108,1.0,0.0,0,1.0
341,3,GLU342,-1.0,0.0,0,-1.0
341,4,HIS374,1.0,0.0,1,0.0
341,5,LYS28,1.0,0.0,0,1.0
341,6,GLU251,-1.0,0.0,0,-1.0
341,7,HIS414,0.0,1.0,0,0.0
341,8,ASP423,-1.0,0.0,0,-1.0
341,9,GLU222,-1.0,0.0,0,-1.0
341,10,LYS96,1.0,0.0,0,1.0
342,1,ASP401,-1.0,0.0,0,-1.0
342,2,ASP223,-1.0,0.0,0,-1.0
342,3,LYS96,1.0,0.0,0,1.0
342,4,ASP143,-1.0,0.0,0,-1.0
342,5,HIS126,0.0,1.0,1,1.0
342,6,GLU342,-1.0,0.0,0,-1.0
342,7,HIS53,0.0,1.0,0,0.0
342,8,GLU323,-1.0,0.0,0,-1.0
342,9,HIS126,1.0,0.0,1,0.0
342,10,ASP361,-1.0,0.0,0,-1.0
343,1,GLU203,-1.0,0.0,0,-1.0
343,2,GLU43,-1.0,0.0,0,-1.0
343,3,LYS336,1.0,0.0,0,1.0
343,4,HIS254,0.0,1.0,0,0.0
343,5,HIS13,0.0,1.0,0,0.0
343,6,ARG165,1.0,0.0,0,1.0
343,7,ARG85,1.0,0.0,0,1.0
343,8,ASP207,-1.0,0.0,0,-1.0
343,9,ASP121,-1.0,0.0,0,-1.0
343,10,LYS376,1.0,0.0,0,1.0
344,1,ASP281,-1.0,0.0,0,-1.0
344,2,GLU371,-1.0,0.0,0,-1.0
344,3,ASP407,-1.0,0.0,0,-1.0
344,4,HIS326,1.0,0.0,0,1.0
344,5,GLU422,-1.0,0.0,0,-1.0
344,6,GLU342,-1.0,0.0,0,-1.0
344,7,GLU123,-1.0,0.0,0,-1.0
344,8,GLU142,-1.0,0.0,0,-1.0
344,9,ASP121,-1.0,0.0,0,-1.0
344,10,GLU331,-1.0,0.0,0,-1.0
345,1,HIS414,0.0,1.0,0,0.0
345,2,LYS296,1.0,0.0,0,1.0
345,3,GLU123,-1.0,0.0,0,-1.0
345,4,ASP167,-1.0,0.0,0,-1.0
345,5,ASP407,-1.0,0.0,0,-1.0
345,6,HIS414,0.0,1.0,0,0.0
345,7,ARG285,1.0,0.0,0,1.0
345,8,GLU342,-1.0,0.0,0,-1.0
345,9,GLU43,-1.0,0.0,0,-1.0
345,10,GLU222,-1.0,0.0,0,-1.0
346,1,ASP447,-1.0,0.0,0,-1.0
346,2,GLU371,-1.0,0.0,0,-1.0
346,3,GLU422,-1.0,0.0,0,-1.0
346,4,ARG445,1.0,0.0,0,1.0
346,5,GLU102,-1.0,0.0,0,-1.0
346,6,ASP441,-1.0,0.0,0,-1.0
346,7,ARG365,1.0,0.0,0,1.0
346,8,ASP223,-1.0,0.0,0,-1.0
346,9,LYS308,1.0,0.0,0,1.0
346,10,LYS136,1.0,0.0,0,1.0
347,1,HIS406,0.0,1.0,1,1.0
347,2,LYS456,1.0,0.0,0,1.0
347,3,TYR450,0.0,-1.0,0,0.0
347,4,HIS53,0.0,1.0,0,0.0
347,5,GLU171,-1.0,0.0,0,-1.0
347,6,ASP247,-1.0,0.0,0,-1.0
347,7,HIS453,0.0,1.0,0,0.0
347,8,TYR90,0.0,-1.0,0,0.0
347,9,ASP23,-1.0,0.0,0,-1.0
347,10,LYS136,1.0,0.0,0,1.0
348,1,GLU422,-1.0,0.0,0,-1.0
348,2,ASP383,-1.0,0.0,0,-1.0
348,3,HIS6,1.0,0.0,1,0.0
348,4,ASP127,-1.0,0.0,0,-1.0
348,5,GLU102,-1.0,0.0,0,-1.0
348,6,HIS406,1.0,0.0,1,0.0
348,7,HIS86,0.0,1.0,1,1.0
348,8,GLU283,-1.0,0.0,0,-1.0
348,9,GLU251,-1.0,0.0,0,-1.0
348,10,ASP367,-1.0,0.0,0,-1.0
349,1,ASP161,-1.0,0.0,0,-1.0
349,2,ASP463,-1.0,0.0,0,-1.0
349,3,HIS254,0.0,1.0,0,0.0
349,4,LYS468,1.0,0.0,0,1.0
349,5,TYR450,0.0,-1.0,0,0.0
349,6,ASP263,-1.0,0.0,0,-1.0
349,7,HIS446,0.0,1.0,0,0.0
349,8,TYR90,0.0,-1.0,0,0.0
349,9,HIS206,1.0,0.0,1,0.0
349,10,ASP47,-1.0,0.0,0,-1.0
350,1,GLU222,-1.0,0.0,0,-1.0
350,2,GLU83,-1.0,0.0,0,-1.0
350,3,HIS13,0.0,1.0,0,0.0
350,4,GLU22,-1.0,0.0,0,-1.0
350,5,HIS253,0.0,1.0,1,1.0
350,6,ARG365,1.0,0.0,0,1.0
350,7,GLU3,-1.0,0.0,0,-1.0
350,8,GLU83,-1.0,0.0,0,-1.0
350,9,ASP23,-1.0,0.0,0,-1.0
350,10,ARG365,1.0,0.0,0,1.0
351,1,GLU131,-1.0,0.0,0,-1.0
351,2,ARG205,1.0,0.0,0,1.0
351,3,HIS254,0.0,1.0,0,0.0
351,4,HIS253,1.0,0.0,1,0.0
351,5,GLU302,-1.0,0.0,0,-1.0
351,6,GLU302,-1.0,0.0,0,-1.0
351,7,GLU83,-1.0,0.0,0,-1.0
351,8,HIS133,0.0,1.0,0,0.0
351,9,ASP281,-1.0,0.0,0,-1.0
351,10,HIS366,1.0,0.0,1,0.0
352,1,ARG165,1.0,0.0,0,1.0
352,2,LYS468,1.0,0.0,0,1.0
352,3,LYS56,1.0,0.0,0,1.0
352,4,ASP161,-1.0,0.0,0,-1.0
352,5,ASP183,-1.0,0.0,0,-1.0
352,6,HIS366,0.0,1.0,1,1.0
352,7,GLU443,-1.0,0.0,0,-1.0
352,8,ARG445,1.0,0.0,0,1.0
352,9,GLU102,-1.0,0.0,0,-1.0
352,10,ASP287,-1.0,0.0,0,-1.0
353,1,TYR10,0.0,-1.0,0,0.0
353,2,LYS28,1.0,0.0,0,1.0
353,3,HIS406,0.0,1.0,0,0.0
353,4,GLU3,-1.0,0.0,0,-1.0
353,5,TYR50,0.0,-1.0,0,0.0
353,6,LYS188,1.0,0.0,0,1.0
353,7,GLU171,-1.0,0.0,0,-1.0
353,8,ASP87,-1.0,0.0,0,-1.0
353,9,HIS54,0.0,1.0,0,0.0
353,10,ASP103,-1.0,0.0,0,-1.0
354,1,ASP447,-1.0,0.0,0,-1.0
354,2,ASP327,-1.0,0.0,0,-1.0
354,3,TYR290,0.0,-1.0,0,0.0
354,4,HIS253,0.0,1.0,1,1.0
354,5,HIS414,0.0,1.0,1,1.0
354,6,LYS416,1.0,0.0,0,1.0
354,7,GLU451,-1.0,0.0,0,-1.0
354,8,ASP423,-1.0,0.0,0,-1.0
354,9,GLU262,-1.0,0.0,0,-1.0
354,10,GLU422,-1.0,0.0,0,-1.0
355,1,HIS453,0.0,1.0,1,1.0
355,2,GLU462,-1.0,0.0,1,0.0
355,3,ASP423,-1.0,0.0,0,-1.0
355,4,LYS16,1.0,0.0,0,1.0
355,5,ASP143,-1.0,0.0,0,-1.0
355,6,ARG365,1.0,0.0,0,1.0
355,7,HIS94,1.0,0.0,1,0.0
355,8,LYS456,1.0,0.0,0,1.0
355,9,HIS166,1.0,0.0,1,0.0
355,10,HIS46,0.0,1.0,0,0.0
356,1,ASP447,-1.0,0.0,0,-1.0
356,2,HIS14,1.0,0.0,1,0.0
356,3,HIS213,1.0,0.0,1,0.0
356,4,GLU411,-1.0,0.0,0,-1.0
356,5,ARG285,1.0,0.0,0,1.0
356,6,ASP223,-1.0,0.0,0,-1.0
356,7,ASP63,-1.0,0.0,0,-1.0
356,8,TYR450,0.0,-1.0,0,0.0
356,9,ASP327,-1.0,0.0,0,-1.0
356,10,HIS453,1.0,0.0,1,0.0
357,1,TYR90,0.0,-1.0,0,0.0
357,2,ARG45,1.0,0.0,0,1.0
357,3,ASP183,-1.0,0.0,0,-1.0
357,4,GLU382,-1.0,0.0,0,-1.0
357,5,GLU403,-1.0,0.0,0,-1.0
357,6,ASP23,-1.0,0.0,0,-1.0
357,7,LYS216,1.0,0.0,0,1.0
357,8,ARG205,1.0,0.0,0,1.0
357,9,GLU171,-1.0,0.0,0,-1.0
357,10,TYR410,0.0,-1.0,0,0.0
358,1,GLU91,-1.0,0.0,0,-1.0
358,2,ASP1,-1.0,0.0,0,-1.0
358,3,ASP303,-1.0,0.0,0,-1.0
358,4,HIS93,1.0,0.0,1,0.0
358,5,ASP247,-1.0,0.0,0,-1.0
358,6,LYS28,1.0,0.0,0,1.0
358,7,TYR50,0.0,-1.0,0,0.0
358,8,LYS108,1.0,0.0,0,1.0
358,9,LYS56,1.0,0.0,0,1.0
358,10,ASP247,-1.0,0.0,0,-1.0
359,1,GLU251,-1.0,0.0,0,-1.0
359,2,GLU11,-1.0,0.0,0,-1.0
359,3,ASP201,-1.0,0.0,0,-1.0
359,4,HIS86,1.0,0.0,1,0.0
359,5,LYS228,1.0,0.0,0,1.0
359,6,HIS373,0.0,1.0,1,1.0
359,7,ASP207,-1.0,0.0,0,-1.0
359,8,GLU91,-1.0,0.0,0,-1.0
359,9,TYR330,0.0,-1.0,0,0.0
359,10,GLU51,-1.0,0.0,0,-1.0
360,1,ASP23,-1.0,0.0,0,-1.0
360,2,GLU331,-1.0,0.0,0,-1.0
360,3,ASP41,-1.0,0.0,0,-1.0
360,4,GLU211,-1.0,0.0,0,-1.0
360,5,GLU243,-1.0,0.0,0,-1.0
360,6,TYR250,0.0,-1.0,0,0.0
360,7,GLU243,-1.0,0.0,0,-1.0
360,8,ASP81,-1.0,0.0,0,-1.0
360,9,TYR370,0.0,-1.0,0,0.0
360,10,LYS216,1.0,0.0,0,1.0
361,1,TYR170,0.0,-1.0,0,0.0
361,2,HIS366,1.0,0.0,1,0.0
361,3,GLU342,-1.0,0.0,0,-1.0
361,4,HIS374,0.0,1.0,1,1.0
361,5,LYS416,1.0,0.0,0,1.0
361,6,HIS13,0.0,1.0,0,0.0
361,7,GLU163,-1.0,0.0,0,-1.0
361,8,HIS53,0.0,1.0,0,0.0
361,9,GLU451,-1.0,0.0,0,-1.0
361,10,ASP441,-1.0,0.0,0,-1.0
362,1,HIS133,0.0,1.0,0,0.0
362,2,HIS14,0.0,1.0,0,0.0
362,3,ASP343,-1.0,0.0,0,-1.0
362,4,TYR370,0.0,-1.0,0,0.0
362,5,TYR290,0.0,-1.0,0,0.0
362,6,GLU363,-1.0,0.0,0,-1.0
362,7,LYS148,1.0,0.0,0,1.0
362,8,ARG205,1.0,0.0,0,1.0
362,9,TYR250,0.0,-1.0,0,0.0
362,10,GLU222,-1.0,0.0,0,-1.0
363,1,HIS214,0.0,1.0,0,0.0
363,2,LYS28,1.0,0.0,0,1.0
363,3,ASP167,-1.0,0.0,0,-1.0
363,4,GLU371,-1.0,0.0,0,-1.0
363,5,TYR130,0.0,-1.0,0,0.0
363,6,TYR370,0.0,-1.0,0,0.0
363,7,HIS133,0.0,1.0,1,1.0
363,8,ASP247,-1.0,0.0,0,-1.0
363,9,HIS373,1.0,0.0,1,0.0
363,10,ARG125,1.0,0.0,0,1.0
364,1,ASP87,-1.0,0.0,0,-1.0
364,2,TYR410,0.0,-1.0,0,0.0
364,3,ASP167,-1.0,0.0,0,-1.0
364,4,LYS136,1.0,0.0,0,1.0
364,5,ARG5,1.0,0.0,0,1.0
364,6,HIS413,0.0,1.0,0,0.0
364,7,GLU211,-1.0,0.0,0,-1.0
364,8,GLU251,-1.0,0.0,0,-1.0
364,9,LYS456,1.0,0.0,0,1.0
364,10,GLU283,-1.0,0.0,0,-1.0
365,1,ASP343,-1.0,0.0,0,-1.0
365,2,LYS468,1.0,0.0,0,1.0
365,3,HIS126,0.0,1.0,1,1.0
365,4,TYR410,0.0,-1.0,0,0.0
365,5,ASP23,-1.0,0.0,0,-1.0
365,6,ARG325,1.0,0.0,0,1.0
365,7,ASP447,-1.0,0.0,0,-1.0
365,8,ASP281,-1.0,0.0,0,-1.0
365,9,HIS293,0.0,1.0,0,0.0
365,10,ASP23,-1.0,0.0,0,-1.0
366,1,GLU163,-1.0,0.0,0,-1.0
366,2,LYS68,1.0,0.0,0,1.0
366,3,ASP423,-1.0,0.0,0,-1.0
366,4,TYR130,0.0,-1.0,0,0.0
366,5,ARG45,1.0,0.0,0,1.0
366,6,HIS54,0.0,1.0,1,1.0
366,7,LYS256,1.0,0.0,0,1.0
366,8,ASP23,-1.0,0.0,0,-1.0
366,9,GLU211,-1.0,0.0,0,-1.0
366,10,HIS213,0.0,1.0,1,1.0
367,1,LYS56,1.0,0.0,0,1.0
367,2,ASP207,-1.0,0.0,0,-1.0
367,3,HIS294,1.0,0.0,1,0.0
367,4,ASP127,-1.0,0.0,0,-1.0
367,5,ARG245,1.0,0.0,0,1.0
367,6,ASP423,-1.0,0.0,0,-1.0
367,7,LYS348,1.0,0.0,0,1.0
367,8,ASP463,-1.0,0.0,0,-1.0
367,9,ASP167,-1.0,0.0,0,-1.0
367,10,ARG445,1.0,0.0,0,1.0
368,1,LYS348,1.0,0.0,0,1.0
368,2,GLU43,-1.0,0.0,0,-1.0
368,3,ARG205,1.0,0.0,0,1.0
368,4,HIS6,0.0,1.0,1,1.0
368,5,ASP361,-1.0,0.0,0,-1.0
368,6,ASP247,-1.0,0.0,0,-1.0
368,7,GLU371,-1.0,0.0,0,-1.0
368,8,LYS376,1.0,0.0,0,1.0
368,9,GLU443,-1.0,0.0,0,-1.0
368,10,GLU451,-1.0,0.0,0,-1.0
369,1,HIS406,0.0,1.0,1,1.0
369,2,GLU163,-1.0,0.0,0,-1.0
369,3,ASP321,-1.0,0.0,0,-1.0
369,4,GLU283,-1.0,0.0,0,-1.0
369,5,HIS133,1.0,0.0,1,0.0
369,6,HIS333,0.0,1.0,1,1.0
369,7,LYS188,1.0,0.0,0,1.0
369,8,HIS214,0.0,1.0,1,1.0
369,9,HIS294,0.0,1.0,1,1.0
369,10,ASP241,-1.0,0.0,0,-1.0
370,1,TYR130,0.0,-1.0,0,0.0
370,2,ARG365,1.0,0.0,0,1.0
370,3,GLU262,-1.0,0.0,0,-1.0
370,4,HIS6,1.0,0.0,1,0.0
370,5,ASP441,-1.0,0.0,0,-1.0
370,6,HIS213,1.0,0.0,1,0.0
370,7,GLU222,-1.0,0.0,0,-1.0
370,8,HIS206,0.0,1.0,1,1.0
370,9,ASP103,-1.0,0.0,0,-1.0
370,10,ASP201,-1.0,0.0,0,-1.0
371,1,GLU283,-1.0,0.0,0,-1.0
371,2,LYS268,1.0,0.0,0,1.0
371,3,HIS134,0.0,1.0,1,1.0
371,4,LYS188,1.0,0.0,0,1.0
371,5,ASP247,-1.0,0.0,0,-1.0
371,6,ASP167,-1.0,0.0,0,-1.0
371,7,LYS68,1.0,0.0,0,1.0
371,8,LYS216,1.0,0.0,0,1.0
371,9,GLU251,-1.0,0.0,0,-1.0
371,10,ASP361,-1.0,0.0,0,-1.0
372,1,LYS428,1.0,0.0,0,1.0
372,2,LYS68,1.0,0.0,0,1.0
372,3,GLU382,-1.0,0.0,1,0.0
372,4,LYS348,1.0,0.0,0,1.0
372,5,ASP223,-1.0,0.0,0,-1.0
372,6,ASP401,-1.0,0.0,0,-1.0
372,7,GLU462,0.0,-1.0,0,0.0
372,8,GLU123,-1.0,0.0,0,-1.0
372,9,HIS454,1.0,0.0,1,0.0
372,10,ASP161,-1.0,0.0,0,-1.0
373,1,ARG165,1.0,0.0,0,1.0
373,2,ASP63,-1.0,0.0,0,-1.0
373,3,ARG325,1.0,0.0,0,1.0
373,4,ASP327,-1.0,0.0,0,-1.0
373,5,GLU382,0.0,-1.0,1,-1.0
373,6,ASP447,-1.0,0.0,0,-1.0
373,7,ASP463,-1.0,0.0,0,-1.0
373,8,GLU243,-1.0,0.0,0,-1.0
373,9,ASP183,-1.0,0.0,0,-1.0
373,10,HIS454,0.0,1.0,1,1.0
374,1,GLU243,-1.0,0.0,0,-1.0
374,2,GLU163,-1.0,0.0,0,-1.0
374,3,TYR210,0.0,-1.0,0,0.0
374,4,ASP23,-1.0,0.0,0,-1.0
374,5,GLU382,-1.0,0.0,0,-1.0
374,6,ASP201,-1.0,0.0,0,-1.0
374,7,LYS148,1.0,0.0,0,1.0
374,8,HIS93,0.0,1.0,0,0.0
374,9,GLU462,0.0,-1.0,0,0.0
374,10,ASP303,-1.0,0.0,0,-1.0
375,1,ASP223,-1.0,0.0,0,-1.0
375,2,GLU83,-1.0,0.0,0,-1.0
375,3,ARG245,1.0,0.0,0,1.0
375,4,HIS334,1.0,0.0,1,0.0
375,5,GLU283,-1.0,0.0,0,-1.0
375,6,TYR290,0.0,-1.0,0,0.0
375,7,HIS334,0.0,1.0,0,0.0
375,8,HIS454,1.0,0.0,1,0.0
375,9,TYR410,0.0,-1.0,0,0.0
375,10,LYS228,1.0,0.0,0,1.0
376,1,GLU203,-1.0,0.0,0,-1.0
376,2,HIS214,1.0,0.0,1,0.0
376,3,LYS68,1.0,0.0,0,1.0
376,4,GLU142,-1.0,0.0,0,-1.0
376,5,GLU3,-1.0,0.0,0,-1.0
376,6,LYS16,1.0,0.0,0,1.0
376,7,HIS294,1.0,0.0,1,0.0
376,8,HIS126,1.0,0.0,1,0.0
376,9,ASP303,-1.0,0.0,0,-1.0
376,10,GLU123,-1.0,0.0,0,-1.0
377,1,HIS254,0.0,1.0,0,0.0
377,2,TYR50,0.0,-1.0,0,0.0
377,3,LYS308,1.0,0.0,0,1.0
377,4,HIS166,0.0,1.0,1,1.0
377,5,GLU422,-1.0,0.0,0,-1.0
377,6,TYR370,0.0,-1.0,0,0.0
377,7,HIS414,1.0,0.0,1,0.0
377,8,ASP423,-1.0,0.0,0,-1.0
377,9,HIS214,0.0,1.0,1,1.0
377,10,TYR50,0.0,-1.0,0,0.0
378,1,HIS46,0.0,1.0,1,1.0
378,2,ASP127,-1.0,0.0,0,-1.0
378,3,GLU62,-1.0,0.0,0,-1.0
378,4,ARG285,1.0,0.0,0,1.0
378,5,TYR210,0.0,-1.0,0,0.0
378,6,ASP367,-1.0,0.0,0,-1.0
378,7,GLU371,-1.0,0.0,0,-1.0
378,8,ASP343,-1.0,0.0,0,-1.0
378,9,GLU363,-1.0,0.0,0,-1.0
378,10,ASP303,-1.0,0.0,0,-1.0
379,1,HIS93,0.0,1.0,0,0.0
379,2,GLU163,-1.0,0.0,0,-1.0
379,3,ARG445,1.0,0.0,0,1.0
379,4,HIS414,0.0,1.0,0,0.0
379,5,LYS348,1.0,0.0,0,1.0
379,6,GLU43,-1.0,0.0,0,-1.0
379,7,HIS86,0.0,1.0,1,1.0
379,8,TYR10,0.0,-1.0,0,0.0
379,9,LYS308,1.0,0.0,0,1.0
379,10,GLU302,-1.0,0.0,0,-1.0
380,1,HIS454,0.0,1.0,1,1.0
380,2,GLU451,-1.0,0.0,0,-1.0
380,3,ASP127,-1.0,0.0,0,-1.0
380,4,ASP361,-1.0,0.0,0,-1.0
380,5,HIS373,0.0,1.0,1,1.0
380,6,TYR90,0.0,-1.0,0,0.0
380,7,GLU171,-1.0,0.0,0,-1.0
380,8,HIS133,0.0,1.0,0,0.0
380,9,GLU342,-1.0,0.0,0,-1.0
380,10,HIS166,1.0,0.0,0,1.0
381,1,ARG45,1.0,0.0,0,1.0
381,2,TYR290,0.0,-1.0,0,0.0
381,3,LYS348,1.0,0.0,0,1.0
381,4,ASP247,-1.0,0.0,0,-1.0
381,5,LYS28,1.0,0.0,0,1.0
381,6,ARG405,1.0,0.0,0,1.0
381,7,HIS414,0.0,1.0,0,0.0
381,8,ASP463,-1.0,0.0,0,-1.0
381,9,LYS216,1.0,0.0,0,1.0
381,10,TYR10,0.0,-1.0,0,0.0
382,1,GLU163,-1.0,0.0,0,-1.0
382,2,GLU251,-1.0,0.0,0,-1.0
382,3,LYS388,1.0,0.0,0,1.0
382,4,HIS86,1.0,0.0,1,0.0
382,5,ASP87,-1.0,0.0,0,-1.0
382,6,TYR10,0.0,-1.0,0,0.0
382,7,GLU331,-1.0,0.0,0,-1.0
382,8,ARG165,1.0,0.0,0,1.0
382,9,LYS136,1.0,0.0,0,1.0
382,10,GLU243,-1.0,0.0,0,-1.0
383,1,ASP161,-1.0,0.0,0,-1.0
383,2,TYR90,0.0,-1.0,0,0.0
383,3,ARG325,1.0,0.0,0,1.0
383,4,LYS296,1.0,0.0,0,1.0
383,5,HIS406,1.0,0.0,1,0.0
383,6,ASP367,-1.0,0.0,0,-1.0
383,7,ASP201,-1.0,0.0,0,-1.0
383,8,ASP23,-1.0,0.0,0,-1.0
383,9,LYS468,1.0,0.0,0,1.0
383,10,HIS93,0.0,1.0,0,0.0
384,1,LYS56,1.0,0.0,0,1.0
384,2,HIS334,0.0,1.0,1,1.0
384,3,GLU203,-1.0,0.0,0,-1.0
384,4,HIS406,0.0,1.0,1,1.0
384,5,HIS374,1.0,0.0,1,0.0
384,6,ARG165,1.0,0.0,0,1.0
384,7,HIS293,0.0,1.0,0,0.0
384,8,LYS468,1.0,0.0,0,1.0
384,9,TYR450,0.0,-1.0,0,0.0
384,10,LYS416,1.0,0.0,0,1.0
385,1,LYS188,1.0,0.0,0,1.0
385,2,HIS46,1.0,0.0,1,0.0
385,3,ASP143,-1.0,0.0,0,-1.0
385,4,ASP343,-1.0,0.0,0,-1.0
385,5,ASP7,-1.0,0.0,0,-1.0
385,6,LYS268,1.0,0.0,0,1.0
385,7,GLU422,-1.0,0.0,0,-1.0
385,8,HIS206,1.0,0.0,1,0.0
385,9,ASP143,-1.0,0.0,0,-1.0
385,10,ASP401,-1.0,0.0,0,-1.0
386,1,HIS326,1.0,0.0,1,0.0
386,2,GLU291,-1.0,0.0,0,-1.0
386,3,GLU43,-1.0,0.0,0,-1.0
386,4,GLU363,-1.0,0.0,0,-1.0
386,5,HIS94,0.0,1.0,0,0.0
386,6,ASP81,-1.0,0.0,0,-1.0
386,7,ASP263,-1.0,0.0,0,-1.0
386,8,ASP87,-1.0,0.0,0,-1.0
386,9,GLU283,-1.0,0.0,0,-1.0
386,10,ASP241,-1.0,0.0,0,-1.0
387,1,HIS333,1.0,0.0,1,0.0
387,2,GLU62,-1.0,0.0,0,-1.0
387,3,LYS348,1.0,0.0,0,1.0
387,4,HIS334,1.0,0.0,1,0.0
387,5,LYS68,1.0,0.0,0,1.0
387,6,LYS96,1.0,0.0,0,1.0
387,7,TYR410,0.0,-1.0,0,0.0
387,8,HIS93,0.0,1.0,0,0.0
387,9,ARG5,1.0,0.0,0,1.0
387,10,ARG5,1.0,0.0,0,1.0
388,1,LYS16,1.0,0.0,0,1.0
388,2,ASP327,-1.0,0.0,0,-1.0
388,3,GLU331,-1.0,0.0,0,-1.0
388,4,LYS216,1.0,0.0,0,1.0
388,5,LYS428,1.0,0.0,0,1.0
388,6,GLU462,0.0,-1.0,0,0.0
388,7,ARG85,1.0,0.0,0,1.0
388,8,ASP241,-1.0,0.0,0,-1.0
388,9,HIS413,0.0,1.0,0,0.0
388,10,ASP367,-1.0,0.0,0,-1.0
389,1,GLU291,-1.0,0.0,0,-1.0
389,2,GLU323,-1.0,0.0,0,-1.0
389,3,LYS428,1.0,0.0,0,1.0
389,4,ASP47,-1.0,0.0,0,-1.0
389,5,GLU62,-1.0,0.0,0,-1.0
389,6,HIS6,0.0,1.0,1,1.0
389,7,LYS416,1.0,0.0,0,1.0
389,8,HIS246,1.0,0.0,1,0.0
389,9,HIS94,0.0,1.0,1,1.0
389,10,HIS406,1.0,0.0,1,0.0
390,1,HIS46,0.0,1.0,1,1.0
390,2,LYS256,1.0,0.0,0,1.0
390,3,TYR410,0.0,-1.0,0,0.0
390,4,ASP87,-1.0,0.0,0,-1.0
390,5,ASP263,-1.0,0.0,0,-1.0
390,6,GLU123,-1.0,0.0,0,-1.0
390,7,ASP23,-1.0,0.0,0,-1.0
390,8,HIS174,0.0,1.0,0,0.0
390,9,HIS94,1.0,0.0,1,0.0
390,10,GLU11,-1.0,0.0,0,-1.0
391,1,ASP1,-1.0,0.0,0,-1.0
391,2,GLU283,-1.0,0.0,0,-1.0
391,3,ASP81,-1.0,0.0,0,-1.0
391,4,ARG125,1.0,0.0,0,1.0
391,5,ASP241,-1.0,0.0,0,-1.0
391,6,TYR370,0.0,-1.0,0,0.0
391,7,TYR370,0.0,-1.0,0,0.0
391,8,GLU62,-1.0,0.0,0,-1.0
391,9,GLU283,-1.0,0.0,0,-1.0
391,10,ASP463,-1.0,0.0,0,-1.0
392,1,GLU102,-1.0,0.0,0,-1.0
392,2,LYS308,1.0,0.0,0,1.0
392,3,GLU302,-1.0,0.0,0,-1.0
392,4,ASP241,-1.0,0.0,0,-1.0
392,5,GLU342,-1.0,0.0,0,-1.0
392,6,HIS53,0.0,1.0,0,0.0
392,7,HIS206,0.0,1.0,1,1.0
392,8,GLU43,-1.0,0.0,0,-1.0
392,9,HIS94,0.0,1.0,0,0.0
392,10,HIS254,0.0,1.0,0,0.0
393,1,TYR250,0.0,-1.0,0,0.0
393,2,ASP223,-1.0,0.0,0,-1.0
393,3,ASP167,-1.0,0.0,0,-1.0
393,4,HIS253,1.0,0.0,1,0.0
393,5,ASP367,-1.0,0.0,0,-1.0
393,6,ASP63,-1.0,0.0,0,-1.0
393,7,HIS413,0.0,1.0,1,1.0
393,8,HIS366,0.0,1.0,1,1.0
393,9,HIS214,1.0,0.0,1,0.0
393,10,GLU283,-1.0,0.0,0,-1.0
394,1,ASP7,-1.0,0.0,0,-1.0
394,2,LYS228,1.0,0.0,0,1.0
394,3,TYR250,0.0,-1.0,0,0.0
394,4,TYR170,0.0,-1.0,0,0.0
394,5,ASP303,-1.0,0.0,0,-1.0
394,6,HIS126,0.0,1.0,1,1.0
394,7,HIS126,1.0,0.0,1,0.0
394,8,LYS16,1.0,0.0,0,1.0
394,9,LYS456,1.0,0.0,0,1.0
394,10,GLU3,-1.0,0.0,0,-1.0
395,1,LYS136,1.0,0.0,0,1.0
395,2,ASP447,-1.0,0.0,0,-1.0
395,3,LYS28,1.0,0.0,0,1.0
395,4,HIS374,0.0,1.0,0,0.0
395,5,ARG405,1.0,0.0,0,1.0
395,6,HIS406,0.0,1.0,1,1.0
395,7,TYR90,0.0,-1.0,0,0.0
395,8,HIS174,0.0,1.0,0,0.0
395,9,TYR450,0.0,-1.0,0,0.0
395,10,LYS416,1.0,0.0,0,1.0
396,1,LYS216,1.0,0.0,0,1.0
396,2,GLU262,-1.0,0.0,0,-1.0
396,3,GLU411,-1.0,0.0,0,-1.0
396,4,LYS416,1.0,0.0,0,1.0
396,5,LYS456,1.0,0.0,0,1.0
396,6,ASP7,-1.0,0.0,0,-1.0
396,7,LYS388,1.0,0.0,0,1.0
396,8,LYS16,1.0,0.0,0,1.0
396,9,HIS133,0.0,1.0,1,1.0
396,10,ARG445,1.0,0.0,0,1.0
397,1,HIS53,0.0,1.0,0,0.0
397,2,GLU211,-1.0,0.0,0,-1.0
397,3,ASP7,-1.0,0.0,0,-1.0
397,4,ASP81,-1.0,0.0,0,-1.0
397,5,GLU363,-1.0,0.0,0,-1.0
397,6,GLU283,-1.0,0.0,0,-1.0
397,7,HIS133,1.0,0.0,1,0.0
397,8,ARG85,1.0,0.0,0,1.0
397,9,LYS136,1.0,0.0,0,1.0
397,10,GLU11,-1.0,0.0,0,-1.0
398,1,HIS373,1.0,0.0,1,0.0
398,2,ARG5,1.0,0.0,0,1.0
398,3,GLU443,-1.0,0.0,0,-1.0
398,4,GLU243,-1.0,0.0,0,-1.0
398,5,LYS56,1.0,0.0,0,1.0
398,6,GLU323,-1.0,0.0,0,-1.0
398,7,ASP263,-1.0,0.0,0,-1.0
398,8,HIS133,0.0,1.0,0,0.0
398,9,HIS294,0.0,1.0,1,1.0
398,10,LYS28,1.0,0.0,0,1.0
399,1,TYR210,0.0,-1.0,0,0.0
399,2,GLU51,-1.0,0.0,0,-1.0
399,3,ASP447,-1.0,0.0,0,-1.0
399,4,GLU22,-1.0,0.0,0,-1.0
399,5,TYR450,0.0,-1.0,0,0.0
399,6,HIS133,0.0,1.0,0,0.0
399,7,HIS53,0.0,1.0,0,0.0
399,8,GLU323,-1.0,0.0,0,-1.0
399,9,LYS176,1.0,0.0,0,1.0
399,10,GLU283,-1.0,0.0,0,-1.0
400,1,ASP223,-1.0,0.0,0,-1.0
400,2,GLU62,-1.0,0.0,0,-1.0
400,3,GLU331,-1.0,0.0,0,-1.0
400,4,GLU382,-1.0,0.0,0,-1.0
400,5,ASP207,-1.0,0.0,0,-1.0
400,6,ASP7,-1.0,0.0,0,-1.0
400,7,ASP321,-1.0,0.0,0,-1.0
400,8,TYR290,0.0,-1.0,0,0.0
400,9,GLU342,-1.0,0.0,0,-1.0
400,10,ASP161,-1.0,0.0,0,-1.0
401,1,LYS268,1.0,0.0,0,1.0
401,2,GLU62,-1.0,0.0,0,-1.0
401,3,LYS28,1.0,0.0,0,1.0
401,4,TYR330,0.0,-1.0,0,0.0
401,5,GLU411,-1.0,0.0,0,-1.0
401,6,ASP401,-1.0,0.0,0,-1.0
401,7,ASP161,-1.0,0.0,0,-1.0
401,8,ASP401,-1.0,0.0,0,-1.0
401,9,ASP7,-1.0,0.0,0,-1.0
401,10,ASP327,-1.0,0.0,0,-1.0
402,1,LYS56,1.0,0.0,0,1.0
402,2,GLU171,-1.0,0.0,0,-1.0
402,3,TYR50,0.0,-1.0,0,0.0
402,4,ASP103,-1.0,0.0,0,-1.0
402,5,ASP367,-1.0,0.0,0,-1.0
402,6,HIS246,0.0,1.0,1,1.0
402,7,TYR290,0.0,-1.0,0,0.0
402,8,HIS254,0.0,1.0,1,1.0
402,9,LYS216,1.0,0.0,0,1.0
402,10,ASP161,-1.0,0.0,0,-1.0
403,1,GLU443,-1.0,0.0,0,-1.0
403,2,ASP401,-1.0,0.0,0,-1.0
403,3,ARG125,1.0,0.0,0,1.0
403,4,GLU363,-1.0,0.0,0,-1.0
403,5,ASP47,-1.0,0.0,0,-1.0
403,6,HIS374,0.0,1.0,1,1.0
403,7,HIS254,1.0,0.0,1,0.0
403,8,TYR250,0.0,-1.0,0,0.0
403,9,LYS296,1.0,0.0,0,1.0
403,10,GLU382,-1.0,0.0,0,-1.0
404,1,HIS454,1.0,0.0,1,0.0
404,2,ASP207,-1.0,0.0,0,-1.0
404,3,GLU91,-1.0,0.0,0,-1.0
404,4,ASP401,-1.0,0.0,0,-1.0
404,5,LYS96,1.0,0.0,0,1.0
404,6,LYS56,1.0,0.0,0,1.0
404,7,LYS56,1.0,0.0,0,1.0
404,8,GLU411,-1.0,0.0,0,-1.0
404,9,GLU323,-1.0,0.0,0,-1.0
404,10,ASP87,-1.0,0.0,0,-1.0
405,1,ASP447,-1.0,0.0,0,-1.0
405,2,ASP81,-1.0,0.0,0,-1.0
405,3,GLU291,-1.0,0.0,0,-1.0
405,4,HIS246,1.0,0.0,1,0.0
405,5,TYR50,0.0,-1.0,0,0.0
405,6,LYS56,1.0,0.0,0,1.0
405,7,GLU283,-1.0,0.0,0,-1.0
405,8,HIS414,0.0,1.0,0,0.0
405,9,HIS6,1.0,0.0,1,0.0
405,10,ASP161,-1.0,0.0,0,-1.0
406,1,HIS373,0.0,1.0,0,0.0
406,2,ASP327,-1.0,0.0,0,-1.0
406,3,HIS133,0.0,1.0,0,0.0
406,4,LYS348,1.0,0.0,0,1.0
406,5,TYR290,0.0,-1.0,0,0.0
406,6,LYS228,1.0,0.0,0,1.0
406,7,GLU371,-1.0,0.0,0,-1.0
406,8,ARG285,1.0,0.0,0,1.0
406,9,GLU291,-1.0,0.0,0,-1.0
406,10,HIS214,0.0,1.0,1,1.0
407,1,TYR210,0.0,-1.0,0,0.0
407,2,HIS413,1.0,0.0,1,0.0
407,3,LYS56,1.0,0.0,0,1.0
407,4,ASP7,-1.0,0.0,0,-1.0
407,5,TYR170,0.0,-1.0,0,0.0
407,6,LYS308,1.0,0.0,0,1.0
407,7,ASP383,-1.0,0.0,0,-1.0
407,8,TYR290,0.0,-1.0,0,0.0
407,9,LYS28,1.0,0.0,0,1.0
407,10,HIS213,0.0,1.0,0,0.0
408,1,LYS388,1.0,0.0,0,1.0
408,2,HIS374,1.0,0.0,1,0.0
408,3,ASP103,-1.0,0.0,0,-1.0
408,4,ASP383,-1.0,0.0,0,-1.0
408,5,ASP223,-1.0,0.0,0,-1.0
408,6,ASP183,-1.0,0.0,0,-1.0
408,7,LYS256,1.0,0.0,0,1.0
408,8,LYS256,1.0,0.0,0,1.0
408,9,GLU422,-1.0,0.0,0,-1.0
408,10,ASP143,-1.0,0.0,0,-1.0
409,1,GLU83,-1.0,0.0,0,-1.0
409,2,ASP303,-1.0,0.0,0,-1.0
409,3,LYS336,1.0,0.0,0,1.0
409,4,GLU3,-1.0,0.0,0,-1.0
409,5,ARG365,1.0,0.0,0,1.0
409,6,LYS416,1.0,0.0,0,1.0
409,7,HIS14,0.0,1.0,0,0.0
409,8,LYS68,1.0,0.0,0,1.0
409,9,LYS68,1.0,0.0,0,1.0
409,10,TYR330,0.0,-1.0,0,0.0
410,1,GLU342,-1.0,0.0,0,-1.0
410,2,ASP167,-1.0,0.0,0,-1.0
410,3,GLU91,-1.0,0.0,0,-1.0
410,4,GLU422,-1.0,0.0,0,-1.0
410,5,GLU422,-1.0,0.0,0,-1.0
410,6,HIS326,0.0,1.0,1,1.0
410,7,ASP167,-1.0,0.0,0,-1.0
410,8,HIS293,0.0,1.0,1,1.0
410,9,HIS206,1.0,0.0,1,0.0
410,10,GLU182,-1.0,0.0,0,-1.0
411,1,LYS228,1.0,0.0,0,1.0
411,2,ASP463,-1.0,0.0,0,-1.0
411,3,ASP247,-1.0,0.0,0,-1.0
411,4,ASP441,-1.0,0.0,0,-1.0
411,5,LYS188,1.0,0.0,0,1.0
411,6,HIS333,0.0,1.0,1,1.0
411,7,GLU422,-1.0,0.0,0,-1.0
411,8,ASP287,-1.0,0.0,0,-1.0
411,9,TYR10,0.0,-1.0,0,0.0
411,10,ASP143,-1.0,0.0,0,-1.0
412,1,LYS56,1.0,0.0,0,1.0
412,2,ASP127,-1.0,0.0,0,-1.0
412,3,HIS366,1.0,0.0,1,0.0
412,4,LYS68,1.0,0.0,0,1.0
412,5,ASP47,-1.0,0.0,0,-1.0
412,6,ASP287,-1.0,0.0,0,-1.0
412,7,LYS136,1.0,0.0,0,1.0
412,8,HIS374,0.0,1.0,0,0.0
412,9,LYS16,1.0,0.0,0,1.0
412,10,TYR90,0.0,-1.0,0,0.0
413,1,ASP207,-1.0,0.0,0,-1.0
413,2,ASP1,-1.0,0.0,0,-1.0
413,3,HIS453,0.0,1.0,1,1.0
413,4,GLU43,-1.0,0.0,0,-1.0
413,5,GLU291,-1.0,0.0,0,-1.0
413,6,ARG85,1.0,0.0,0,1.0
413,7,HIS246,0.0,1.0,0,0.0
413,8,TYR130,0.0,-1.0,0,0.0
413,9,GLU331,-1.0,0.0,0,-1.0
413,10,GLU62,-1.0,0.0,0,-1.0
414,1,ASP23,-1.0,0.0,0,-1.0
414,2,HIS294,1.0,0.0,1,0.0
414,3,HIS13,0.0,1.0,0,0.0
414,4,LYS256,1.0,0.0,0,1.0
414,5,ASP343,-1.0,0.0,0,-1.0
414,6,GLU462,0.0,-1.0,0,0.0
414,7,GLU222,-1.0,0.0,0,-1.0
414,8,TYR450,0.0,-1.0,0,0.0
414,9,ARG405,1.0,0.0,0,1.0
414,10,HIS134,1.0,0.0,1,0.0
415,1,ASP423,-1.0,0.0,0,-1.0
415,2,TYR370,0.0,-1.0,0,0.0
415,3,ARG85,1.0,0.0,0,1.0
415,4,HIS413,0.0,1.0,0,0.0
415,5,ASP161,-1.0,0.0,0,-1.0
415,6,GLU123,-1.0,0.0,0,-1.0
415,7,TYR450,0.0,-1.0,0,0.0
415,8,GLU251,-1.0,0.0,0,-1.0
415,9,HIS413,0.0,1.0,0,0.0
415,10,ASP201,-1.0,0.0,0,-1.0
416,1,GLU43,-1.0,0.0,0,-1.0
416,2,TYR10,0.0,-1.0,0,0.0
416,3,ARG285,1.0,0.0,0,1.0
416,4,HIS206,0.0,1.0,1,1.0
416,5,HIS133,0.0,1.0,0,0.0
416,6,HIS54,1.0,0.0,1,0.0
416,7,ASP287,-1.0,0.0,0,-1.0
416,8,ASP303,-1.0,0.0,0,-1.0
416,9,LYS68,1.0,0.0,0,1.0
416,10,ARG445,1.0,0.0,0,1.0
417,1,GLU302,-1.0,0.0,0,-1.0
417,2,GLU262,-1.0,0.0,0,-1.0
417,3,GLU443,-1.0,0.0,0,-1.0
417,4,HIS134,0.0,1.0,1,1.0
417,5,LYS268,1.0,0.0,0,1.0
417,6,LYS428,1.0,0.0,0,1.0
417,7,GLU211,-1.0,0.0,0,-1.0
417,8,GLU363,-1.0,0.0,0,-1.0
417,9,HIS206,1.0,0.0,1,0.0
417,10,ASP263,-1.0,0.0,0,-1.0
418,1,ARG205,1.0,0.0,0,1.0
418,2,GLU11,-1.0,0.0,0,-1.0
418,3,ASP281,-1.0,0.0,0,-1.0
418,4,LYS376,1.0,0.0,0,1.0
418,5,ASP423,-1.0,0.0,0,-1.0
418,6,TYR290,0.0,-1.0,0,0.0
418,7,GLU3,-1.0,0.0,0,-1.0
418,8,HIS454,0.0,1.0,1,1.0
418,9,GLU451,-1.0,0.0,0,-1.0
418,10,GLU283,-1.0,0.0,0,-1.0
419,1,TYR370,0.0,-1.0,0,0.0
419,2,HIS86,0.0,1.0,1,1.0
419,3,GLU331,-1.0,0.0,0,-1.0
419,4,GLU142,-1.0,0.0,0,-1.0
419,5,TYR10,0.0,-1.0,0,0.0
419,6,GLU262,-1.0,0.0,0,-1.0
419,7,HIS134,1.0,0.0,1,0.0
419,8,GLU342,-1.0,0.0,0,-1.0
419,9,GLU251,-1.0,0.0,0,-1.0
419,10,GLU403,-1.0,0.0,0,-1.0
420,1,HIS453,1.0,0.0,1,0.0
420,2,ASP23,-1.0,0.0,0,-1.0
420,3,ASP407,-1.0,0.0,0,-1.0
420,4,ARG45,1.0,0.0,0,1.0
420,5,LYS348,1.0,0.0,0,1.0
420,6,GLU451,-1.0,0.0,0,-1.0
420,7,TYR210,0.0,-1.0,0,0.0
420,8,GLU91,-1.0,0.0,0,-1.0
420,9,ASP383,-1.0,0.0,0,-1.0
420,10,GLU43,-1.0,0.0,0,-1.0
421,1,HIS246,0.0,1.0,1,1.0
421,2,ASP447,-1.0,0.0,0,-1.0
421,3,HIS246,1.0,0.0,1,0.0
421,4,GLU203,-1.0,0.0,0,-1.0
421,5,HIS374,0.0,1.0,1,1.0
421,6,GLU403,-1.0,0.0,0,-1.0
421,7,ARG245,1.0,0.0,0,1.0
421,8,GLU211,-1.0,0.0,0,-1.0
421,9,TYR130,0.0,-1.0,0,0.0
421,10,ASP327,-1.0,0.0,0,-1.0
422,1,GLU222,-1.0,0.0,0,-1.0
422,2,HIS46,1.0,0.0,1,0.0
422,3,GLU323,-1.0,0.0,0,-1.0
422,4,LYS96,1.0,0.0,0,1.0
422,5,HIS366,0.0,1.0,1,1.0
422,6,HIS14,0.0,1.0,1,1.0
422,7,ASP207,-1.0,0.0,0,-1.0
422,8,HIS246,0.0,1.0,1,1.0
422,9,HIS206,0.0,1.0,1,1.0
422,10,TYR450,0.0,-1.0,0,0.0
423,1,HIS446,0.0,1.0,1,1.0
423,2,GLU22,-1.0,0.0,0,-1.0
423,3,LYS228,1.0,0.0,0,1.0
423,4,HIS366,1.0,0.0,0,1.0
423,5,HIS253,0.0,1.0,0,0.0
423,6,LYS428,1.0,0.0,0,1.0
423,7,ARG405,1.0,0.0,0,1.0
423,8,HIS414,0.0,1.0,0,0.0
423,9,TYR170,0.0,-1.0,0,0.0
423,10,ASP23,-1.0,0.0,0,-1.0
424,1,HIS453,0.0,1.0,1,1.0
424,2,GLU43,-1.0,0.0,0,-1.0
424,3,ASP281,-1.0,0.0,0,-1.0
424,4,GLU243,-1.0,0.0,0,-1.0
424,5,ASP423,-1.0,0.0,0,-1.0
424,6,LYS456,1.0,0.0,0,1.0
424,7,LYS188,1.0,0.0,0,1.0
424,8,HIS174,0.0,1.0,1,1.0
424,9,HIS293,1.0,0.0,1,0.0
424,10,HIS374,1.0,0.0,1,0.0
425,1,LYS28,1.0,0.0,0,1.0
425,2,HIS174,1.0,0.0,1,0.0
425,3,ASP201,-1.0,0.0,0,-1.0
425,4,ARG365,1.0,0.0,0,1.0
425,5,HIS334,0.0,1.0,1,1.0
425,6,LYS68,1.0,0.0,0,1.0
425,7,ASP441,-1.0,0.0,0,-1.0
425,8,HIS293,0.0,1.0,1,1.0
425,9,GLU411,-1.0,0.0,0,-1.0
425,10,LYS348,1.0,0.0,0,1.0
426,1,HIS133,0.0,1.0,1,1.0
426,2,ASP121,-1.0,0.0,0,-1.0
426,3,HIS333,1.0,0.0,1,0.0
426,4,GLU251,-1.0,0.0,0,-1.0
426,5,HIS134,0.0,1.0,1,1.0
426,6,HIS453,1.0,0.0,1,0.0
426,7,ARG205,1.0,0.0,0,1.0
426,8,HIS173,0.0,1.0,0,0.0
426,9,LYS108,1.0,0.0,0,1.0
426,10,LYS16,1.0,0.0,0,1.0
427,1,GLU283,-1.0,0.0,0,-1.0
427,2,ASP63,-1.0,0.0,0,-1.0
427,3,GLU222,-1.0,0.0,0,-1.0
427,4,ASP423,-1.0,0.0,0,-1.0
427,5,HIS206,1.0,0.0,1,0.0
427,6,ASP87,-1.0,0.0,0,-1.0
427,7,GLU443,-1.0,0.0,0,-1.0
427,8,GLU443,-1.0,0.0,0,-1.0
427,9,ASP343,-1.0,0.0,0,-1.0
427,10,GLU131,-1.0,0.0,0,-1.0
428,1,GLU43,-1.0,0.0,0,-1.0
428,2,GLU11,-1.0,0.0,0,-1.0
428,3,HIS326,1.0,0.0,1,0.0
428,4,GLU451,-1.0,0.0,0,-1.0
428,5,HIS206,0.0,1.0,1,1.0
428,6,GLU371,-1.0,0.0,0,-1.0
428,7,HIS294,0.0,1.0,0,0.0
428,8,GLU3,-1.0,0.0,0,-1.0
428,9,ASP183,-1.0,0.0,0,-1.0
428,10,GLU443,-1.0,0.0,0,-1.0
429,1,LYS228,1.0,0.0,0,1.0
429,2,ASP41,-1.0,0.0,0,-1.0
429,3,GLU51,-1.0,0.0,0,-1.0
429,4,GLU62,-1.0,0.0,0,-1.0
429,5,LYS28,1.0,0.0,0,1.0
429,6,ASP7,-1.0,0.0,0,-1.0
429,7,HIS94,0.0,1.0,1,1.0
429,8,GLU363,-1.0,0.0,0,-1.0
429,9,HIS254,0.0,1.0,1,1.0
429,10,ASP463,-1.0,0.0,0,-1.0
430,1,HIS13,0.0,1.0,0,0.0
430,2,HIS374,0.0,1.0,1,1.0
430,3,GLU51,-1.0,0.0,0,-1.0
430,4,TYR250,0.0,-1.0,0,0.0
430,5,LYS108,1.0,0.0,0,1.0
430,6,TYR450,0.0,-1.0,0,0.0
430,7,LYS56,1.0,0.0,0,1.0
430,8,ASP367,-1.0,0.0,0,-1.0
430,9,LYS68,1.0,0.0,0,1.0
430,10,ASP81,-1.0,0.0,0,-1.0
431,1,TYR330,0.0,-1.0,0,0.0
431,2,ASP281,-1.0,0.0,0,-1.0
431,3,HIS173,0.0,1.0,1,1.0
431,4,LYS176,1.0,0.0,0,1.0
431,5,HIS286,1.0,0.0,1,0.0
431,6,ASP121,-1.0,0.0,0,-1.0
431,7,LYS108,1.0,0.0,0,1.0
431,8,ASP441,-1.0,0.0,0,-1.0
431,9,GLU131,-1.0,0.0,0,-1.0
431,10,LYS28,1.0,0.0,0,1.0
432,1,ASP281,-1.0,0.0,0,-1.0
432,2,GLU262,-1.0,0.0,0,-1.0
432,3,TYR10,0.0,-1.0,0,0.0
432,4,GLU102,-1.0,0.0,0,-1.0
432,5,ARG405,1.0,0.0,0,1.0
432,6,ASP207,-1.0,0.0,0,-1.0
432,7,TYR210,0.0,-1.0,0,0.0
432,8,GLU382,-1.0,0.0,0,-1.0
432,9,TYR290,0.0,-1.0,0,0.0
432,10,GLU182,-1.0,0.0,0,-1.0
433,1,HIS214,1.0,0.0,1,0.0
433,2,HIS54,0.0,1.0,1,1.0
433,3,HIS94,1.0,0.0,1,0.0
433,4,LYS56,1.0,0.0,0,1.0
433,5,HIS86,1.0,0.0,1,0.0
433,6,TYR370,0.0,-1.0,0,0.0
433,7,HIS294,0.0,1.0,1,1.0
433,8,GLU451,-1.0,0.0,0,-1.0
433,9,LYS96,1.0,0.0,0,1.0
433,10,GLU142,-1.0,0.0,0,-1.0
434,1,HIS6,0.0,1.0,1,1.0
434,2,TYR210,0.0,-1.0,0,0.0
434,3,ARG405,1.0,0.0,0,1.0
434,4,LYS28,1.0,0.0,0,1.0
434,5,LYS388,1.0,0.0,0,1.0
434,6,LYS216,1.0,0.0,0,1.0
434,7,TYR370,0.0,-1.0,0,0.0
434,8,TYR330,0.0,-1.0,0,0.0
434,9,GLU171,-1.0,0.0,0,-1.0
434,10,ASP7,-1.0,0.0,0,-1.0
435,1,HIS6,1.0,0.0,1,0.0
435,2,HIS286,0.0,1.0,0,0.0
435,3,TYR210,0.0,-1.0,0,0.0
435,4,HIS254,1.0,0.0,1,0.0
435,5,LYS388,1.0,0.0,0,1.0
435,6,ARG365,1.0,0.0,0,1.0
435,7,LYS296,1.0,0.0,0,1.0
435,8,LYS416,1.0,0.0,0,1.0
435,9,ASP183,-1.0,0.0,0,-1.0
435,10,TYR170,0.0,-1.0,0,0.0
436,1,ASP361,-1.0,0.0,0,-1.0
436,2,LYS348,1.0,0.0,0,1.0
436,3,ASP447,-1.0,0.0,0,-1.0
436,4,ARG85,1.0,0.0,0,1.0
436,5,ARG245,1.0,0.0,0,1.0
436,6,GLU22,-1.0,0.0,0,-1.0
436,7,TYR370,0.0,-1.0,0,0.0
436,8,HIS54,1.0,0.0,1,0.0
436,9,HIS174,0.0,1.0,0,0.0
436,10,ASP167,-1.0,0.0,0,-1.0
437,1,HIS453,0.0,1.0,0,0.0
437,2,GLU83,-1.0,0.0,0,-1.0
437,3,ARG205,1.0,0.0,0,1.0
437,4,ARG205,1.0,0.0,0,1.0
437,5,HIS6,0.0,1.0,1,1.0
437,6,ASP321,-1.0,0.0,0,-1.0
437,7,ASP367,-1.0,0.0,0,-1.0
437,8,GLU323,-1.0,0.0,0,-1.0
437,9,LYS16,1.0,0.0,0,1.0
437,10,HIS134,1.0,0.0,1,0.0
438,1,GLU403,-1.0,0.0,0,-1.0
438,2,LYS388,1.0,0.0,0,1.0
438,3,ASP167,-1.0,0.0,0,-1.0
438,4,HIS286,0.0,1.0,1,1.0
438,5,GLU51,-1.0,0.0,0,-1.0
438,6,HIS286,1.0,0.0,1,0.0
438,7,ASP441,-1.0,0.0,0,-1.0
438,8,HIS286,0.0,1.0,1,1.0
438,9,GLU371,-1.0,0.0,0,-1.0
438,10,HIS286,1.0,0.0,1,0.0
439,1,LYS28,1.0,0.0,0,1.0
439,2,ARG245,1.0,0.0,0,1.0
439,3,HIS13,0.0,1.0,0,0.0
439,4,GLU11,-1.0,0.0,0,-1.0
439,5,TYR290,0.0,-1.0,0,0.0
439,6,HIS373,0.0,1.0,1,1.0
439,7,ASP263,-1.0,0.0,0,-1.0
439,8,GLU382,-1.0,0.0,0,-1.0
439,9,ASP127,-1.0,0.0,0,-1.0
439,10,ASP121,-1.0,0.0,0,-1.0
440,1,ARG245,1.0,0.0,0,1.0
440,2,HIS366,1.0,0.0,1,0.0
440,3,GLU342,-1.0,0.0,0,-1.0
440,4,ASP161,-1.0,0.0,0,-1.0
440,5,ASP167,-1.0,0.0,0,-1.0
440,6,HIS134,0.0,1.0,1,1.0
440,7,ASP263,-1.0,0.0,0,-1.0
440,8,TYR290,0.0,-1.0,0,0.0
440,9,ARG5,1.0,0.0,0,1.0
440,10,LYS16,1.0,0.0,0,1.0
441,1,ASP401,-1.0,0.0,0,-1.0
441,2,HIS253,0.0,1.0,0,0.0
441,3,ASP1,-1.0,0.0,0,-1.0
441,4,HIS293,1.0,0.0,1,0.0
441,5,HIS54,0.0,1.0,0,0.0
441,6,LYS68,1.0,0.0,0,1.0
441,7,ARG85,1.0,0.0,0,1.0
441,8,ASP343,-1.0,0.0,0,-1.0
441,9,HIS14,1.0,0.0,1,0.0
441,10,ARG405,1.0,0.0,0,1.0
442,1,LYS468,1.0,0.0,0,1.0
442,2,HIS93,0.0,1.0,1,1.0
442,3,HIS86,0.0,1.0,0,0.0
442,4,GLU262,-1.0,0.0,0,-1.0
442,5,GLU211,-1.0,0.0,0,-1.0
442,6,TYR290,0.0,-1.0,0,0.0
442,7,HIS133,1.0,0.0,1,0.0
442,8,GLU83,-1.0,0.0,0,-1.0
442,9,ASP7,-1.0,0.0,0,-1.0
442,10,ASP7,-1.0,0.0,0,-1.0
443,1,HIS46,0.0,1.0,0,0.0
443,2,HIS94,0.0,1.0,1,1.0
443,3,GLU342,-1.0,0.0,0,-1.0
443,4,LYS148,1.0,0.0,0,1.0
443,5,HIS254,0.0,1.0,1,1.0
443,6,ASP367,-1.0,0.0,0,-1.0
443,7,HIS93,1.0,0.0,1,0.0
443,8,ASP103,-1.0,0.0,0,-1.0
443,9,ASP287,-1.0,0.0,0,-1.0
443,10,TYR210,0.0,-1.0,0,0.0
444,1,HIS326,0.0,1.0,1,1.0
444,2,LYS108,1.0,0.0,0,1.0
444,3,HIS414,0.0,1.0,0,0.0
444,4,GLU382,-1.0,0.0,0,-1.0
444,5,ASP263,-1.0,0.0,0,-1.0
444,6,ARG5,1.0,0.0,0,1.0
444,7,LYS296,1.0,0.0,0,1.0
444,8,ASP241,-1.0,0.0,0,-1.0
444,9,ASP423,-1.0,0.0,0,-1.0
444,10,HIS173,1.0,0.0,1,0.0
445,1,GLU211,-1.0,0.0,0,-1.0
445,2,GLU283,-1.0,0.0,0,-1.0
445,3,ASP303,-1.0,0.0,0,-1.0
445,4,HIS453,0.0,1.0,1,1.0
445,5,HIS54,0.0,1.0,0,0.0
445,6,ASP463,-1.0,0.0,0,-1.0
445,7,GLU182,-1.0,0.0,0,-1.0
445,8,GLU171,-1.0,0.0,0,-1.0
445,9,LYS68,1.0,0.0,0,1.0
445,10,ASP447,-1.0,0.0,0,-1.0
446,1,TYR250,0.0,-1.0,0,0.0
446,2,ASP63,-1.0,0.0,0,-1.0
446,3,ASP321,-1.0,0.0,0,-1.0
446,4,GLU163,-1.0,0.0,0,-1.0
446,5,ARG405,1.0,0.0,0,1.0
446,6,GLU3,-1.0,0.0,0,-1.0
446,7,HIS293,0.0,1.0,1,1.0
446,8,HIS453,1.0,0.0,1,0.0
446,9,HIS294,1.0,0.0,1,0.0
446,10,ARG325,1.0,0.0,0,1.0
447,1,GLU91,-1.0,0.0,0,-1.0
447,2,ASP7,-1.0,0.0,0,-1.0
447,3,LYS348,1.0,0.0,0,1.0
447,4,GLU283,-1.0,0.0,0,-1.0
447,5,LYS188,1.0,0.0,0,1.0
447,6,HIS253,0.0,1.0,0,0.0
447,7,HIS173,0.0,1.0,0,0.0
447,8,TYR450,0.0,-1.0,0,0.0
447,9,GLU142,-1.0,0.0,0,-1.0
447,10,ASP447,-1.0,0.0,0,-1.0
448,1,HIS454,1.0,0.0,1,0.0
448,2,HIS53,0.0,1.0,0,0.0
448,3,LYS336,1.0,0.0,0,1.0
448,4,HIS454,0.0,1.0,0,0.0
448,5,ASP183,-1.0,0.0,0,-1.0
448,6,ASP41,-1.0,0.0,0,-1.0
448,7,ASP1,-1.0,0.0,0,-1.0
448,8,GLU163,-1.0,0.0,0,-1.0
448,9,TYR50,0.0,-1.0,0,0.0
448,10,TYR290,0.0,-1.0,0,0.0
449,1,ASP87,-1.0,0.0,0,-1.0
449,2,ASP167,-1.0,0.0,0,-1.0
449,3,GLU163,-1.0,0.0,0,-1.0
449,4,LYS16,1.0,0.0,0,1.0
449,5,TYR130,0.0,-1.0,0,0.0
449,6,HIS446,1.0,0.0,1,0.0
449,7,HIS126,0.0,1.0,1,1.0
449,8,ASP303,-1.0,0.0,0,-1.0
449,9,HIS93,0.0,1.0,0,0.0
449,10,ASP121,-1.0,0.0,0,-1.0
450,1,ASP367,-1.0,0.0,0,-1.0
450,2,LYS68,1.0,0.0,0,1.0
450,3,ASP263,-1.0,0.0,0,-1.0
450,4,TYR50,0.0,-1.0,0,0.0
450,5,HIS253,0.0,1.0,1,1.0
450,6,ASP183,-1.0,0.0,0,-1.0
450,7,HIS93,0.0,1.0,0,0.0
450,8,HIS334,1.0,0.0,1,0.0
450,9,ASP263,-1.0,0.0,0,-1.0
450,10,TYR10,0.0,-1.0,0,0.0
451,1,LYS388,1.0,0.0,0,1.0
451,2,ARG245,1.0,0.0,0,1.0
451,3,GLU403,-1.0,0.0,0,-1.0
451,4,ARG365,1.0,0.0,0,1.0
451,5,GLU251,-1.0,0.0,0,-1.0
451,6,LYS216,1.0,0.0,0,1.0
451,7,LYS428,1.0,0.0,0,1.0
451,8,HIS14,0.0,1.0,1,1.0
451,9,GLU62,-1.0,0.0,0,-1.0
451,10,ASP423,-1.0,0.0,0,-1.0
452,1,HIS454,0.0,1.0,0,0.0
452,2,ASP143,-1.0,0.0,0,-1.0
452,3,ARG365,1.0,0.0,0,1.0
452,4,ASP127,-1.0,0.0,0,-1.0
452,5,HIS134,1.0,0.0,1,0.0
452,6,GLU102,-1.0,0.0,0,-1.0
452,7,ARG5,1.0,0.0,0,1.0
452,8,GLU11,-1.0,0.0,0,-1.0
452,9,LYS16,1.0,0.0,0,1.0
452,10,GLU262,-1.0,0.0,0,-1.0
453,1,HIS374,1.0,0.0,1,0.0
453,2,GLU291,-1.0,0.0,0,-1.0
453,3,GLU91,-1.0,0.0,0,-1.0
453,4,GLU102,-1.0,0.0,0,-1.0
453,5,HIS174,0.0,1.0,0,0.0
453,6,HIS326,1.0,0.0,1,0.0
453,7,GLU251,-1.0,0.0,0,-1.0
453,8,TYR450,0.0,-1.0,0,0.0
453,9,GLU262,-1.0,0.0,0,-1.0
453,10,HIS86,0.0,1.0,1,1.0
454,1,GLU131,-1.0,0.0,0,-1.0
454,2,LYS16,1.0,0.0,0,1.0
454,3,HIS133,0.0,1.0,0,0.0
454,4,ASP287,-1.0,0.0,0,-1.0
454,5,HIS214,0.0,1.0,1,1.0
454,6,ASP401,-1.0,0.0,0,-1.0
454,7,HIS246,1.0,0.0,1,0.0
454,8,ASP327,-1.0,0.0,0,-1.0
454,9,GLU22,-1.0,0.0,1,0.0
454,10,HIS254,1.0,0.0,1,0.0
455,1,HIS126,1.0,0.0,1,0.0
455,2,ASP183,-1.0,0.0,0,-1.0
455,3,TYR450,0.0,-1.0,0,0.0
455,4,LYS388,1.0,0.0,0,1.0
455,5,TYR50,0.0,-1.0,0,0.0
455,6,ARG245,1.0,0.0,0,1.0
455,7,LYS416,1.0,0.0,0,1.0
455,8,GLU283,-1.0,0.0,0,-1.0
455,9,ARG285,1.0,0.0,0,1.0
455,10,LYS96,1.0,0.0,0,1.0
456,1,TYR330,0.0,-1.0,0,0.0
456,2,ARG5,1.0,0.0,0,1.0
456,3,LYS428,1.0,0.0,0,1.0
456,4,HIS454,0.0,1.0,0,0.0
456,5,ASP87,-1.0,0.0,0,-1.0
456,6,GLU62,-1.0,0.0,0,-1.0
456,7,ARG325,1.0,0.0,0,1.0
456,8,HIS454,0.0,1.0,1,1.0
456,9,HIS86,1.0,0.0,1,0.0
456,10,HIS373,1.0,0.0,1,0.0
457,1,GLU11,-1.0,0.0,0,-1.0
457,2,ASP263,-1.0,0.0,0,-1.0
457,3,HIS14,1.0,0.0,1,0.0
457,4,LYS176,1.0,0.0,0,1.0
457,5,TYR50,0.0,-1.0,0,0.0
457,6,HIS213,0.0,1.0,0,0.0
457,7,GLU251,-1.0,0.0,0,-1.0
457,8,GLU182,-1.0,0.0,0,-1.0
457,9,ASP87,-1.0,0.0,0,-1.0
457,10,ASP367,-1.0,0.0,0,-1.0
458,1,HIS366,0.0,1.0,1,1.0
458,2,GLU462,0.0,-1.0,0,0.0
458,3,HIS253,1.0,0.0,1,0.0
458,4,HIS94,1.0,0.0,1,0.0
458,5,ASP401,-1.0,0.0,0,-1.0
458,6,GLU371,-1.0,0.0,0,-1.0
458,7,GLU51,-1.0,0.0,0,-1.0
458,8,LYS216,1.0,0.0,0,1.0
458,9,GLU142,-1.0,0.0,0,-1.0
458,10,ASP127,-1.0,0.0,0,-1.0
459,1,ARG245,1.0,0.0,0,1.0
459,2,TYR370,0.0,-1.0,0,0.0
459,3,ASP121,-1.0,0.0,0,-1.0
459,4,TYR450,0.0,-1.0,0,0.0
459,5,GLU51,-1.0,0.0,0,-1.0
459,6,ASP167,-1.0,0.0,0,-1.0
459,7,LYS16,1.0,0.0,0,1.0
459,8,LYS348,1.0,0.0,0,1.0
459,9,ASP361,-1.0,0.0,0,-1.0
459,10,GLU443,-1.0,0.0,0,-1.0
460,1,LYS216,1.0,0.0,0,1.0
460,2,TYR50,0.0,-1.0,0,0.0
460,3,HIS46,0.0,1.0,0,0.0
460,4,HIS206,1.0,0.0,1,0.0
460,5,ASP167,-1.0,0.0,0,-1.0
460,6,ARG405,1.0,0.0,0,1.0
460,7,GLU403,-1.0,0.0,0,-1.0
460,8,GLU3,-1.0,0.0,0,-1.0
460,9,ARG45,1.0,0.0,0,1.0
460,10,HIS14,0.0,1.0,0,0.0
461,1,ASP441,-1.0,0.0,0,-1.0
461,2,GLU182,-1.0,0.0,0,-1.0
461,3,HIS253,0.0,1.0,1,1.0
461,4,TYR450,0.0,-1.0,0,0.0
461,5,ARG165,1.0,0.0,0,1.0
461,6,TYR90,0.0,-1.0,0,0.0
461,7,LYS348,1.0,0.0,0,1.0
461,8,HIS134,0.0,1.0,1,1.0
461,9,HIS293,1.0,0.0,1,0.0
461,10,HIS373,0.0,1.0,0,0.0
462,1,GLU62,-1.0,0.0,0,-1.0
462,2,ASP41,-1.0,0.0,0,-1.0
462,3,LYS336,1.0,0.0,0,1.0
462,4,ASP383,-1.0,0.0,0,-1.0
462,5,GLU182,-1.0,0.0,0,-1.0
462,6,ASP103,-1.0,0.0,0,-1.0
462,7,HIS286,0.0,1.0,1,1.0
462,8,GLU411,-1.0,0.0,0,-1.0
462,9,ASP327,-1.0,0.0,0,-1.0
462,10,ASP167,-1.0,0.0,0,-1.0
463,1,HIS406,1.0,0.0,1,0.0
463,2,LYS388,1.0,0.0,0,1.0
463,3,GLU403,-1.0,0.0,0,-1.0
463,4,HIS86,0.0,1.0,1,1.0
463,5,LYS216,1.0,0.0,0,1.0
463,6,GLU62,-1.0,0.0,0,-1.0
463,7,ARG5,1.0,0.0,0,1.0
463,8,LYS388,1.0,0.0,0,1.0
463,9,LYS68,1.0,0.0,0,1.0
463,10,ASP23,-1.0,0.0,0,-1.0
464,1,TYR370,0.0,-1.0,0,0.0
464,2,GLU182,-1.0,0.0,0,-1.0
464,3,HIS253,1.0,0.0,1,0.0
464,4,GLU91,-1.0,0.0,0,-1.0
464,5,HIS54,0.0,1.0,0,0.0
464,6,LYS96,1.0,0.0,0,1.0
464,7,ASP223,-1.0,0.0,0,-1.0
464,8,GLU43,-1.0,0.0,0,-1.0
464,9,LYS268,1.0,0.0,0,1.0
464,10,TYR250,0.0,-1.0,0,0.0
465,1,TYR130,0.0,-1.0,0,0.0
465,2,ARG125,1.0,0.0,0,1.0
465,3,TYR290,0.0,-1.0,0,0.0
465,4,GLU291,-1.0,0.0,0,-1.0
465,5,LYS188,1.0,0.0,0,1.0
465,6,ASP303,-1.0,0.0,0,-1.0
465,7,ARG125,1.0,0.0,0,1.0
465,8,LYS388,1.0,0.0,0,1.0
465,9,TYR130,0.0,-1.0,0,0.0
465,10,ASP103,-1.0,0.0,0,-1.0
466,1,ASP223,-1.0,0.0,0,-1.0
466,2,GLU411,-1.0,0.0,0,-1.0
466,3,LYS216,1.0,0.0,0,1.0
466,4,TYR170,0.0,-1.0,0,0.0
466,5,LYS456,1.0,0.0,0,1.0
466,6,GLU331,-1.0,0.0,0,-1.0
466,7,ASP321,-1.0,0.0,0,-1.0
466,8,HIS414,0.0,1.0,1,1.0
466,9,HIS126,0.0,1.0,1,1.0
466,10,ASP87,-1.0,0.0,0,-1.0
467,1,LYS336,1.0,0.0,0,1.0
467,2,TYR290,0.0,-1.0,0,0.0
467,3,ARG365,1.0,0.0,0,1.0
467,4,ASP407,-1.0,0.0,0,-1.0
467,5,GLU83,-1.0,0.0,0,-1.0
467,6,TYR90,0.0,-1.0,0,0.0
467,7,LYS308,1.0,0.0,0,1.0
467,8,GLU451,-1.0,0.0,0,-1.0
467,9,ASP327,-1.0,0.0,0,-1.0
467,10,GLU331,-1.0,0.0,0,-1.0
468,1,ASP321,-1.0,0.0,0,-1.0
468,2,TYR290,0.0,-1.0,0,0.0
468,3,GLU422,-1.0,0.0,0,-1.0
468,4,GLU451,-1.0,0.0,0,-1.0
468,5,HIS166,1.0,0.0,1,0.0
468,6,ASP281,-1.0,0.0,0,-1.0
468,7,LYS68,1.0,0.0,0,1.0
468,8,GLU211,-1.0,0.0,0,-1.0
468,9,TYR90,0.0,-1.0,0,0.0
468,10,ARG365,1.0,0.0,0,1.0
469,1,HIS133,0.0,1.0,1,1.0
469,2,ASP241,-1.0,0.0,0,-1.0
469,3,HIS126,1.0,0.0,1,0.0
469,4,GLU22,0.0,-1.0,1,-1.0
469,5,ASP343,-1.0,0.0,0,-1.0
469,6,ARG45,1.0,0.0,0,1.0
469,7,ASP367,-1.0,0.0,0,-1.0
469,8,HIS414,1.0,0.0,1,0.0
469,9,GLU382,-1.0,0.0,0,-1.0
469,10,HIS206,0.0,1.0,1,1.0
470,1,GLU302,-1.0,0.0,0,-1.0
470,2,ARG5,1.0,0.0,0,1.0
470,3,ARG325,1.0,0.0,0,1.0
470,4,ASP361,-1.0,0.0,0,-1.0
470,5,HIS366,1.0,0.0,1,0.0
470,6,ASP103,-1.0,0.0,0,-1.0
470,7,HIS173,0.0,1.0,0,0.0
470,8,LYS28,1.0,0.0,0,1.0
470,9,LYS376,1.0,0.0,0,1.0
470,10,LYS188,1.0,0.0,0,1.0
471,1,GLU91,-1.0,0.0,0,-1.0
471,2,GLU331,-1.0,0.0,0,-1.0
471,3,ASP407,-1.0,0.0,0,-1.0
471,4,TYR10,0.0,-1.0,0,0.0
471,5,HIS326,0.0,1.0,1,1.0
471,6,ARG445,1.0,0.0,0,1.0
471,7,GLU291,-1.0,0.0,0,-1.0
471,8,HIS206,1.0,0.0,1,0.0
471,9,LYS188,1.0,0.0,0,1.0
471,10,ASP201,-1.0,0.0,0,-1.0
472,1,ASP143,-1.0,0.0,0,-1.0
472,2,TYR130,0.0,-1.0,0,0.0
472,3,ASP41,-1.0,0.0,0,-1.0
472,4,ARG205,1.0,0.0,0,1.0
472,5,GLU22,-1.0,0.0,0,-1.0
472,6,TYR330,0.0,-1.0,0,0.0
472,7,ASP281,-1.0,0.0,0,-1.0
472,8,ASP407,-1.0,0.0,0,-1.0
472,9,GLU371,-1.0,0.0,0,-1.0
472,10,ARG165,1.0,0.0,0,1.0
473,1,HIS253,0.0,1.0,0,0.0
473,2,ARG165,1.0,0.0,0,1.0
473,3,HIS213,0.0,1.0,0,0.0
473,4,ARG285,1.0,0.0,0,1.0
473,5,HIS414,0.0,1.0,1,1.0
473,6,GLU182,-1.0,0.0,0,-1.0
473,7,TYR290,0.0,-1.0,0,0.0
473,8,TYR370,0.0,-1.0,0,0.0
473,9,LYS416,1.0,0.0,0,1.0
473,10,GLU462,0.0,-1.0,1,-1.0
474,1,GLU323,-1.0,0.0,0,-1.0
474,2,GLU323,-1.0,0.0,0,-1.0
474,3,ARG165,1.0,0.0,0,1.0
474,4,HIS294,0.0,1.0,0,0.0
474,5,HIS406,0.0,1.0,1,1.0
474,6,LYS296,1.0,0.0,0,1.0
474,7,ASP7,-1.0,0.0,0,-1.0
474,8,HIS246,0.0,1.0,1,1.0
474,9,HIS93,0.0,1.0,1,1.0
474,10,LYS216,1.0,0.0,0,1.0
475,1,GLU102,-1.0,0.0,0,-1.0
475,2,ASP361,-1.0,0.0,0,-1.0
475,3,GLU251,-1.0,0.0,0,-1.0
475,4,LYS228,1.0,0.0,0,1.0
475,5,GLU91,-1.0,0.0,0,-1.0
475,6,HIS53,0.0,1.0,1,1.0
475,7,GLU283,-1.0,0.0,0,-1.0
475,8,GLU123,-1.0,0.0,0,-1.0
475,9,ASP161,-1.0,0.0,0,-1.0
475,10,HIS286,1.0,0.0,1,0.0
476,1,HIS254,0.0,1.0,0,0.0
476,2,LYS456,1.0,0.0,0,1.0
476,3,ASP63,-1.0,0.0,0,-1.0
476,4,ARG5,1.0,0.0,0,1.0
476,5,GLU102,-1.0,0.0,0,-1.0
476,6,LYS296,1.0,0.0,0,1.0
476,7,GLU382,-1.0,0.0,0,-1.0
476,8,GLU83,-1.0,0.0,0,-1.0
476,9,LYS108,1.0,0.0,0,1.0
476,10,GLU142,-1.0,0.0,0,-1.0
477,1,TYR250,0.0,-1.0,0,0.0
477,2,GLU363,-1.0,0.0,0,-1.0
477,3,GLU171,-1.0,0.0,0,-1.0
477,4,ASP423,-1.0,0.0,0,-1.0
477,5,GLU302,-1.0,0.0,0,-1.0
477,6,ASP201,-1.0,0.0,0,-1.0
477,7,TYR410,0.0,-1.0,0,0.0
477,8,ASP321,-1.0,0.0,0,-1.0
477,9,ASP63,-1.0,0.0,0,-1.0
477,10,HIS453,0.0,1.0,0,0.0
478,1,ASP7,-1.0,0.0,0,-1.0
478,2,GLU462,-1.0,0.0,1,0.0
478,3,HIS53,1.0,0.0,1,0.0
478,4,LYS296,1.0,0.0,0,1.0
478,5,GLU422,-1.0,0.0,0,-1.0
478,6,ASP41,-1.0,0.0,0,-1.0
478,7,LYS176,1.0,0.0,0,1.0
478,8,HIS286,0.0,1.0,1,1.0
478,9,GLU323,-1.0,0.0,0,-1.0
478,10,ARG125,1.0,0.0,0,1.0
479,1,HIS173,0.0,1.0,1,1.0
479,2,GLU382,-1.0,0.0,0,-1.0
479,3,ASP263,-1.0,0.0,0,-1.0
479,4,GLU422,-1.0,0.0,0,-1.0
479,5,ARG5,1.0,0.0,0,1.0
479,6,ASP183,-1.0,0.0,0,-1.0
479,7,ARG85,1.0,0.0,0,1.0
479,8,HIS14,0.0,1.0,1,1.0
479,9,HIS214,1.0,0.0,1,0.0
479,10,GLU51,-1.0,0.0,0,-1.0
480,1,HIS134,1.0,0.0,1,0.0
480,2,GLU323,-1.0,0.0,0,-1.0
480,3,ASP161,-1.0,0.0,0,-1.0
480,4,LYS228,1.0,0.0,0,1.0
480,5,GLU222,-1.0,0.0,0,-1.0
480,6,GLU91,-1.0,0.0,0,-1.0
480,7,HIS6,1.0,0.0,1,0.0
480,8,ARG205,1.0,0.0,0,1.0
480,9,GLU363,-1.0,0.0,0,-1.0
480,10,ASP401,-1.0,0.0,0,-1.0
481,1,HIS253,0.0,1.0,0,0.0
481,2,LYS28,1.0,0.0,0,1.0
481,3,ARG5,1.0,0.0,0,1.0
481,4,LYS348,1.0,0.0,0,1.0
481,5,TYR290,0.0,-1.0,0,0.0
481,6,GLU142,-1.0,0.0,0,-1.0
481,7,ASP7,-1.0,0.0,0,-1.0
481,8,GLU102,-1.0,0.0,0,-1.0
481,9,LYS188,1.0,0.0,0,1.0
481,10,ASP447,-1.0,0.0,0,-1.0
482,1,ASP81,-1.0,0.0,0,-1.0
482,2,LYS308,1.0,0.0,0,1.0
482,3,GLU462,0.0,-1.0,0,0.0
482,4,HIS246,1.0,0.0,1,0.0
482,5,GLU291,-1.0,0.0,0,-1.0
482,6,ARG125,1.0,0.0,0,1.0
482,7,HIS326,1.0,0.0,1,0.0
482,8,HIS246,0.0,1.0,1,1.0
482,9,GLU382,-1.0,0.0,0,-1.0
482,10,ASP303,-1.0,0.0,0,-1.0
483,1,HIS414,1.0,0.0,1,0.0
483,2,LYS456,1.0,0.0,0,1.0
483,3,ASP321,-1.0,0.0,0,-1.0
483,4,LYS376,1.0,0.0,0,1.0
483,5,TYR290,0.0,-1.0,0,0.0
483,6,ASP247,-1.0,0.0,0,-1.0
483,7,TYR170,0.0,-1.0,0,0.0
483,8,ASP423,-1.0,0.0,0,-1.0
483,9,LYS16,1.0,0.0,0,1.0
483,10,GLU403,-1.0,0.0,0,-1.0
484,1,LYS148,1.0,0.0,0,1.0
484,2,LYS468,1.0,0.0,0,1.0
484,3,ASP201,-1.0,0.0,0,-1.0
484,4,ASP287,-1.0,0.0,0,-1.0
484,5,HIS453,0.0,1.0,1,1.0
484,6,ARG405,1.0,0.0,0,1.0
484,7,ASP7,-1.0,0.0,0,-1.0
484,8,HIS286,1.0,0.0,1,0.0
484,9,TYR210,0.0,-1.0,0,0.0
484,10,LYS456,1.0,0.0,0,1.0
485,1,LYS68,1.0,0.0,0,1.0
485,2,LYS308,1.0,0.0,0,1.0
485,3,TYR290,0.0,-1.0,0,0.0
485,4,GLU342,-1.0,0.0,0,-1.0
485,5,HIS133,1.0,0.0,1,0.0
485,6,HIS413,0.0,1.0,1,1.0
485,7,LYS348,1.0,0.0,0,1.0
485,8,LYS216,1.0,0.0,0,1.0
485,9,HIS213,0.0,1.0,1,1.0
485,10,GLU123,-1.0,0.0,0,-1.0
486,1,GLU403,-1.0,0.0,0,-1.0
486,2,ASP41,-1.0,0.0,0,-1.0
486,3,HIS13,0.0,1.0,0,0.0
486,4,ARG285,1.0,0.0,0,1.0
486,5,HIS54,0.0,1.0,0,0.0
486,6,ASP47,-1.0,0.0,0,-1.0
486,7,GLU211,-1.0,0.0,0,-1.0
486,8,LYS56,1.0,0.0,0,1.0
486,9,TYR330,0.0,-1.0,0,0.0
486,10,ASP441,-1.0,0.0,0,-1.0
487,1,ASP327,-1.0,0.0,0,-1.0
487,2,GLU403,-1.0,0.0,0,-1.0
487,3,GLU83,-1.0,0.0,0,-1.0
487,4,GLU171,-1.0,0.0,0,-1.0
487,5,LYS188,1.0,0.0,0,1.0
487,6,TYR250,0.0,-1.0,0,0.0
487,7,GLU451,-1.0,0.0,0,-1.0
487,8,GLU283,-1.0,0.0,0,-1.0
487,9,GLU243,-1.0,0.0,0,-1.0
487,10,GLU251,-1.0,0.0,0,-1.0
488,1,ASP383,-1.0,0.0,0,-1.0
488,2,HIS406,1.0,0.0,1,0.0
488,3,HIS93,1.0,0.0,1,0.0
488,4,GLU171,-1.0,0.0,0,-1.0
488,5,ARG245,1.0,0.0,0,1.0
488,6,ASP361,-1.0,0.0,0,-1.0
488,7,LYS308,1.0,0.0,0,1.0
488,8,ASP423,-1.0,0.0,0,-1.0
488,9,GLU262,-1.0,0.0,0,-1.0
488,10,GLU22,-1.0,0.0,0,-1.0
489,1,HIS366,0.0,1.0,1,1.0
489,2,HIS94,0.0,1.0,1,1.0
489,3,ASP47,-1.0,0.0,0,-1.0
489,4,LYS376,1.0,0.0,0,1.0
489,5,GLU3,-1.0,0.0,0,-1.0
489,6,HIS373,0.0,1.0,0,0.0
489,7,GLU422,-1.0,0.0,0,-1.0
489,8,GLU243,-1.0,0.0,0,-1.0
489,9,GLU83,-1.0,0.0,0,-1.0
489,10,LYS148,1.0,0.0,0,1.0
490,1,GLU363,-1.0,0.0,0,-1.0
490,2,HIS173,1.0,0.0,1,0.0
490,3,GLU182,-1.0,0.0,0,-1.0
490,4,GLU163,-1.0,0.0,0,-1.0
490,5,ASP207,-1.0,0.0,0,-1.0
490,6,TYR290,0.0,-1.0,0,0.0
490,7,HIS46,0.0,1.0,1,1.0
490,8,GLU371,-1.0,0.0,0,-1.0
490,9,ARG85,1.0,0.0,0,1.0
490,10,LYS56,1.0,0.0,0,1.0
491,1,ARG445,1.0,0.0,0,1.0
491,2,GLU211,-1.0,0.0,0,-1.0
491,3,ARG205,1.0,0.0,0,1.0
491,4,HIS414,0.0,1.0,0,0.0
491,5,HIS206,0.0,1.0,1,1.0
491,6,TYR90,0.0,-1.0,0,0.0
491,7,ARG325,1.0,0.0,0,1.0
491,8,TYR130,0.0,-1.0,0,0.0
491,9,ASP463,-1.0,0.0,0,-1.0
491,10,ARG245,1.0,0.0,0,1.0
492,1,ASP287,-1.0,0.0,0,-1.0
492,2,HIS134,0.0,1.0,1,1.0
492,3,GLU342,-1.0,0.0,0,-1.0
492,4,GLU331,-1.0,0.0,0,-1.0
492,5,GLU102,-1.0,0.0,0,-1.0
492,6,GLU182,-1.0,0.0,0,-1.0
492,7,ASP103,-1.0,0.0,0,-1.0
492,8,ASP121,-1.0,0.0,0,-1.0
492,9,ARG405,1.0,0.0,0,1.0
492,10,LYS68,1.0,0.0,0,1.0
493,1,LYS96,1.0,0.0,0,1.0
493,2,GLU251,-1.0,0.0,1,0.0
493,3,ARG365,1.0,0.0,0,1.0
493,4,ASP81,-1.0,0.0,0,-1.0
493,5,LYS56,1.0,0.0,0,1.0
493,6,HIS286,0.0,1.0,1,1.0
493,7,ASP207,-1.0,0.0,0,-1.0
493,8,HIS134,1.0,0.0,1,0.0
493,9,LYS268,1.0,0.0,0,1.0
493,10,LYS348,1.0,0.0,0,1.0
494,1,HIS373,0.0,1.0,1,1.0
494,2,GLU462,0.0,-1.0,1,-1.0
494,3,GLU142,-1.0,0.0,0,-1.0
494,4,GLU51,-1.0,0.0,0,-1.0
494,5,LYS56,1.0,0.0,0,1.0
494,6,HIS93,0.0,1.0,1,1.0
494,7,GLU411,-1.0,0.0,0,-1.0
494,8,HIS126,0.0,1.0,1,1.0
494,9,ASP247,-1.0,0.0,0,-1.0
494,10,GLU331,-1.0,0.0,0,-1.0
495,1,GLU123,-1.0,0.0,0,-1.0
495,2,TYR10,0.0,-1.0,0,0.0
495,3,GLU22,-1.0,0.0,0,-1.0
495,4,ASP441,-1.0,0.0,0,-1.0
495,5,ASP167,-1.0,0.0,0,-1.0
495,6,GLU182,-1.0,0.0,0,-1.0
495,7,LYS468,1.0,0.0,0,1.0
495,8,GLU102,-1.0,0.0,0,-1.0
495,9,GLU83,-1.0,0.0,0,-1.0
495,10,ASP207,-1.0,0.0,0,-1.0
496,1,HIS334,0.0,1.0,1,1.0
496,2,ARG125,1.0,0.0,0,1.0
496,3,TYR50,0.0,-1.0,0,0.0
496,4,GLU22,-1.0,0.0,0,-1.0
496,5,GLU3,-1.0,0.0,0,-1.0
496,6,ASP161,-1.0,0.0,0,-1.0
496,7,ASP201,-1.0,0.0,0,-1.0
496,8,HIS13,0.0,1.0,1,1.0
496,9,HIS14,1.0,0.0,1,0.0
496,10,HIS373,1.0,0.0,1,0.0
497,1,HIS413,1.0,0.0,1,0.0
497,2,ASP281,-1.0,0.0,0,-1.0
497,3,HIS173,0.0,1.0,0,0.0
497,4,ASP407,-1.0,0.0,0,-1.0
497,5,ASP127,-1.0,0.0,0,-1.0
497,6,LYS16,1.0,0.0,0,1.0
497,7,ASP7,-1.0,0.0,0,-1.0
497,8,ASP447,-1.0,0.0,0,-1.0
497,9,ASP127,-1.0,0.0,0,-1.0
497,10,ASP41,-1.0,0.0,0,-1.0
498,1,TYR90,0.0,-1.0,0,0.0
498,2,HIS14,0.0,1.0,0,0.0
498,3,ARG45,1.0,0.0,0,1.0
498,4,LYS296,1.0,0.0,0,1.0
498,5,HIS13,1.0,0.0,1,0.0
498,6,LYS148,1.0,0.0,0,1.0
498,7,ASP383,-1.0,0.0,0,-1.0
498,8,HIS294,0.0,1.0,1,1.0
498,9,ASP447,-1.0,0.0,0,-1.0
498,10,GLU403,-1.0,0.0,0,-1.0
499,1,HIS206,1.0,0.0,0,1.0
499,2,TYR130,0.0,-1.0,0,0.0
499,3,ASP127,-1.0,0.0,0,-1.0
499,4,HIS333,0.0,1.0,1,1.0
499,5,ASP143,-1.0,0.0,0,-1.0
499,6,ARG285,1.0,0.0,0,1.0
499,7,ASP127,-1.0,0.0,0,-1.0
499,8,HIS413,0.0,1.0,1,1.0
499,9,LYS108,1.0,0.0,0,1.0
499,10,GLU403,-1.0,0.0,0,-1.0
500,1,HIS54,0.0,1.0,1,1.0
500,2,GLU291,-1.0,0.0,0,-1.0
500,3,HIS413,1.0,0.0,1,0.0
500,4,ASP263,-1.0,0.0,0,-1.0
500,5,HIS206,1.0,0.0,0,1.0
500,6,LYS308,1.0,0.0,0,1.0
500,7,ASP321,-1.0,0.0,0,-1.0
500,8,TYR170,0.0,-1.0,0,0.0
500,9,ASP223,-1.0,0.0,0,-1.0
500,10,TYR250,0.0,-1.0,0,0.0
501,1,TYR250,0.0,-1.0,0,0.0
501,2,HIS46,1.0,0.0,1,0.0
501,3,GLU302,-1.0,0.0,0,-1.0
501,4,LYS308,1.0,0.0,0,1.0
501,5,LYS296,1.0,0.0,0,1.0
501,6,GLU131,-1.0,0.0,0,-1.0
501,7,LYS16,1.0,0.0,0,1.0
501,8,LYS416,1.0,0.0,0,1.0
501,9,GLU171,-1.0,0.0,0,-1.0
501,10,ARG45,1.0,0.0,0,1.0
502,1,HIS213,1.0,0.0,1,0.0
502,2,LYS228,1.0,0.0,0,1.0
502,3,LYS228,1.0,0.0,0,1.0
502,4,GLU363,-1.0,0.0,0,-1.0
502,5,ASP303,-1.0,0.0,0,-1.0
502,6,LYS228,1.0,0.0,0,1.0
502,7,TYR370,0.0,-1.0,0,0.0
502,8,GLU411,-1.0,0.0,0,-1.0
502,9,ARG245,1.0,0.0,0,1.0
502,10,ARG5,1.0,0.0,0,1.0
503,1,ASP161,-1.0,0.0,0,-1.0
503,2,TYR330,0.0,-1.0,0,0.0
503,3,ARG365,1.0,0.0,0,1.0
503,4,ASP343,-1.0,0.0,0,-1.0
503,5,LYS296,1.0,0.0,0,1.0
503,6,HIS293,0.0,1.0,1,1.0
503,7,ASP343,-1.0,0.0,0,-1.0
503,8,ASP1,-1.0,0.0,0,-1.0
503,9,ASP343,-1.0,0.0,0,-1.0
503,10,LYS296,1.0,0.0,0,1.0
504,1,GLU302,-1.0,0.0,0,-1.0
504,2,LYS376,1.0,0.0,0,1.0
504,3,GLU323,-1.0,0.0,0,-1.0
504,4,GLU123,-1.0,0.0,0,-1.0
504,5,GLU422,-1.0,0.0,0,-1.0
504,6,LYS268,1.0,0.0,0,1.0
504,7,GLU22,-1.0,0.0,0,-1.0
504,8,HIS134,0.0,1.0,1,1.0
504,9,LYS336,1.0,0.0,0,1.0
504,10,ASP121,-1.0,0.0,0,-1.0
505,1,TYR410,0.0,-1.0,0,0.0
505,2,HIS246,1.0,0.0,1,0.0
505,3,HIS373,0.0,1.0,0,0.0
505,4,ASP441,-1.0,0.0,0,-1.0
505,5,ASP7,-1.0,0.0,0,-1.0
505,6,ASP263,-1.0,0.0,0,-1.0
505,7,ASP241,-1.0,0.0,0,-1.0
505,8,GLU62,-1.0,0.0,0,-1.0
505,9,GLU51,-1.0,0.0,0,-1.0
505,10,HIS253,0.0,1.0,0,0.0
506,1,ARG125,1.0,0.0,0,1.0
506,2,ASP183,-1.0,0.0,0,-1.0
506,3,ASP367,-1.0,0.0,0,-1.0
506,4,HIS14,0.0,1.0,1,1.0
506,5,HIS334,1.0,0.0,1,0.0
506,6,ASP201,-1.0,0.0,0,-1.0
506,7,ARG165,1.0,0.0,0,1.0
506,8,ASP23,-1.0,0.0,0,-1.0
506,9,LYS348,1.0,0.0,0,1.0
506,10,ASP1,-1.0,0.0,0,-1.0
507,1,LYS216,1.0,0.0,0,1.0
507,2,ASP7,-1.0,0.0,0,-1.0
507,3,GLU131,-1.0,0.0,0,-1.0
507,4,ASP441,-1.0,0.0,0,-1.0
507,5,ASP287,-1.0,0.0,0,-1.0
507,6,GLU22,-1.0,0.0,0,-1.0
507,7,GLU443,-1.0,0.0,0,-1.0
507,8,GLU462,-1.0,0.0,0,-1.0
507,9,ASP441,-1.0,0.0,0,-1.0
507,10,ARG405,1.0,0.0,0,1.0
508,1,ASP303,-1.0,0.0,0,-1.0
508,2,ASP327,-1.0,0.0,0,-1.0
508,3,TYR170,0.0,-1.0,0,0.0
508,4,HIS293,1.0,0.0,1,0.0
508,5,TYR290,0.0,-1.0,0,0.0
508,6,ARG85,1.0,0.0,0,1.0
508,7,HIS173,0.0,1.0,0,0.0
508,8,ASP327,-1.0,0.0,0,-1.0
508,9,HIS134,1.0,0.0,1,0.0
508,10,GLU43,-1.0,0.0,0,-1.0
509,1,GLU91,-1.0,0.0,0,-1.0
509,2,GLU43,-1.0,0.0,0,-1.0
509,3,LYS268,1.0,0.0,0,1.0
509,4,HIS213,0.0,1.0,1,1.0
509,5,LYS428,1.0,0.0,0,1.0
509,6,GLU262,-1.0,0.0,0,-1.0
509,7,HIS86,1.0,0.0,1,0.0
509,8,ASP401,-1.0,0.0,0,-1.0
509,9,GLU11,-1.0,0.0,0,-1.0
509,10,TYR290,0.0,-1.0,0,0.0
510,1,TYR50,0.0,-1.0,0,0.0
510,2,GLU331,-1.0,0.0,0,-1.0
510,3,HIS174,0.0,1.0,0,0.0
510,4,ASP183,-1.0,0.0,0,-1.0
510,5,ARG445,1.0,0.0,0,1.0
510,6,ARG405,1.0,0.0,0,1.0
510,7,HIS446,0.0,1.0,1,1.0
510,8,HIS174,0.0,1.0,0,0.0
510,9,TYR170,0.0,-1.0,0,0.0
510,10,LYS388,1.0,0.0,0,1.0
511,1,GLU462,-1.0,0.0,0,-1.0
511,2,HIS374,0.0,1.0,1,1.0
511,3,GLU91,-1.0,0.0,0,-1.0
511,4,GLU3,-1.0,0.0,0,-1.0
511,5,LYS428,1.0,0.0,0,1.0
511,6,LYS96,1.0,0.0,0,1.0
511,7,HIS414,0.0,1.0,0,0.0
511,8,GLU91,-1.0,0.0,0,-1.0
511,9,GLU171,-1.0,0.0,0,-1.0
511,10,HIS373,0.0,1.0,0,0.0
512,1,HIS253,0.0,1.0,0,0.0
512,2,GLU262,-1.0,0.0,0,-1.0
512,3,HIS453,1.0,0.0,1,0.0
512,4,HIS446,1.0,0.0,1,0.0
512,5,GLU211,-1.0,0.0,0,-1.0
512,6,GLU411,-1.0,0.0,0,-1.0
512,7,GLU43,-1.0,0.0,0,-1.0
512,8,ASP127,-1.0,0.0,0,-1.0
512,9,HIS6,0.0,1.0,1,1.0
512,10,HIS94,1.0,0.0,1,0.0
513,1,ASP161,-1.0,0.0,0,-1.0
513,2,TYR170,0.0,-1.0,0,0.0
513,3,ASP167,-1.0,0.0,0,-1.0
513,4,GLU323,-1.0,0.0,0,-1.0
513,5,HIS286,1.0,0.0,1,0.0
513,6,LYS16,1.0,0.0,0,1.0
513,7,LYS188,1.0,0.0,0,1.0
513,8,LYS16,1.0,0.0,0,1.0
513,9,GLU403,-1.0,0.0,0,-1.0
513,10,HIS326,0.0,1.0,0,0.0
514,1,ARG205,1.0,0.0,0,1.0
514,2,GLU182,-1.0,0.0,0,-1.0
514,3,ASP1,-1.0,0.0,0,-1.0
514,4,GLU123,-1.0,0.0,0,-1.0
514,5,GLU283,-1.0,0.0,0,-1.0
514,6,HIS53,0.0,1.0,1,1.0
514,7,GLU11,-1.0,0.0,0,-1.0
514,8,TYR170,0.0,-1.0,0,0.0
514,9,GLU3,-1.0,0.0,0,-1.0
514,10,LYS228,1.0,0.0,0,1.0
515,1,HIS13,0.0,1.0,1,1.0
515,2,ASP121,-1.0,0.0,0,-1.0
515,3,ASP143,-1.0,0.0,0,-1.0
515,4,LYS336,1.0,0.0,0,1.0
515,5,GLU222,-1.0,0.0,1,0.0
515,6,ASP303,-1.0,0.0,0,-1.0
515,7,GLU302,-1.0,0.0,0,-1.0
515,8,GLU62,-1.0,0.0,0,-1.0
515,9,GLU331,-1.0,0.0,0,-1.0
515,10,ARG5,1.0,0.0,0,1.0
516,1,GLU83,-1.0,0.0,0,-1.0
516,2,ASP327,-1.0,0.0,0,-1.0
516,3,ARG325,1.0,0.0,0,1.0
516,4,GLU22,-1.0,0.0,0,-1.0
516,5,HIS253,0.0,1.0,0,0.0
516,6,ASP23,-1.0,0.0,0,-1.0
516,7,ASP287,-1.0,0.0,0,-1.0
516,8,GLU462,-1.0,0.0,0,-1.0
516,9,ASP47,-1.0,0.0,0,-1.0
516,10,HIS286,0.0,1.0,1,1.0
517,1,TYR50,0.0,-1.0,0,0.0
517,2,GLU11,-1.0,0.0,0,-1.0
517,3,ASP343,-1.0,0.0,0,-1.0
517,4,ASP361,-1.0,0.0,0,-1.0
517,5,LYS348,1.0,0.0,0,1.0
517,6,HIS14,1.0,0.0,1,0.0
517,7,ASP361,-1.0,0.0,0,-1.0
517,8,HIS334,0.0,1.0,0,0.0
517,9,GLU251,0.0,-1.0,1,-1.0
517,10,GLU182,-1.0,0.0,0,-1.0
518,1,GLU43,-1.0,0.0,0,-1.0
518,2,LYS296,1.0,0.0,0,1.0
518,3,GLU451,-1.0,0.0,0,-1.0
518,4,ARG285,1.0,0.0,0,1.0
518,5,GLU411,-1.0,0.0,0,-1.0
518,6,HIS334,0.0,1.0,0,0.0
518,7,ASP223,-1.0,0.0,0,-1.0
518,8,HIS94,0.0,1.0,1,1.0
518,9,HIS206,1.0,0.0,1,0.0
518,10,ASP361,-1.0,0.0,0,-1.0
519,1,GLU22,-1.0,0.0,0,-1.0
519,2,GLU331,-1.0,0.0,0,-1.0
519,3,TYR210,0.0,-1.0,0,0.0
519,4,ASP303,-1.0,0.0,0,-1.0
519,5,ASP103,-1.0,0.0,0,-1.0
519,6,GLU131,-1.0,0.0,0,-1.0
519,7,TYR170,0.0,-1.0,0,0.0
519,8,ASP263,-1.0,0.0,0,-1.0
519,9,GLU51,-1.0,0.0,0,-1.0
519,10,GLU222,0.0,-1.0,1,-1.0
520,1,HIS13,1.0,0.0,1,0.0
520,2,ASP161,-1.0,0.0,0,-1.0
520,3,GLU142,-1.0,0.0,0,-1.0
520,4,LYS336,1.0,0.0,0,1.0
520,5,ARG85,1.0,0.0,0,1.0
520,6,GLU222,-1.0,0.0,0,-1.0
520,7,GLU243,-1.0,0.0,0,-1.0
520,8,LYS216,1.0,0.0,0,1.0
520,9,HIS253,0.0,1.0,0,0.0
520,10,GLU422,-1.0,0.0,0,-1.0
521,1,GLU451,-1.0,0.0,0,-1.0
521,2,ASP103,-1.0,0.0,0,-1.0
521,3,GLU11,-1.0,0.0,0,-1.0
521,4,HIS373,0.0,1.0,0,0.0
521,5,LYS256,1.0,0.0,0,1.0
521,6,TYR90,0.0,-1.0,0,0.0
521,7,GLU302,-1.0,0.0,0,-1.0
521,8,TYR130,0.0,-1.0,0,0.0
521,9,ASP127,-1.0,0.0,0,-1.0
521,10,LYS456,1.0,0.0,0,1.0
522,1,LYS388,1.0,0.0,0,1.0
522,2,GLU251,-1.0,0.0,0,-1.0
522,3,HIS134,0.0,1.0,1,1.0
522,4,HIS413,0.0,1.0,0,0.0
522,5,HIS446,0.0,1.0,1,1.0
522,6,ASP361,-1.0,0.0,0,-1.0
522,7,LYS268,1.0,0.0,0,1.0
522,8,LYS56,1.0,0.0,0,1.0
522,9,GLU262,-1.0,0.0,0,-1.0
522,10,GLU182,-1.0,0.0,0,-1.0
523,1,GLU203,-1.0,0.0,0,-1.0
523,2,GLU91,-1.0,0.0,0,-1.0
523,3,TYR50,0.0,-1.0,0,0.0
523,4,LYS376,1.0,0.0,0,1.0
523,5,LYS268,1.0,0.0,0,1.0
523,6,ASP247,-1.0,0.0,0,-1.0
523,7,ASP1,-1.0,0.0,0,-1.0
523,8,ARG85,1.0,0.0,0,1.0
523,9,LYS348,1.0,0.0,0,1.0
523,10,ARG325,1.0,0.0,0,1.0
524,1,ASP241,-1.0,0.0,0,-1.0
524,2,TYR10,0.0,-1.0,0,0.0
524,3,GLU291,-1.0,0.0,0,-1.0
524,4,HIS446,1.0,0.0,1,0.0
524,5,TYR290,0.0,-1.0,0,0.0
524,6,TYR10,0.0,-1.0,0,0.0
524,7,ASP423,-1.0,0.0,0,-1.0
524,8,ASP1,-1.0,0.0,0,-1.0
524,9,HIS246,0.0,1.0,0,0.0
524,10,ARG445,1.0,0.0,0,1.0
525,1,TYR330,0.0,-1.0,0,0.0
525,2,HIS86,0.0,1.0,1,1.0
525,3,GLU211,-1.0,0.0,0,-1.0
525,4,GLU243,-1.0,0.0,0,-1.0
525,5,ASP367,-1.0,0.0,0,-1.0
525,6,LYS428,1.0,0.0,0,1.0
525,7,ASP463,-1.0,0.0,0,-1.0
525,8,ARG125,1.0,0.0,0,1.0
525,9,ASP367,-1.0,0.0,0,-1.0
525,10,HIS454,1.0,0.0,1,0.0
526,1,HIS254,0.0,1.0,1,1.0
526,2,LYS16,1.0,0.0,0,1.0
526,3,ARG45,1.0,0.0,0,1.0
526,4,LYS188,1.0,0.0,0,1.0
526,5,LYS176,1.0,0.0,0,1.0
526,6,LYS416,1.0,0.0,0,1.0
526,7,HIS13,0.0,1.0,0,0.0
526,8,GLU363,-1.0,0.0,0,-1.0
526,9,HIS253,0.0,1.0,0,0.0
526,10,ASP81,-1.0,0.0,0,-1.0
527,1,HIS206,0.0,1.0,1,1.0
527,2,LYS68,1.0,0.0,0,1.0
527,3,ARG205,1.0,0.0,0,1.0
527,4,GLU342,-1.0,0.0,0,-1.0
527,5,HIS333,1.0,0.0,1,0.0
527,6,GLU123,-1.0,0.0,0,-1.0
527,7,GLU403,-1.0,0.0,0,-1.0
527,8,HIS406,0.0,1.0,1,1.0
527,9,HIS166,0.0,1.0,1,1.0
527,10,ASP447,-1.0,0.0,0,-1.0
528,1,LYS388,1.0,0.0,0,1.0
528,2,GLU83,-1.0,0.0,0,-1.0
528,3,GLU451,-1.0,0.0,0,-1.0
528,4,LYS216,1.0,0.0,0,1.0
528,5,GLU291,-1.0,0.0,0,-1.0
528,6,GLU171,-1.0,0.0,0,-1.0
528,7,GLU131,-1.0,0.0,0,-1.0
528,8,ASP223,-1.0,0.0,0,-1.0
528,9,ASP383,-1.0,0.0,0,-1.0
528,10,GLU251,-1.0,0.0,0,-1.0
529,1,ASP167,-1.0,0.0,0,-1.0
529,2,TYR50,0.0,-1.0,0,0.0
529,3,LYS336,1.0,0.0,0,1.0
529,4,GLU283,-1.0,0.0,0,-1.0
529,5,ASP327,-1.0,0.0,0,-1.0
529,6,ASP321,-1.0,0.0,0,-1.0
529,7,GLU243,-1.0,0.0,0,-1.0
529,8,LYS376,1.0,0.0,0,1.0
529,9,GLU62,-1.0,0.0,0,-1.0
529,10,ASP127,-1.0,0.0,0,-1.0
530,1,ASP383,-1.0,0.0,0,-1.0
530,2,TYR130,0.0,-1.0,0,0.0
530,3,HIS213,1.0,0.0,1,0.0
530,4,GLU62,-1.0,0.0,0,-1.0
530,5,GLU102,-1.0,0.0,0,-1.0
530,6,GLU283,-1.0,0.0,0,-1.0
530,7,ASP367,-1.0,0.0,0,-1.0
530,8,GLU403,-1.0,0.0,0,-1.0
530,9,LYS428,1.0,0.0,0,1.0
530,10,GLU291,-1.0,0.0,0,-1.0
531,1,HIS54,1.0,0.0,1,0.0
531,2,LYS296,1.0,0.0,0,1.0
531,3,ARG125,1.0,0.0,0,1.0
531,4,LYS468,1.0,0.0,0,1.0
531,5,HIS334,0.0,1.0,1,1.0
531,6,ASP207,-1.0,0.0,0,-1.0
531,7,HIS6,1.0,0.0,1,0.0
531,8,LYS16,1.0,0.0,0,1.0
531,9,HIS334,1.0,0.0,1,0.0
531,10,GLU182,-1.0,0.0,0,-1.0
532,1,LYS108,1.0,0.0,0,1.0
532,2,LYS148,1.0,0.0,0,1.0
532,3,GLU62,-1.0,0.0,0,-1.0
532,4,LYS216,1.0,0.0,0,1.0
532,5,LYS348,1.0,0.0,0,1.0
532,6,TYR370,0.0,-1.0,0,0.0
532,7,GLU243,-1.0,0.0,0,-1.0
532,8,LYS68,1.0,0.0,0,1.0
532,9,GLU123,-1.0,0.0,0,-1.0
532,10,GLU243,-1.0,0.0,0,-1.0
533,1,ARG165,1.0,0.0,0,1.0
533,2,LYS188,1.0,0.0,0,1.0
533,3,HIS134,1.0,0.0,1,0.0
533,4,GLU102,-1.0,0.0,0,-1.0
533,5,HIS406,1.0,0.0,0,1.0
533,6,GLU422,-1.0,0.0,0,-1.0
533,7,GLU323,-1.0,0.0,0,-1.0
533,8,HIS133,0.0,1.0,1,1.0
533,9,TYR90,0.0,-1.0,0,0.0
533,10,LYS456,1.0,0.0,0,1.0
534,1,LYS296,1.0,0.0,0,1.0
534,2,HIS14,0.0,1.0,1,1.0
534,3,HIS414,0.0,1.0,0,0.0
534,4,HIS294,1.0,0.0,1,0.0
534,5,HIS246,0.0,1.0,0,0.0
534,6,HIS293,0.0,1.0,0,0.0
534,7,LYS376,1.0,0.0,0,1.0
534,8,ARG405,1.0,0.0,0,1.0
534,9,HIS174,0.0,1.0,1,1.0
534,10,HIS254,1.0,0.0,1,0.0
535,1,ASP127,-1.0,0.0,0,-1.0
535,2,HIS286,1.0,0.0,1,0.0
535,3,GLU262,-1.0,0.0,0,-1.0
535,4,LYS96,1.0,0.0,0,1.0
535,5,GLU411,-1.0,0.0,0,-1.0
535,6,HIS174,1.0,0.0,1,0.0
535,7,LYS268,1.0,0.0,0,1.0
535,8,LYS148,1.0,0.0,0,1.0
535,9,HIS366,1.0,0.0,0,1.0
535,10,GLU43,-1.0,0.0,0,-1.0
536,1,TYR90,0.0,-1.0,0,0.0
536,2,GLU283,-1.0,0.0,0,-1.0
536,3,ASP281,-1.0,0.0,0,-1.0
536,4,HIS214,0.0,1.0,0,0.0
536,5,TYR90,0.0,-1.0,0,0.0
536,6,GLU131,-1.0,0.0,0,-1.0
536,7,LYS68,1.0,0.0,0,1.0
536,8,ASP343,-1.0,0.0,0,-1.0
536,9,ASP167,-1.0,0.0,0,-1.0
536,10,HIS173,0.0,1.0,0,0.0
537,1,TYR330,0.0,-1.0,0,0.0
537,2,LYS348,1.0,0.0,0,1.0
537,3,HIS374,1.0,0.0,1,0.0
537,4,ASP343,-1.0,0.0,0,-1.0
537,5,GLU203,-1.0,0.0,0,-1.0
537,6,TYR370,0.0,-1.0,0,0.0
537,7,LYS268,1.0,0.0,0,1.0
537,8,GLU443,-1.0,0.0,0,-1.0
537,9,LYS96,1.0,0.0,0,1.0
537,10,HIS13,0.0,1.0,0,0.0
538,1,ASP41,-1.0,0.0,0,-1.0
538,2,GLU243,-1.0,0.0,0,-1.0
538,3,GLU91,-1.0,0.0,0,-1.0
538,4,HIS13,0.0,1.0,0,0.0
538,5,TYR370,0.0,-1.0,0,0.0
538,6,HIS14,1.0,0.0,1,0.0
538,7,GLU291,-1.0,0.0,0,-1.0
538,8,TYR250,0.0,-1.0,0,0.0
538,9,ARG125,1.0,0.0,0,1.0
538,10,GLU182,-1.0,0.0,0,-1.0
539,1,ASP7,-1.0,0.0,0,-1.0
539,2,HIS334,0.0,1.0,1,1.0
539,3,GLU422,-1.0,0.0,0,-1.0
539,4,GLU182,-1.0,0.0,0,-1.0
539,5,TYR450,0.0,-1.0,0,0.0
539,6,ASP281,-1.0,0.0,0,-1.0
539,7,GLU102,-1.0,0.0,0,-1.0
539,8,GLU22,-1.0,0.0,0,-1.0
539,9,ASP223,-1.0,0.0,0,-1.0
539,10,HIS374,0.0,1.0,1,1.0
540,1,GLU102,-1.0,0.0,0,-1.0
540,2,HIS254,0.0,1.0,0,0.0
540,3,LYS348,1.0,0.0,0,1.0
540,4,GLU323,-1.0,0.0,0,-1.0
540,5,HIS6,0.0,1.0,1,1.0
540,6,ASP343,-1.0,0.0,0,-1.0
540,7,GLU163,-1.0,0.0,0,-1.0
540,8,GLU83,-1.0,0.0,0,-1.0
540,9,HIS293,0.0,1.0,1,1.0
540,10,HIS206,1.0,0.0,1,0.0
541,1,ASP207,-1.0,0.0,0,-1.0
541,2,GLU323,-1.0,0.0,0,-1.0
541,3,GLU443,-1.0,0.0,0,-1.0
541,4,GLU382,-1.0,0.0,0,-1.0
541,5,GLU62,-1.0,0.0,0,-1.0
541,6,ASP127,-1.0,0.0,0,-1.0
541,7,ASP207,-1.0,0.0,0,-1.0
541,8,TYR50,0.0,-1.0,0,0.0
541,9,GLU22,-1.0,0.0,0,-1.0
541,10,ARG205,1.0,0.0,0,1.0
542,1,ARG445,1.0,0.0,0,1.0
542,2,GLU171,-1.0,0.0,0,-1.0
542,3,TYR450,0.0,-1.0,0,0.0
542,4,HIS53,1.0,0.0,1,0.0
542,5,LYS296,1.0,0.0,0,1.0
542,6,LYS68,1.0,0.0,0,1.0
542,7,GLU43,-1.0,0.0,0,-1.0
542,8,ASP63,-1.0,0.0,0,-1.0
542,9,TYR290,0.0,-1.0,0,0.0
542,10,LYS428,1.0,0.0,0,1.0
543,1,ASP183,-1.0,0.0,0,-1.0
543,2,LYS256,1.0,0.0,0,1.0
543,3,GLU91,-1.0,0.0,0,-1.0
543,4,HIS246,0.0,1.0,1,1.0
543,5,LYS256,1.0,0.0,0,1.0
543,6,ARG45,1.0,0.0,0,1.0
543,7,GLU251,-1.0,0.0,0,-1.0
543,8,GLU142,-1.0,0.0,0,-1.0
543,9,GLU131,-1.0,0.0,0,-1.0
543,10,GLU422,-1.0,0.0,0,-1.0
544,1,ASP401,-1.0,0.0,0,-1.0
544,2,LYS108,1.0,0.0,0,1.0
544,3,GLU283,-1.0,0.0,0,-1.0
544,4,TYR90,0.0,-1.0,0,0.0
544,5,HIS173,0.0,1.0,0,0.0
544,6,LYS296,1.0,0.0,0,1.0
544,7,ARG5,1.0,0.0,0,1.0
544,8,GLU222,-1.0,0.0,0,-1.0
544,9,LYS188,1.0,0.0,0,1.0
544,10,ASP241,-1.0,0.0,0,-1.0
545,1,LYS428,1.0,0.0,0,1.0
545,2,HIS254,0.0,1.0,1,1.0
545,3,ASP63,-1.0,0.0,0,-1.0
545,4,ARG365,1.0,0.0,0,1.0
545,5,ASP127,-1.0,0.0,0,-1.0
545,6,ASP103,-1.0,0.0,0,-1.0
545,7,GLU131,-1.0,0.0,0,-1.0
545,8,LYS148,1.0,0.0,0,1.0
545,9,ASP87,-1.0,0.0,0,-1.0
545,10,ASP361,-1.0,0.0,0,-1.0
546,1,ARG85,1.0,0.0,0,1.0
546,2,HIS86,1.0,0.0,1,0.0
546,3,HIS414,0.0,1.0,1,1.0
546,4,ARG165,1.0,0.0,0,1.0
546,5,LYS16,1.0,0.0,0,1.0
546,6,LYS428,1.0,0.0,0,1.0
546,7,ARG285,1.0,0.0,0,1.0
546,8,ARG405,1.0,0.0,0,1.0
546,9,HIS253,0.0,1.0,1,1.0
546,10,GLU262,-1.0,0.0,0,-1.0
547,1,LYS388,1.0,0.0,0,1.0
547,2,GLU331,-1.0,0.0,0,-1.0
547,3,ASP281,-1.0,0.0,0,-1.0
547,4,GLU102,-1.0,0.0,0,-1.0
547,5,HIS334,1.0,0.0,1,0.0
547,6,ASP63,-1.0,0.0,0,-1.0
547,7,GLU342,-1.0,0.0,0,-1.0
547,8,ARG245,1.0,0.0,0,1.0
547,9,ARG245,1.0,0.0,0,1.0
547,10,ASP463,-1.0,0.0,0,-1.0
548,1,LYS228,1.0,0.0,0,1.0
548,2,HIS294,0.0,1.0,1,1.0
548,3,TYR450,0.0,-1.0,0,0.0
548,4,TYR90,0.0,-1.0,0,0.0
548,5,LYS136,1.0,0.0,0,1.0
548,6,ASP287,-1.0,0.0,0,-1.0
548,7,LYS176,1.0,0.0,0,1.0
548,8,GLU451,-1.0,0.0,0,-1.0
548,9,TYR90,0.0,-1.0,0,0.0
548,10,HIS54,0.0,1.0,0,0.0
549,1,ASP121,-1.0,0.0,0,-1.0
549,2,LYS228,1.0,0.0,0,1.0
549,3,LYS468,1.0,0.0,0,1.0
549,4,ASP463,-1.0,0.0,0,-1.0
549,5,ARG245,1.0,0.0,0,1.0
549,6,GLU102,-1.0,0.0,0,-1.0
549,7,HIS14,0.0,1.0,1,1.0
549,8,HIS334,0.0,1.0,1,1.0
549,9,LYS188,1.0,0.0,0,1.0
549,10,ASP127,-1.0,0.0,0,-1.0
550,1,ARG45,1.0,0.0,0,1.0
550,2,LYS296,1.0,0.0,0,1.0
550,3,TYR210,0.0,-1.0,0,0.0
550,4,ARG165,1.0,0.0,0,1.0
550,5,ARG245,1.0,0.0,0,1.0
550,6,HIS446,0.0,1.0,1,1.0
550,7,ASP241,-1.0,0.0,0,-1.0
550,8,ASP1,-1.0,0.0,0,-1.0
550,9,GLU411,-1.0,0.0,0,-1.0
550,10,ASP223,-1.0,0.0,0,-1.0
551,1,HIS213,0.0,1.0,1,1.0
551,2,ASP463,-1.0,0.0,0,-1.0
551,3,ASP287,-1.0,0.0,0,-1.0
551,4,ASP143,-1.0,0.0,0,-1.0
551,5,LYS216,1.0,0.0,0,1.0
551,6,ASP7,-1.0,0.0,0,-1.0
551,7,GLU403,-1.0,0.0,0,-1.0
551,8,ASP463,-1.0,0.0,0,-1.0
551,9,ASP321,-1.0,0.0,0,-1.0
551,10,GLU102,-1.0,0.0,0,-1.0
552,1,GLU403,-1.0,0.0,0,-1.0
552,2,GLU43,-1.0,0.0,0,-1.0
552,3,ASP447,-1.0,0.0,0,-1.0
552,4,GLU451,-1.0,0.0,0,-1.0
552,5,ASP161,-1.0,0.0,0,-1.0
552,6,HIS333,0.0,1.0,0,0.0
552,7,HIS374,1.0,0.0,1,0.0
552,8,ASP127,-1.0,0.0,0,-1.0
552,9,LYS56,1.0,0.0,0,1.0
552,10,LYS456,1.0,0.0,0,1.0
553,1,ASP303,-1.0,0.0,0,-1.0
553,2,GLU331,-1.0,0.0,0,-1.0
553,3,TYR10,0.0,-1.0,0,0.0
553,4,ARG245,1.0,0.0,0,1.0
553,5,LYS16,1.0,0.0,0,1.0
553,6,HIS213,1.0,0.0,1,0.0
553,7,GLU163,-1.0,0.0,0,-1.0
553,8,LYS416,1.0,0.0,0,1.0
553,9,TYR50,0.0,-1.0,0,0.0
553,10,GLU163,-1.0,0.0,0,-1.0
554,1,ASP167,-1.0,0.0,0,-1.0
554,2,GLU363,-1.0,0.0,0,-1.0
554,3,ASP223,-1.0,0.0,0,-1.0
554,4,GLU451,-1.0,0.0,0,-1.0
554,5,HIS454,0.0,1.0,0,0.0
554,6,ARG285,1.0,0.0,0,1.0
554,7,GLU403,-1.0,0.0,0,-1.0
554,8,ARG365,1.0,0.0,0,1.0
554,9,ASP183,-1.0,0.0,0,-1.0
554,10,HIS406,1.0,0.0,1,0.0
555,1,GLU443,-1.0,0.0,0,-1.0
555,2,LYS228,1.0,0.0,0,1.0
555,3,HIS53,0.0,1.0,1,1.0
555,4,HIS374,0.0,1.0,0,0.0
555,5,GLU291,-1.0,0.0,0,-1.0
555,6,ASP303,-1.0,0.0,0,-1.0
555,7,ASP361,-1.0,0.0,0,-1.0
555,8,ASP103,-1.0,0.0,0,-1.0
555,9,GLU331,-1.0,0.0,0,-1.0
555,10,ASP63,-1.0,0.0,0,-1.0
556,1,ASP183,-1.0,0.0,0,-1.0
556,2,HIS93,1.0,0.0,1,0.0
556,3,HIS373,0.0,1.0,1,1.0
556,4,HIS214,0.0,1.0,0,0.0
556,5,GLU382,-1.0,0.0,0,-1.0
556,6,TYR90,0.0,-1.0,0,0.0
556,7,LYS336,1.0,0.0,0,1.0
556,8,ARG125,1.0,0.0,0,1.0
556,9,TYR450,0.0,-1.0,0,0.0
556,10,ARG285,1.0,0.0,0,1.0
557,1,ASP41,-1.0,0.0,0,-1.0
557,2,HIS54,0.0,1.0,0,0.0
557,3,TYR410,0.0,-1.0,0,0.0
557,4,GLU302,-1.0,0.0,0,-1.0
557,5,LYS456,1.0,0.0,0,1.0
557,6,ASP463,-1.0,0.0,0,-1.0
557,7,GLU363,-1.0,0.0,0,-1.0
557,8,HIS6,1.0,0.0,1,0.0
557,9,HIS206,0.0,1.0,0,0.0
557,10,HIS414,1.0,0.0,1,0.0
558,1,HIS133,1.0,0.0,1,0.0
558,2,ARG245,1.0,0.0,0,1.0
558,3,ASP143,-1.0,0.0,0,-1.0
558,4,LYS348,1.0,0.0,0,1.0
558,5,ARG45,1.0,0.0,0,1.0
558,6,HIS93,0.0,1.0,1,1.0
558,7,GLU462,-1.0,0.0,0,-1.0
558,8,ASP103,-1.0,0.0,0,-1.0
558,9,HIS14,1.0,0.0,1,0.0
558,10,HIS174,0.0,1.0,1,1.0
559,1,ARG45,1.0,0.0,0,1.0
559,2,LYS108,1.0,0.0,0,1.0
559,3,GLU3,-1.0,0.0,0,-1.0
559,4,ASP161,-1.0,0.0,0,-1.0
559,5,HIS293,1.0,0.0,1,0.0
559,6,LYS296,1.0,0.0,0,1.0
559,7,LYS108,1.0,0.0,0,1.0
559,8,TYR210,0.0,-1.0,0,0.0
559,9,HIS373,1.0,0.0,1,0.0
559,10,HIS326,0.0,1.0,0,0.0
560,1,GLU11,-1.0,0.0,0,-1.0
560,2,TYR130,0.0,-1.0,0,0.0
560,3,HIS53,1.0,0.0,1,0.0
560,4,GLU171,-1.0,0.0,0,-1.0
560,5,HIS13,0.0,1.0,0,0.0
560,6,LYS16,1.0,0.0,0,1.0
560,7,GLU62,-1.0,0.0,0,-1.0
560,8,ASP103,-1.0,0.0,0,-1.0
560,9,ARG285,1.0,0.0,0,1.0
560,10,GLU123,-1.0,0.0,0,-1.0
561,1,ASP121,-1.0,0.0,0,-1.0
561,2,ASP263,-1.0,0.0,0,-1.0
561,3,ASP127,-1.0,0.0,0,-1.0
561,4,GLU222,-1.0,0.0,0,-1.0
561,5,TYR370,0.0,-1.0,0,0.0
561,6,TYR370,0.0,-1.0,0,0.0
561,7,LYS468,1.0,0.0,0,1.0
561,8,ASP321,-1.0,0.0,0,-1.0
561,9,LYS268,1.0,0.0,0,1.0
561,10,GLU182,-1.0,0.0,0,-1.0
562,1,ASP207,-1.0,0.0,0,-1.0
562,2,HIS406,0.0,1.0,1,1.0
562,3,GLU243,-1.0,0.0,0,-1.0
562,4,ASP47,-1.0,0.0,0,-1.0
562,5,TYR210,0.0,-1.0,0,0.0
562,6,GLU291,-1.0,0.0,0,-1.0
562,7,HIS6,0.0,1.0,1,1.0
562,8,HIS133,0.0,1.0,1,1.0
562,9,HIS334,1.0,0.0,1,0.0
562,10,GLU171,-1.0,0.0,0,-1.0
563,1,LYS268,1.0,0.0,0,1.0
563,2,ARG285,1.0,0.0,0,1.0
563,3,LYS176,1.0,0.0,0,1.0
563,4,HIS53,0.0,1.0,0,0.0
563,5,ASP143,-1.0,0.0,0,-1.0
563,6,GLU102,-1.0,0.0,0,-1.0
563,7,TYR210,0.0,-1.0,0,0.0
563,8,ASP167,-1.0,0.0,0,-1.0
563,9,GLU43,-1.0,0.0,0,-1.0
563,10,ARG205,1.0,0.0,0,1.0
564,1,GLU211,-1.0,0.0,0,-1.0
564,2,HIS13,0.0,1.0,0,0.0
564,3,ARG405,1.0,0.0,0,1.0
564,4,HIS166,1.0,0.0,1,0.0
564,5,ARG125,1.0,0.0,0,1.0
564,6,LYS216,1.0,0.0,0,1.0
564,7,TYR170,0.0,-1.0,0,0.0
564,8,ASP361,-1.0,0.0,0,-1.0
564,9,HIS373,0.0,1.0,0,0.0
564,10,TYR330,0.0,-1.0,0,0.0
565,1,ASP201,-1.0,0.0,0,-1.0
565,2,TYR210,0.0,-1.0,0,0.0
565,3,HIS174,1.0,0.0,1,0.0
565,4,ASP1,-1.0,0.0,0,-1.0
565,5,GLU291,-1.0,0.0,0,-1.0
565,6,HIS414,0.0,1.0,0,0.0
565,7,ASP281,-1.0,0.0,0,-1.0
565,8,ASP367,-1.0,0.0,0,-1.0
565,9,LYS148,1.0,0.0,0,1.0
565,10,HIS134,0.0,1.0,1,1.0
566,1,HIS453,0.0,1.0,0,0.0
566,2,HIS94,1.0,0.0,1,0.0
566,3,GLU171,-1.0,0.0,0,-1.0
566,4,LYS68,1.0,0.0,0,1.0
566,5,LYS428,1.0,0.0,0,1.0
566,6,HIS366,1.0,0.0,1,0.0
566,7,ARG285,1.0,0.0,0,1.0
566,8,ARG85,1.0,0.0,0,1.0
566,9,TYR370,0.0,-1.0,0,0.0
566,10,TYR410,0.0,-1.0,0,0.0
567,1,ASP407,-1.0,0.0,0,-1.0
567,2,HIS326,0.0,1.0,1,1.0
567,3,ASP223,-1.0,0.0,0,-1.0
567,4,GLU323,-1.0,0.0,0,-1.0
567,5,HIS334,0.0,1.0,0,0.0
567,6,GLU342,-1.0,0.0,0,-1.0
567,7,GLU91,-1.0,0.0,0,-1.0
567,8,GLU262,-1.0,0.0,0,-1.0
567,9,GLU43,-1.0,0.0,0,-1.0
567,10,GLU262,-1.0,0.0,0,-1.0
568,1,ARG325,1.0,0.0,0,1.0
568,2,GLU203,-1.0,0.0,0,-1.0
568,3,ASP367,-1.0,0.0,0,-1.0
568,4,TYR50,0.0,-1.0,0,0.0
568,5,ASP47,-1.0,0.0,0,-1.0
568,6,HIS246,1.0,0.0,0,1.0
568,7,ASP223,-1.0,0.0,0,-1.0
568,8,ASP441,-1.0,0.0,0,-1.0
568,9,GLU371,-1.0,0.0,0,-1.0
568,10,LYS468,1.0,0.0,0,1.0
569,1,TYR10,0.0,-1.0,0,0.0
569,2,GLU51,-1.0,0.0,0,-1.0
569,3,HIS294,1.0,0.0,1,0.0
569,4,ASP207,-1.0,0.0,0,-1.0
569,5,LYS148,1.0,0.0,0,1.0
569,6,LYS296,1.0,0.0,0,1.0
569,7,HIS406,1.0,0.0,1,0.0
569,8,GLU403,-1.0,0.0,0,-1.0
569,9,LYS216,1.0,0.0,0,1.0
569,10,GLU182,-1.0,0.0,0,-1.0
570,1,LYS188,1.0,0.0,0,1.0
570,2,ARG285,1.0,0.0,0,1.0
570,3,ASP383,-1.0,0.0,0,-1.0
570,4,GLU62,-1.0,0.0,0,-1.0
570,5,HIS373,0.0,1.0,1,1.0
570,6,ARG285,1.0,0.0,0,1.0
570,7,GLU323,-1.0,0.0,0,-1.0
570,8,GLU171,-1.0,0.0,0,-1.0
570,9,GLU363,-1.0,0.0,0,-1.0
570,10,LYS228,1.0,0.0,0,1.0
571,1,GLU451,-1.0,0.0,0,-1.0
571,2,ASP161,-1.0,0.0,0,-1.0
571,3,GLU171,-1.0,0.0,0,-1.0
571,4,ASP127,-1.0,0.0,0,-1.0
571,5,LYS28,1.0,0.0,0,1.0
571,6,HIS206,0.0,1.0,1,1.0
571,7,GLU262,-1.0,0.0,0,-1.0
571,8,ASP167,-1.0,0.0,0,-1.0
571,9,GLU203,-1.0,0.0,0,-1.0
571,10,LYS468,1.0,0.0,0,1.0
572,1,ASP81,-1.0,0.0,0,-1.0
572,2,GLU283,-1.0,0.0,0,-1.0
572,3,GLU171,-1.0,0.0,0,-1.0
572,4,HIS406,0.0,1.0,1,1.0
572,5,ASP447,-1.0,0.0,0,-1.0
572,6,GLU411,-1.0,0.0,0,-1.0
572,7,TYR170,0.0,-1.0,0,0.0
572,8,GLU411,-1.0,0.0,0,-1.0
572,9,GLU11,-1.0,0.0,0,-1.0
572,10,ARG5,1.0,0.0,0,1.0
573,1,LYS296,1.0,0.0,0,1.0
573,2,GLU451,-1.0,0.0,0,-1.0
573,3,HIS54,0.0,1.0,1,1.0
573,4,ASP7,-1.0,0.0,0,-1.0
573,5,GLU83,-1.0,0.0,0,-1.0
573,6,LYS376,1.0,0.0,0,1.0
573,7,HIS254,1.0,0.0,1,0.0
573,8,TYR410,0.0,-1.0,0,0.0
573,9,GLU211,-1.0,0.0,0,-1.0
573,10,GLU243,-1.0,0.0,0,-1.0
574,1,ASP281,-1.0,0.0,0,-1.0
574,2,ASP103,-1.0,0.0,0,-1.0
574,3,GLU262,-1.0,0.0,0,-1.0
574,4,ARG405,1.0,0.0,0,1.0
574,5,LYS388,1.0,0.0,0,1.0
574,6,GLU262,-1.0,0.0,0,-1.0
574,7,GLU331,-1.0,0.0,0,-1.0
574,8,ARG85,1.0,0.0,0,1.0
574,9,ASP441,-1.0,0.0,0,-1.0
574,10,HIS6,1.0,0.0,1,0.0
575,1,ASP103,-1.0,0.0,0,-1.0
575,2,HIS454,0.0,1.0,0,0.0
575,3,GLU291,-1.0,0.0,0,-1.0
575,4,HIS373,1.0,0.0,1,0.0
575,5,ARG85,1.0,0.0,0,1.0
575,6,GLU243,-1.0,0.0,0,-1.0
575,7,ASP263,-1.0,0.0,0,-1.0
575,8,GLU462,-1.0,0.0,0,-1.0
575,9,ASP287,-1.0,0.0,0,-1.0
575,10,GLU62,-1.0,0.0,0,-1.0
576,1,TYR170,0.0,-1.0,0,0.0
576,2,ASP183,-1.0,0.0,0,-1.0
576,3,LYS96,1.0,0.0,0,1.0
576,4,LYS256,1.0,0.0,0,1.0
576,5,GLU342,-1.0,0.0,0,-1.0
576,6,ARG445,1.0,0.0,0,1.0
576,7,ARG285,1.0,0.0,0,1.0
576,8,GLU3,-1.0,0.0,0,-1.0
576,9,GLU3,-1.0,0.0,0,-1.0
576,10,ARG205,1.0,0.0,0,1.0
577,1,TYR250,0.0,-1.0,0,0.0
577,2,GLU91,-1.0,0.0,0,-1.0
577,3,GLU422,-1.0,0.0,0,-1.0
577,4,GLU342,-1.0,0.0,0,-1.0
577,5,ARG325,1.0,0.0,0,1.0
577,6,LYS456,1.0,0.0,0,1.0
577,7,LYS28,1.0,0.0,0,1.0
577,8,HIS413,0.0,1.0,1,1.0
577,9,LYS216,1.0,0.0,0,1.0
577,10,ASP167,-1.0,0.0,0,-1.0
578,1,GLU11,-1.0,0.0,0,-1.0
578,2,ASP223,-1.0,0.0,0,-1.0
578,3,LYS68,1.0,0.0,0,1.0
578,4,TYR410,0.0,-1.0,0,0.0
578,5,GLU462,-1.0,0.0,1,0.0
578,6,TYR170,0.0,-1.0,0,0.0
578,7,HIS13,0.0,1.0,1,1.0
578,8,ASP281,-1.0,0.0,0,-1.0
578,9,GLU451,-1.0,0.0,0,-1.0
578,10,GLU51,-1.0,0.0,0,-1.0
579,1,HIS86,0.0,1.0,1,1.0
579,2,HIS54,1.0,0.0,1,0.0
579,3,ASP1,-1.0,0.0,0,-1.0
579,4,ASP247,-1.0,0.0,0,-1.0
579,5,ARG205,1.0,0.0,0,1.0
579,6,GLU83,-1.0,0.0,0,-1.0
579,7,ASP143,-1.0,0.0,0,-1.0
579,8,HIS126,1.0,0.0,1,0.0
579,9,ARG85,1.0,0.0,0,1.0
579,10,TYR250,0.0,-1.0,0,0.0
580,1,LYS188,1.0,0.0,0,1.0
580,2,ASP63,-1.0,0.0,0,-1.0
580,3,GLU422,-1.0,0.0,0,-1.0
580,4,LYS176,1.0,0.0,0,1.0
580,5,GLU443,-1.0,0.0,0,-1.0
580,6,TYR330,0.0,-1.0,0,0.0
580,7,ASP81,-1.0,0.0,0,-1.0
580,8,GLU3,-1.0,0.0,0,-1.0
580,9,ASP367,-1.0,0.0,0,-1.0
580,10,GLU83,-1.0,0.0,0,-1.0
581,1,GLU102,-1.0,0.0,0,-1.0
581,2,LYS256,1.0,0.0,0,1.0
581,3,HIS126,0.0,1.0,1,1.0
581,4,ARG45,1.0,0.0,0,1.0
581,5,TYR170,0.0,-1.0,0,0.0
581,6,HIS214,0.0,1.0,1,1.0
581,7,ARG325,1.0,0.0,0,1.0
581,8,LYS388,1.0,0.0,0,1.0
581,9,HIS53,0.0,1.0,1,1.0
581,10,ASP383,-1.0,0.0,0,-1.0
582,1,GLU3,-1.0,0.0,0,-1.0
582,2,ASP207,-1.0,0.0,0,-1.0
582,3,ASP241,-1.0,0.0,0,-1.0
582,4,HIS6,0.0,1.0,1,1.0
582,5,HIS406,1.0,0.0,1,0.0
582,6,HIS326,1.0,0.0,1,0.0
582,7,HIS166,0.0,1.0,1,1.0
582,8,ASP281,-1.0,0.0,0,-1.0
582,9,ARG85,1.0,0.0,0,1.0
582,10,HIS86,1.0,0.0,1,0.0
583,1,HIS54,0.0,1.0,1,1.0
583,2,ARG165,1.0,0.0,0,1.0
583,3,HIS93,1.0,0.0,1,0.0
583,4,ASP41,-1.0,0.0,0,-1.0
583,5,ASP127,-1.0,0.0,0,-1.0
583,6,ASP263,-1.0,0.0,0,-1.0
583,7,GLU451,-1.0,0.0,0,-1.0
583,8,ARG5,1.0,0.0,0,1.0
583,9,GLU323,-1.0,0.0,0,-1.0
583,10,HIS166,1.0,0.0,1,0.0
584,1,HIS6,1.0,0.0,1,0.0
584,2,HIS86,0.0,1.0,1,1.0
584,3,TYR50,0.0,-1.0,0,0.0
584,4,TYR130,0.0,-1.0,0,0.0
584,5,HIS246,1.0,0.0,1,0.0
584,6,HIS133,1.0,0.0,1,0.0
584,7,GLU222,-1.0,0.0,0,-1.0
584,8,TYR370,0.0,-1.0,0,0.0
584,9,HIS166,0.0,1.0,1,1.0
584,10,TYR410,0.0,-1.0,0,0.0
585,1,TYR250,0.0,-1.0,0,0.0
585,2,ASP401,-1.0,0.0,0,-1.0
585,3,ASP81,-1.0,0.0,0,-1.0
585,4,ARG125,1.0,0.0,0,1.0
585,5,ASP241,-1.0,0.0,0,-1.0
585,6,GLU451,-1.0,0.0,0,-1.0
585,7,GLU203,-1.0,0.0,0,-1.0
585,8,GLU331,-1.0,0.0,0,-1.0
585,9,GLU291,-1.0,0.0,0,-1.0
585,10,GLU102,-1.0,0.0,0,-1.0
586,1,HIS326,0.0,1.0,1,1.0
586,2,GLU363,-1.0,0.0,0,-1.0
586,3,GLU123,-1.0,0.0,0,-1.0
586,4,GLU182,-1.0,0.0,0,-1.0
586,5,LYS148,1.0,0.0,0,1.0
586,6,ASP241,-1.0,0.0,0,-1.0
586,7,HIS46,0.0,1.0,1,1.0
586,8,ARG365,1.0,0.0,0,1.0
586,9,GLU43,-1.0,0.0,0,-1.0
586,10,GLU422,-1.0,0.0,0,-1.0
587,1,GLU211,-1.0,0.0,0,-1.0
587,2,ASP407,-1.0,0.0,0,-1.0
587,3,ASP321,-1.0,0.0,0,-1.0
587,4,GLU323,-1.0,0.0,0,-1.0
587,5,TYR450,0.0,-1.0,0,0.0
587,6,LYS428,1.0,0.0,0,1.0
587,7,GLU342,-1.0,0.0,0,-1.0
587,8,LYS188,1.0,0.0,0,1.0
587,9,TYR210,0.0,-1.0,0,0.0
587,10,GLU11,-1.0,0.0,0,-1.0
588,1,HIS213,0.0,1.0,0,0.0
588,2,GLU243,-1.0,0.0,0,-1.0
588,3,GLU443,-1.0,0.0,0,-1.0
588,4,ASP407,-1.0,0.0,0,-1.0
588,5,GLU123,-1.0,0.0,0,-1.0
588,6,ASP441,-1.0,0.0,0,-1.0
588,7,LYS28,1.0,0.0,0,1.0
588,8,ASP407,-1.0,0.0,0,-1.0
588,9,TYR130,0.0,-1.0,0,0.0
588,10,HIS6,0.0,1.0,1,1.0
589,1,HIS333,0.0,1.0,1,1.0
589,2,HIS133,0.0,1.0,1,1.0
589,3,ASP161,-1.0,0.0,0,-1.0
589,4,ASP367,-1.0,0.0,0,-1.0
589,5,ARG285,1.0,0.0,0,1.0
589,6,LYS176,1.0,0.0,0,1.0
589,7,ASP143,-1.0,0.0,0,-1.0
589,8,ARG85,1.0,0.0,0,1.0
589,9,ASP401,-1.0,0.0,0,-1.0
589,10,ASP121,-1.0,0.0,0,-1.0
590,1,LYS428,1.0,0.0,0,1.0
590,2,ASP201,-1.0,0.0,0,-1.0
590,3,ARG165,1.0,0.0,0,1.0
590,4,TYR290,0.0,-1.0,0,0.0
590,5,ASP407,-1.0,0.0,0,-1.0
590,6,ASP41,-1.0,0.0,0,-1.0
590,7,ASP287,-1.0,0.0,0,-1.0
590,8,ASP81,-1.0,0.0,0,-1.0
590,9,ASP303,-1.0,0.0,0,-1.0
590,10,GLU462,0.0,-1.0,1,-1.0
591,1,GLU102,-1.0,0.0,0,-1.0
591,2,HIS54,1.0,0.0,1,0.0
591,3,HIS333,1.0,0.0,1,0.0
591,4,ASP423,-1.0,0.0,0,-1.0
591,5,TYR250,0.0,-1.0,0,0.0
591,6,GLU43,-1.0,0.0,0,-1.0
591,7,ARG445,1.0,0.0,0,1.0
591,8,ASP47,-1.0,0.0,0,-1.0
591,9,ASP87,-1.0,0.0,0,-1.0
591,10,HIS373,0.0,1.0,1,1.0
592,1,GLU142,-1.0,0.0,0,-1.0
592,2,ASP303,-1.0,0.0,0,-1.0
592,3,GLU283,-1.0,0.0,0,-1.0
592,4,ASP47,-1.0,0.0,0,-1.0
592,5,GLU342,-1.0,0.0,0,-1.0
592,6,GLU243,-1.0,0.0,0,-1.0
592,7,ARG445,1.0,0.0,0,1.0
592,8,TYR370,0.0,-1.0,0,0.0
592,9,TYR410,0.0,-1.0,0,0.0
592,10,ASP361,-1.0,0.0,0,-1.0
593,1,TYR330,0.0,-1.0,0,0.0
593,2,ASP87,-1.0,0.0,0,-1.0
593,3,GLU291,-1.0,0.0,0,-1.0
593,4,LYS376,1.0,0.0,0,1.0
593,5,HIS414,0.0,1.0,0,0.0
593,6,GLU51,-1.0,0.0,0,-1.0
593,7,ASP167,-1.0,0.0,0,-1.0
593,8,HIS366,0.0,1.0,1,1.0
593,9,ASP321,-1.0,0.0,0,-1.0
593,10,HIS334,0.0,1.0,1,1.0
594,1,ARG445,1.0,0.0,0,1.0
594,2,HIS93,0.0,1.0,0,0.0
594,3,LYS216,1.0,0.0,0,1.0
594,4,ASP201,-1.0,0.0,0,-1.0
594,5,ASP127,-1.0,0.0,0,-1.0
594,6,ARG125,1.0,0.0,0,1.0
594,7,TYR90,0.0,-1.0,0,0.0
594,8,LYS136,1.0,0.0,0,1.0
594,9,TYR290,0.0,-1.0,0,0.0
594,10,ASP87,-1.0,0.0,0,-1.0
595,1,GLU262,-1.0,0.0,0,-1.0
595,2,ASP361,-1.0,0.0,0,-1.0
595,3,GLU251,-1.0,0.0,0,-1.0
595,4,ARG165,1.0,0.0,0,1.0
595,5,LYS96,1.0,0.0,0,1.0
595,6,ARG405,1.0,0.0,0,1.0
595,7,ASP47,-1.0,0.0,0,-1.0
595,8,ASP321,-1.0,0.0,0,-1.0
595,9,HIS286,0.0,1.0,1,1.0
595,10,HIS13,1.0,0.0,1,0.0
596,1,HIS253,1.0,0.0,1,0.0
596,2,TYR170,0.0,-1.0,0,0.0
596,3,ASP447,-1.0,0.0,0,-1.0
596,4,ARG445,1.0,0.0,0,1.0
596,5,HIS174,0.0,1.0,0,0.0
596,6,HIS246,0.0,1.0,1,1.0
596,7,GLU131,-1.0,0.0,0,-1.0
596,8,LYS56,1.0,0.0,0,1.0
596,9,ARG445,1.0,0.0,0,1.0
596,10,HIS286,1.0,0.0,1,0.0
597,1,LYS388,1.0,0.0,0,1.0
597,2,HIS166,1.0,0.0,1,0.0
597,3,LYS148,1.0,0.0,0,1.0
597,4,GLU422,-1.0,0.0,0,-1.0
597,5,LYS468,1.0,0.0,0,1.0
597,6,ARG365,1.0,0.0,0,1.0
597,7,HIS173,0.0,1.0,1,1.0
597,8,GLU443,-1.0,0.0,0,-1.0
597,9,ASP321,-1.0,0.0,0,-1.0
597,10,ARG365,1.0,0.0,0,1.0
598,1,GLU3,-1.0,0.0,0,-1.0
598,2,LYS176,1.0,0.0,0,1.0
598,3,GLU203,-1.0,0.0,0,-1.0
598,4,TYR170,0.0,-1.0,0,0.0
598,5,LYS336,1.0,0.0,0,1.0
598,6,GLU102,-1.0,0.0,0,-1.0
598,7,ARG125,1.0,0.0,0,1.0
598,8,HIS134,1.0,0.0,1,0.0
598,9,ASP81,-1.0,0.0,0,-1.0
598,10,LYS416,1.0,0.0,0,1.0
599,1,GLU182,-1.0,0.0,0,-1.0
599,2,TYR130,0.0,-1.0,0,0.0
599,3,GLU363,-1.0,0.0,0,-1.0
599,4,GLU131,-1.0,0.0,0,-1.0
599,5,TYR210,0.0,-1.0,0,0.0
599,6,ARG445,1.0,0.0,0,1.0
599,7,ASP263,-1.0,0.0,0,-1.0
599,8,GLU451,-1.0,0.0,0,-1.0
599,9,GLU403,-1.0,0.0,0,-1.0
599,10,LYS228,1.0,0.0,0,1.0
600,1,ARG445,1.0,0.0,0,1.0
600,2,GLU243,-1.0,0.0,0,-1.0
600,3,HIS13,0.0,1.0,1,1.0
600,4,GLU51,-1.0,0.0,0,-1.0
600,5,ASP41,-1.0,0.0,0,-1.0
600,6,HIS373,1.0,0.0,1,0.0
600,7,GLU291,-1.0,0.0,0,-1.0
600,8,HIS293,0.0,1.0,1,1.0
600,9,HIS214,1.0,0.0,1,0.0
600,10,HIS13,1.0,0.0,1,0.0
601,1,HIS14,0.0,1.0,0,0.0
601,2,LYS296,1.0,0.0,0,1.0
601,3,GLU382,-1.0,0.0,0,-1.0
601,4,LYS188,1.0,0.0,0,1.0
601,5,TYR450,0.0,-1.0,0,0.0
601,6,GLU123,-1.0,0.0,0,-1.0
601,7,ASP63,-1.0,0.0,0,-1.0
601,8,HIS334,1.0,0.0,1,0.0
601,9,ASP263,-1.0,0.0,0,-1.0
601,10,TYR170,0.0,-1.0,0,0.0
602,1,GLU243,-1.0,0.0,0,-1.0
602,2,HIS166,0.0,1.0,1,1.0
602,3,GLU283,-1.0,0.0,0,-1.0
602,4,LYS188,1.0,0.0,0,1.0
602,5,GLU371,-1.0,0.0,0,-1.0
602,6,HIS173,1.0,0.0,1,0.0
602,7,ASP247,-1.0,0.0,0,-1.0
602,8,HIS174,0.0,1.0,1,1.0
602,9,ARG325,1.0,0.0,0,1.0
602,10,HIS286,0.0,1.0,1,1.0
603,1,ASP407,-1.0,0.0,0,-1.0
603,2,GLU251,-1.0,0.0,0,-1.0
603,3,GLU182,-1.0,0.0,0,-1.0
603,4,GLU91,-1.0,0.0,0,-1.0
603,5,LYS216,1.0,0.0,0,1.0
603,6,GLU283,-1.0,0.0,0,-1.0
603,7,HIS366,1.0,0.0,0,1.0
603,8,LYS456,1.0,0.0,0,1.0
603,9,HIS374,0.0,1.0,0,0.0
603,10,HIS246,1.0,0.0,1,0.0
604,1,HIS334,0.0,1.0,1,1.0
604,2,ASP287,-1.0,0.0,0,-1.0
604,3,HIS46,1.0,0.0,1,0.0
604,4,ASP327,-1.0,0.0,0,-1.0
604,5,GLU142,-1.0,0.0,0,-1.0
604,6,GLU182,-1.0,0.0,0,-1.0
604,7,GLU283,-1.0,0.0,0,-1.0
604,8,ASP247,-1.0,0.0,0,-1.0
604,9,GLU462,-1.0,0.0,0,-1.0
604,10,ARG5,1.0,0.0,0,1.0
605,1,ARG285,1.0,0.0,0,1.0
605,2,GLU142,-1.0,0.0,0,-1.0
605,3,GLU43,-1.0,0.0,0,-1.0
605,4,LYS268,1.0,0.0,0,1.0
605,5,ASP361,-1.0,0.0,0,-1.0
605,6,LYS216,1.0,0.0,0,1.0
605,7,ARG285,1.0,0.0,0,1.0
605,8,HIS254,0.0,1.0,1,1.0
605,9,ARG245,1.0,0.0,0,1.0
605,10,HIS286,1.0,0.0,0,1.0
606,1,ARG325,1.0,0.0,0,1.0
606,2,ASP127,-1.0,0.0,0,-1.0
606,3,ARG285,1.0,0.0,0,1.0
606,4,GLU22,-1.0,0.0,0,-1.0
606,5,HIS86,1.0,0.0,1,0.0
606,6,TYR330,0.0,-1.0,0,0.0
606,7,GLU243,-1.0,0.0,0,-1.0
606,8,GLU363,-1.0,0.0,0,-1.0
606,9,ASP127,-1.0,0.0,0,-1.0
606,10,GLU62,-1.0,0.0,0,-1.0
607,1,ASP103,-1.0,0.0,0,-1.0
607,2,ASP241,-1.0,0.0,0,-1.0
607,3,LYS456,1.0,0.0,0,1.0
607,4,HIS126,1.0,0.0,1,0.0
607,5,ASP383,-1.0,0.0,0,-1.0
607,6,GLU131,-1.0,0.0,0,-1.0
607,7,ARG5,1.0,0.0,0,1.0
607,8,ARG445,1.0,0.0,0,1.0
607,9,LYS456,1.0,0.0,0,1.0
607,10,GLU243,-1.0,0.0,0,-1.0
608,1,HIS454,0.0,1.0,0,0.0
608,2,ASP127,-1.0,0.0,0,-1.0
608,3,GLU123,-1.0,0.0,0,-1.0
608,4,HIS373,0.0,1.0,0,0.0
608,5,LYS268,1.0,0.0,0,1.0
608,6,ASP63,-1.0,0.0,0,-1.0
608,7,ASP463,-1.0,0.0,0,-1.0
608,8,HIS54,0.0,1.0,0,0.0
608,9,LYS296,1.0,0.0,0,1.0
608,10,LYS388,1.0,0.0,0,1.0
609,1,HIS6,1.0,0.0,0,1.0
609,2,LYS388,1.0,0.0,0,1.0
609,3,ASP441,-1.0,0.0,0,-1.0
609,4,LYS428,1.0,0.0,0,1.0
609,5,HIS46,0.0,1.0,1,1.0
609,6,GLU83,-1.0,0.0,0,-1.0
609,7,HIS213,0.0,1.0,1,1.0
609,8,HIS374,0.0,1.0,0,0.0
609,9,ARG45,1.0,0.0,0,1.0
609,10,ASP143,-1.0,0.0,0,-1.0
610,1,GLU262,-1.0,0.0,0,-1.0
610,2,GLU222,-1.0,0.0,0,-1.0
610,3,LYS256,1.0,0.0,0,1.0
610,4,HIS286,1.0,0.0,0,1.0
610,5,HIS86,0.0,1.0,0,0.0
610,6,LYS108,1.0,0.0,0,1.0
610,7,ASP423,-1.0,0.0,0,-1.0
610,8,ASP87,-1.0,0.0,0,-1.0
610,9,ASP327,-1.0,0.0,0,-1.0
610,10,TYR50,0.0,-1.0,0,0.0
611,1,GLU462,-1.0,0.0,0,-1.0
611,2,GLU371,-1.0,0.0,0,-1.0
611,3,HIS174,1.0,0.0,1,0.0
611,4,ASP127,-1.0,0.0,0,-1.0
611,5,ASP1,-1.0,0.0,0,-1.0
611,6,GLU171,-1.0,0.0,0,-1.0
611,7,GLU243,-1.0,0.0,0,-1.0
611,8,TYR50,0.0,-1.0,0,0.0
611,9,ASP207,-1.0,0.0,0,-1.0
611,10,ASP63,-1.0,0.0,0,-1.0
612,1,HIS53,1.0,0.0,1,0.0
612,2,GLU443,-1.0,0.0,0,-1.0
612,3,HIS214,0.0,1.0,0,0.0
612,4,ASP441,-1.0,0.0,0,-1.0
612,5,ASP23,-1.0,0.0,0,-1.0
612,6,HIS374,0.0,1.0,1,1.0
612,7,GLU331,-1.0,0.0,0,-1.0
612,8,ASP327,-1.0,0.0,0,-1.0
612,9,HIS93,0.0,1.0,0,0.0
612,10,ASP143,-1.0,0.0,0,-1.0
613,1,GLU3,-1.0,0.0,0,-1.0
613,2,GLU342,-1.0,0.0,0,-1.0
613,3,TYR250,0.0,-1.0,0,0.0
613,4,GLU171,-1.0,0.0,0,-1.0
613,5,GLU363,-1.0,0.0,0,-1.0
613,6,GLU131,-1.0,0.0,0,-1.0
613,7,GLU203,-1.0,0.0,0,-1.0
613,8,ASP287,-1.0,0.0,0,-1.0
613,9,TYR130,0.0,-1.0,0,0.0
613,10,LYS136,1.0,0.0,0,1.0
614,1,ASP81,-1.0,0.0,0,-1.0
614,2,GLU262,-1.0,0.0,0,-1.0
614,3,ASP281,-1.0,0.0,0,-1.0
614,4,ASP121,-1.0,0.0,0,-1.0
614,5,ASP281,-1.0,0.0,0,-1.0
614,6,GLU331,-1.0,0.0,0,-1.0
614,7,LYS136,1.0,0.0,0,1.0
614,8,HIS174,0.0,1.0,0,0.0
614,9,TYR290,0.0,-1.0,0,0.0
614,10,TYR90,0.0,-1.0,0,0.0
615,1,ASP321,-1.0,0.0,0,-1.0
615,2,GLU262,-1.0,0.0,0,-1.0
615,3,GLU422,-1.0,0.0,0,-1.0
615,4,GLU171,-1.0,0.0,0,-1.0
615,5,GLU142,-1.0,0.0,0,-1.0
615,6,HIS286,1.0,0.0,0,1.0
615,7,GLU403,-1.0,0.0,0,-1.0
615,8,GLU342,-1.0,0.0,0,-1.0
615,9,GLU283,-1.0,0.0,0,-1.0
615,10,ASP321,-1.0,0.0,0,-1.0
616,1,ASP287,-1.0,0.0,0,-1.0
616,2,LYS308,1.0,0.0,0,1.0
616,3,TYR210,0.0,-1.0,0,0.0
616,4,HIS93,0.0,1.0,1,1.0
616,5,HIS206,1.0,0.0,1,0.0
616,6,HIS214,0.0,1.0,0,0.0
616,7,HIS86,0.0,1.0,1,1.0
616,8,HIS294,0.0,1.0,1,1.0
616,9,ASP281,-1.0,0.0,0,-1.0
616,10,LYS348,1.0,0.0,0,1.0
617,1,ASP103,-1.0,0.0,0,-1.0
617,2,ASP303,-1.0,0.0,0,-1.0
617,3,GLU403,-1.0,0.0,0,-1.0
617,4,HIS246,0.0,1.0,1,1.0
617,5,LYS96,1.0,0.0,0,1.0
617,6,HIS174,0.0,1.0,0,0.0
617,7,LYS68,1.0,0.0,0,1.0
617,8,ARG85,1.0,0.0,0,1.0
617,9,HIS246,1.0,0.0,1,0.0
617,10,LYS68,1.0,0.0,0,1.0
618,1,ASP121,-1.0,0.0,0,-1.0
618,2,HIS326,1.0,0.0,1,0.0
618,3,ASP407,-1.0,0.0,0,-1.0
618,4,GLU283,-1.0,0.0,0,-1.0
618,5,ARG325,1.0,0.0,0,1.0
618,6,LYS148,1.0,0.0,0,1.0
618,7,LYS376,1.0,0.0,0,1.0
618,8,ASP41,-1.0,0.0,0,-1.0
618,9,ARG125,1.0,0.0,0,1.0
618,10,ASP143,-1.0,0.0,0,-1.0
619,1,HIS406,0.0,1.0,1,1.0
619,2,ASP201,-1.0,0.0,0,-1.0
619,3,ASP87,-1.0,0.0,0,-1.0
619,4,GLU323,-1.0,0.0,0,-1.0
619,5,GLU171,-1.0,0.0,0,-1.0
619,6,LYS336,1.0,0.0,0,1.0
619,7,TYR10,0.0,-1.0,0,0.0
619,8,GLU462,-1.0,0.0,0,-1.0
619,9,ASP207,-1.0,0.0,0,-1.0
619,10,GLU102,-1.0,0.0,0,-1.0
620,1,GLU91,-1.0,0.0,0,-1.0
620,2,LYS108,1.0,0.0,0,1.0
620,3,GLU302,-1.0,0.0,0,-1.0
620,4,ARG5,1.0,0.0,0,1.0
620,5,TYR250,0.0,-1.0,0,0.0
620,6,HIS334,1.0,0.0,1,0.0
620,7,GLU62,-1.0,0.0,0,-1.0
620,8,GLU403,-1.0,0.0,0,-1.0
620,9,GLU251,-1.0,0.0,0,-1.0
620,10,LYS28,1.0,0.0,0,1.0
621,1,LYS136,1.0,0.0,0,1.0
621,2,LYS456,1.0,0.0,0,1.0
621,3,GLU51,-1.0,0.0,0,-1.0
621,4,LYS16,1.0,0.0,0,1.0
621,5,LYS428,1.0,0.0,0,1.0
621,6,ASP321,-1.0,0.0,0,-1.0
621,7,HIS253,0.0,1.0,1,1.0
621,8,ASP383,-1.0,0.0,0,-1.0
621,9,GLU142,-1.0,0.0,0,-1.0
621,10,HIS453,0.0,1.0,0,0.0
622,1,LYS348,1.0,0.0,0,1.0
622,2,ASP63,-1.0,0.0,0,-1.0
622,3,ASP127,-1.0,0.0,0,-1.0
622,4,LYS148,1.0,0.0,0,1.0
622,5,GLU342,-1.0,0.0,0,-1.0
622,6,HIS326,0.0,1.0,1,1.0
622,7,HIS14,0.0,1.0,0,0.0
622,8,LYS456,1.0,0.0,0,1.0
622,9,ASP167,-1.0,0.0,0,-1.0
622,10,GLU83,-1.0,0.0,0,-1.0
623,1,LYS348,1.0,0.0,0,1.0
623,2,LYS348,1.0,0.0,0,1.0
623,3,HIS54,0.0,1.0,1,1.0
623,4,LYS428,1.0,0.0,0,1.0
623,5,HIS133,1.0,0.0,1,0.0
623,6,HIS373,0.0,1.0,0,0.0
623,7,ASP383,-1.0,0.0,0,-1.0
623,8,HIS14,0.0,1.0,1,1.0
623,9,LYS376,1.0,0.0,0,1.0
623,10,ASP121,-1.0,0.0,0,-1.0
624,1,LYS468,1.0,0.0,0,1.0
624,2,ASP423,-1.0,0.0,0,-1.0
624,3,LYS428,1.0,0.0,0,1.0
624,4,ASP367,-1.0,0.0,0,-1.0
624,5,HIS446,1.0,0.0,1,0.0
624,6,ARG245,1.0,0.0,0,1.0
624,7,LYS136,1.0,0.0,0,1.0
624,8,LYS228,1.0,0.0,0,1.0
624,9,ARG325,1.0,0.0,0,1.0
624,10,HIS46,1.0,0.0,1,0.0
625,1,LYS336,1.0,0.0,0,1.0
625,2,HIS6,1.0,0.0,1,0.0
625,3,GLU51,-1.0,0.0,0,-1.0
625,4,ARG125,1.0,0.0,0,1.0
625,5,HIS93,1.0,0.0,1,0.0
625,6,ASP327,-1.0,0.0,0,-1.0
625,7,HIS253,1.0,0.0,1,0.0
625,8,TYR130,0.0,-1.0,0,0.0
625,9,ASP241,-1.0,0.0,0,-1.0
625,10,HIS94,0.0,1.0,0,0.0
626,1,LYS296,1.0,0.0,0,1.0
626,2,HIS86,1.0,0.0,1,0.0
626,3,ARG205,1.0,0.0,0,1.0
626,4,HIS254,1.0,0.0,1,0.0
626,5,GLU43,-1.0,0.0,0,-1.0
626,6,ARG85,1.0,0.0,0,1.0
626,7,GLU83,-1.0,0.0,0,-1.0
626,8,TYR130,0.0,-1.0,0,0.0
626,9,ASP1,-1.0,0.0,0,-1.0
626,10,HIS294,1.0,0.0,1,0.0
627,1,GLU3,-1.0,0.0,0,-1.0
627,2,HIS446,0.0,1.0,0,0.0
627,3,ASP121,-1.0,0.0,0,-1.0
627,4,GLU371,-1.0,0.0,0,-1.0
627,5,HIS14,1.0,0.0,1,0.0
627,6,ASP321,-1.0,0.0,0,-1.0
627,7,TYR170,0.0,-1.0,0,0.0
627,8,ASP441,-1.0,0.0,0,-1.0
627,9,ARG125,1.0,0.0,0,1.0
627,10,GLU222,-1.0,0.0,0,-1.0
628,1,LYS56,1.0,0.0,0,1.0
628,2,LYS108,1.0,0.0,0,1.0
628,3,ASP41,-1.0,0.0,0,-1.0
628,4,ASP41,-1.0,0.0,0,-1.0
628,5,HIS93,0.0,1.0,1,1.0
628,6,GLU251,-1.0,0.0,0,-1.0
628,7,GLU251,-1.0,0.0,0,-1.0
628,8,ASP247,-1.0,0.0,0,-1.0
628,9,LYS96,1.0,0.0,0,1.0
628,10,TYR210,0.0,-1.0,0,0.0
629,1,LYS268,1.0,0.0,0,1.0
629,2,GLU182,-1.0,0.0,0,-1.0
629,3,TYR210,0.0,-1.0,0,0.0
629,4,LYS256,1.0,0.0,0,1.0
629,5,LYS388,1.0,0.0,0,1.0
629,6,LYS376,1.0,0.0,0,1.0
629,7,ASP401,-1.0,0.0,0,-1.0
629,8,GLU251,-1.0,0.0,0,-1.0
629,9,GLU142,-1.0,0.0,0,-1.0
629,10,ASP367,-1.0,0.0,0,-1.0
630,1,LYS268,1.0,0.0,0,1.0
630,2,HIS86,0.0,1.0,1,1.0
630,3,GLU291,-1.0,0.0,0,-1.0
630,4,HIS53,0.0,1.0,1,1.0
630,5,ASP287,-1.0,0.0,0,-1.0
630,6,ASP463,-1.0,0.0,0,-1.0
630,7,GLU123,-1.0,0.0,0,-1.0
630,8,ASP361,-1.0,0.0,0,-1.0
630,9,HIS414,0.0,1.0,0,0.0
630,10,TYR90,0.0,-1.0,0,0.0
631,1,ARG5,1.0,0.0,0,1.0
631,2,GLU422,-1.0,0.0,0,-1.0
631,3,GLU102,-1.0,0.0,0,-1.0
631,4,GLU323,-1.0,0.0,0,-1.0
631,5,HIS413,1.0,0.0,1,0.0
631,6,HIS286,1.0,0.0,1,0.0
631,7,ASP121,-1.0,0.0,0,-1.0
631,8,TYR450,0.0,-1.0,0,0.0
631,9,ASP81,-1.0,0.0,0,-1.0
631,10,ASP127,-1.0,0.0,0,-1.0
632,1,GLU262,-1.0,0.0,0,-1.0
632,2,ASP41,-1.0,0.0,0,-1.0
632,3,ASP383,-1.0,0.0,0,-1.0
632,4,GLU51,-1.0,0.0,0,-1.0
632,5,GLU323,-1.0,0.0,0,-1.0
632,6,ASP407,-1.0,0.0,0,-1.0
632,7,ASP401,-1.0,0.0,0,-1.0
632,8,GLU302,-1.0,0.0,0,-1.0
632,9,LYS68,1.0,0.0,0,1.0
632,10,HIS453,0.0,1.0,1,1.0
633,1,GLU203,-1.0,0.0,0,-1.0
633,2,LYS388,1.0,0.0,0,1.0
633,3,HIS134,0.0,1.0,1,1.0
633,4,GLU171,-1.0,0.0,0,-1.0
633,5,ARG325,1.0,0.0,0,1.0
633,6,GLU331,-1.0,0.0,0,-1.0
633,7,ARG405,1.0,0.0,0,1.0
633,8,LYS468,1.0,0.0,0,1.0
633,9,TYR410,0.0,-1.0,0,0.0
633,10,GLU283,-1.0,0.0,0,-1.0
634,1,GLU251,-1.0,0.0,0,-1.0
634,2,HIS453,1.0,0.0,1,0.0
634,3,GLU203,-1.0,0.0,0,-1.0
634,4,HIS166,1.0,0.0,1,0.0
634,5,GLU91,-1.0,0.0,0,-1.0
634,6,LYS228,1.0,0.0,0,1.0
634,7,ARG405,1.0,0.0,0,1.0
634,8,LYS428,1.0,0.0,0,1.0
634,9,HIS213,1.0,0.0,0,1.0
634,10,ARG245,1.0,0.0,0,1.0
635,1,ARG285,1.0,0.0,0,1.0
635,2,LYS348,1.0,0.0,0,1.0
635,3,HIS6,0.0,1.0,0,0.0
635,4,ARG85,1.0,0.0,0,1.0
635,5,HIS173,0.0,1.0,1,1.0
635,6,GLU102,-1.0,0.0,0,-1.0
635,7,TYR10,0.0,-1.0,0,0.0
635,8,HIS246,0.0,1.0,1,1.0
635,9,HIS86,1.0,0.0,1,0.0
635,10,GLU211,-1.0,0.0,0,-1.0
636,1,ASP207,-1.0,0.0,0,-1.0
636,2,ASP367,-1.0,0.0,0,-1.0
636,3,GLU243,-1.0,0.0,0,-1.0
636,4,HIS166,0.0,1.0,1,1.0
636,5,HIS254,0.0,1.0,1,1.0
636,6,ASP63,-1.0,0.0,0,-1.0
636,7,HIS46,0.0,1.0,0,0.0
636,8,ASP183,-1.0,0.0,0,-1.0
636,9,ASP401,-1.0,0.0,0,-1.0
636,10,GLU323,-1.0,0.0,0,-1.0
637,1,TYR370,0.0,-1.0,0,0.0
637,2,GLU11,-1.0,0.0,0,-1.0
637,3,HIS413,0.0,1.0,1,1.0
637,4,GLU411,-1.0,0.0,0,-1.0
637,5,HIS334,0.0,1.0,1,1.0
637,6,ASP143,-1.0,0.0,0,-1.0
637,7,TYR130,0.0,-1.0,0,0.0
637,8,ARG325,1.0,0.0,0,1.0
637,9,GLU302,-1.0,0.0,0,-1.0
637,10,HIS246,1.0,0.0,1,0.0
638,1,ASP201,-1.0,0.0,0,-1.0
638,2,TYR330,0.0,-1.0,0,0.0
638,3,ARG85,1.0,0.0,0,1.0
638,4,GLU182,-1.0,0.0,0,-1.0
638,5,GLU83,-1.0,0.0,0,-1.0
638,6,HIS126,0.0,1.0,1,1.0
638,7,GLU382,-1.0,0.0,1,0.0
638,8,ASP321,-1.0,0.0,0,-1.0
638,9,GLU22,-1.0,0.0,0,-1.0
638,10,TYR290,0.0,-1.0,0,0.0
639,1,ASP327,-1.0,0.0,0,-1.0
639,2,GLU422,-1.0,0.0,0,-1.0
639,3,TYR290,0.0,-1.0,0,0.0
639,4,ARG85,1.0,0.0,0,1.0
639,5,HIS14,0.0,1.0,0,0.0
639,6,ASP321,-1.0,0.0,0,-1.0
639,7,LYS148,1.0,0.0,0,1.0
639,8,HIS206,0.0,1.0,1,1.0
639,9,LYS388,1.0,0.0,0,1.0
639,10,GLU283,-1.0,0.0,0,-1.0
640,1,LYS16,1.0,0.0,0,1.0
640,2,GLU83,-1.0,0.0,0,-1.0
640,3,HIS334,1.0,0.0,1,0.0
640,4,LYS256,1.0,0.0,0,1.0
640,5,ASP7,-1.0,0.0,0,-1.0
640,6,GLU331,-1.0,0.0,0,-1.0
640,7,HIS454,0.0,1.0,0,0.0
640,8,GLU182,-1.0,0.0,0,-1.0
640,9,GLU62,-1.0,0.0,0,-1.0
640,10,ARG325,1.0,0.0,0,1.0
641,1,ARG285,1.0,0.0,0,1.0
641,2,ASP383,-1.0,0.0,0,-1.0
641,3,HIS406,1.0,0.0,0,1.0
641,4,TYR130,0.0,-1.0,0,0.0
641,5,TYR10,0.0,-1.0,0,0.0
641,6,ASP247,-1.0,0.0,0,-1.0
641,7,GLU403,-1.0,0.0,0,-1.0
641,8,GLU91,-1.0,0.0,0,-1.0
641,9,GLU182,-1.0,0.0,0,-1.0
641,10,GLU342,-1.0,0.0,0,-1.0
642,1,HIS6,0.0,1.0,1,1.0
642,2,GLU62,-1.0,0.0,0,-1.0
642,3,TYR450,0.0,-1.0,0,0.0
642,4,LYS68,1.0,0.0,0,1.0
642,5,LYS456,1.0,0.0,0,1.0
642,6,ASP407,-1.0,0.0,0,-1.0
642,7,GLU142,-1.0,0.0,0,-1.0
642,8,ARG245,1.0,0.0,0,1.0
642,9,HIS246,0.0,1.0,1,1.0
642,10,HIS14,0.0,1.0,0,0.0
643,1,ASP41,-1.0,0.0,0,-1.0
643,2,TYR210,0.0,-1.0,0,0.0
643,3,ARG445,1.0,0.0,0,1.0
643,4,LYS388,1.0,0.0,0,1.0
643,5,LYS256,1.0,0.0,0,1.0
643,6,LYS428,1.0,0.0,0,1.0
643,7,LYS416,1.0,0.0,0,1.0
643,8,ARG5,1.0,0.0,0,1.0
643,9,LYS468,1.0,0.0,0,1.0
643,10,TYR330,0.0,-1.0,0,0.0
644,1,LYS136,1.0,0.0,0,1.0
644,2,ASP263,-1.0,0.0,0,-1.0
644,3,TYR170,0.0,-1.0,0,0.0
644,4,LYS456,1.0,0.0,0,1.0
644,5,ARG445,1.0,0.0,0,1.0
644,6,HIS334,0.0,1.0,1,1.0
644,7,HIS173,1.0,0.0,1,0.0
644,8,GLU51,-1.0,0.0,0,-1.0
644,9,HIS446,0.0,1.0,1,1.0
644,10,ASP143,-1.0,0.0,0,-1.0
645,1,ASP63,-1.0,0.0,0,-1.0
645,2,ASP247,-1.0,0.0,0,-1.0
645,3,TYR250,0.0,-1.0,0,0.0
645,4,HIS13,0.0,1.0,1,1.0
645,5,HIS414,0.0,1.0,0,0.0
645,6,LYS416,1.0,0.0,0,1.0
645,7,ASP247,-1.0,0.0,0,-1.0
645,8,LYS68,1.0,0.0,0,1.0
645,9,GLU51,-1.0,0.0,0,-1.0
645,10,GLU371,-1.0,0.0,0,-1.0
646,1,HIS406,1.0,0.0,1,0.0
646,2,ASP327,-1.0,0.0,0,-1.0
646,3,ASP167,-1.0,0.0,0,-1.0
646,4,HIS374,1.0,0.0,1,0.0
646,5,TYR130,0.0,-1.0,0,0.0
646,6,LYS16,1.0,0.0,0,1.0
646,7,HIS166,1.0,0.0,1,0.0
646,8,GLU222,-1.0,0.0,0,-1.0
646,9,ASP423,-1.0,0.0,0,-1.0
646,10,ASP281,-1.0,0.0,0,-1.0
647,1,ARG125,1.0,0.0,0,1.0
647,2,ASP1,-1.0,0.0,0,-1.0
647,3,ARG165,1.0,0.0,0,1.0
647,4,ASP207,-1.0,0.0,0,-1.0
647,5,ASP361,-1.0,0.0,0,-1.0
647,6,HIS206,1.0,0.0,1,0.0
647,7,GLU102,-1.0,0.0,0,-1.0
647,8,GLU211,-1.0,0.0,0,-1.0
647,9,TYR370,0.0,-1.0,0,0.0
647,10,ASP321,-1.0,0.0,0,-1.0
648,1,ARG405,1.0,0.0,0,1.0
648,2,ARG205,1.0,0.0,0,1.0
648,3,HIS446,1.0,0.0,1,0.0
648,4,ASP361,-1.0,0.0,0,-1.0
648,5,ARG5,1.0,0.0,0,1.0
648,6,GLU342,-1.0,0.0,0,-1.0
648,7,GLU3,-1.0,0.0,0,-1.0
648,8,ARG245,1.0,0.0,0,1.0
648,9,HIS54,1.0,0.0,1,0.0
648,10,GLU91,-1.0,0.0,0,-1.0
649,1,ASP183,-1.0,0.0,0,-1.0
649,2,TYR290,0.0,-1.0,0,0.0
649,3,HIS134,1.0,0.0,1,0.0
649,4,LYS456,1.0,0.0,0,1.0
649,5,HIS366,1.0,0.0,1,0.0
649,6,HIS173,0.0,1.0,1,1.0
649,7,ARG125,1.0,0.0,0,1.0
649,8,HIS86,0.0,1.0,0,0.0
649,9,HIS53,1.0,0.0,1,0.0
649,10,LYS16,1.0,0.0,0,1.0
650,1,GLU403,-1.0,0.0,0,-1.0
650,2,ASP327,-1.0,0.0,0,-1.0
650,3,GLU123,-1.0,0.0,0,-1.0
650,4,GLU363,-1.0,0.0,0,-1.0
650,5,LYS308,1.0,0.0,0,1.0
650,6,GLU83,-1.0,0.0,0,-1.0
650,7,ARG5,1.0,0.0,0,1.0
650,8,TYR130,0.0,-1.0,0,0.0
650,9,ARG205,1.0,0.0,0,1.0
650,10,HIS94,0.0,1.0,0,0.0
651,1,ASP7,-1.0,0.0,0,-1.0
651,2,HIS326,1.0,0.0,1,0.0
651,3,GLU22,-1.0,0.0,0,-1.0
651,4,ASP303,-1.0,0.0,0,-1.0
651,5,LYS96,1.0,0.0,0,1.0
651,6,GLU43,-1.0,0.0,0,-1.0
651,7,ARG5,1.0,0.0,0,1.0
651,8,GLU123,-1.0,0.0,0,-1.0
651,9,HIS246,1.0,0.0,1,0.0
651,10,ASP463,-1.0,0.0,0,-1.0
652,1,HIS134,0.0,1.0,1,1.0
652,2,GLU323,-1.0,0.0,0,-1.0
652,3,GLU123,-1.0,0.0,0,-1.0
652,4,ASP423,-1.0,0.0,0,-1.0
652,5,GLU371,-1.0,0.0,0,-1.0
652,6,HIS46,0.0,1.0,1,1.0
652,7,GLU302,-1.0,0.0,0,-1.0
652,8,ASP241,-1.0,0.0,0,-1.0
652,9,GLU251,-1.0,0.0,0,-1.0
652,10,GLU411,-1.0,0.0,0,-1.0
653,1,ASP183,-1.0,0.0,0,-1.0
653,2,HIS293,1.0,0.0,1,0.0
653,3,GLU443,-1.0,0.0,0,-1.0
653,4,ARG165,1.0,0.0,0,1.0
653,5,ASP7,-1.0,0.0,0,-1.0
653,6,HIS174,0.0,1.0,0,0.0
653,7,HIS46,1.0,0.0,1,0.0
653,8,ASP161,-1.0,0.0,0,-1.0
653,9,ASP81,-1.0,0.0,0,-1.0
653,10,ASP63,-1.0,0.0,0,-1.0
654,1,ASP247,-1.0,0.0,0,-1.0
654,2,LYS348,1.0,0.0,0,1.0
654,3,GLU142,-1.0,0.0,0,-1.0
654,4,ASP343,-1.0,0.0,0,-1.0
654,5,HIS333,0.0,1.0,1,1.0
654,6,HIS126,1.0,0.0,1,0.0
654,7,ASP263,-1.0,0.0,0,-1.0
654,8,ARG125,1.0,0.0,0,1.0
654,9,ARG405,1.0,0.0,0,1.0
654,10,LYS376,1.0,0.0,0,1.0
655,1,ASP167,-1.0,0.0,0,-1.0
655,2,ARG405,1.0,0.0,0,1.0
655,3,HIS166,0.0,1.0,1,1.0
655,4,HIS446,0.0,1.0,1,1.0
655,5,HIS86,0.0,1.0,1,1.0
655,6,ARG5,1.0,0.0,0,1.0
655,7,LYS416,1.0,0.0,0,1.0
655,8,GLU363,-1.0,0.0,0,-1.0
655,9,TYR170,0.0,-1.0,0,0.0
655,10,LYS176,1.0,0.0,0,1.0
656,1,ASP23,-1.0,0.0,0,-1.0
656,2,ASP41,-1.0,0.0,0,-1.0
656,3,HIS286,0.0,1.0,1,1.0
656,4,HIS453,0.0,1.0,1,1.0
656,5,ASP23,-1.0,0.0,0,-1.0
656,6,ASP223,-1.0,0.0,0,-1.0
656,7,HIS454,0.0,1.0,1,1.0
656,8,ASP247,-1.0,0.0,0,-1.0
656,9,ASP47,-1.0,0.0,0,-1.0
656,10,GLU291,-1.0,0.0,0,-1.0
657,1,LYS108,1.0,0.0,0,1.0
657,2,TYR10,0.0,-1.0,0,0.0
657,3,HIS406,0.0,1.0,1,1.0
657,4,TYR250,0.0,-1.0,0,0.0
657,5,GLU142,-1.0,0.0,0,-1.0
657,6,GLU331,-1.0,0.0,0,-1.0
657,7,HIS173,1.0,0.0,1,0.0
657,8,HIS173,0.0,1.0,1,1.0
657,9,LYS456,1.0,0.0,0,1.0
657,10,LYS296,1.0,0.0,0,1.0
658,1,HIS294,0.0,1.0,1,1.0
658,2,HIS254,1.0,0.0,1,0.0
658,3,GLU262,-1.0,0.0,0,-1.0
658,4,ARG325,1.0,0.0,0,1.0
658,5,GLU371,-1.0,0.0,0,-1.0
658,6,GLU342,-1.0,0.0,0,-1.0
658,7,ASP281,-1.0,0.0,0,-1.0
658,8,GLU91,-1.0,0.0,0,-1.0
658,9,ASP207,-1.0,0.0,0,-1.0
658,10,ASP23,-1.0,0.0,0,-1.0
659,1,ARG365,1.0,0.0,0,1.0
659,2,HIS13,1.0,0.0,1,0.0
659,3,HIS373,0.0,1.0,1,1.0
659,4,ASP87,-1.0,0.0,0,-1.0
659,5,ASP361,-1.0,0.0,0,-1.0
659,6,LYS68,1.0,0.0,0,1.0
659,7,GLU342,-1.0,0.0,0,-1.0
659,8,LYS388,1.0,0.0,0,1.0
659,9,HIS446,1.0,0.0,1,0.0
659,10,ASP121,-1.0,0.0,0,-1.0
660,1,HIS86,1.0,0.0,1,0.0
660,2,GLU3,-1.0,0.0,0,-1.0
660,3,LYS308,1.0,0.0,0,1.0
660,4,ASP87,-1.0,0.0,0,-1.0
660,5,HIS446,0.0,1.0,1,1.0
660,6,HIS86,0.0,1.0,0,0.0
660,7,LYS176,1.0,0.0,0,1.0
660,8,GLU211,-1.0,0.0,0,-1.0
660,9,HIS254,0.0,1.0,1,1.0
660,10,GLU203,-1.0,0.0,0,-1.0
661,1,ARG125,1.0,0.0,0,1.0
661,2,LYS16,1.0,0.0,0,1.0
661,3,HIS134,1.0,0.0,1,0.0
661,4,ARG85,1.0,0.0,0,1.0
661,5,HIS246,0.0,1.0,0,0.0
661,6,HIS214,0.0,1.0,0,0.0
661,7,HIS294,1.0,0.0,1,0.0
661,8,LYS108,1.0,0.0,0,1.0
661,9,GLU331,-1.0,0.0,0,-1.0
661,10,HIS93,1.0,0.0,1,0.0
662,1,GLU363,-1.0,0.0,0,-1.0
662,2,HIS126,0.0,1.0,1,1.0
662,3,ASP343,-1.0,0.0,0,-1.0
662,4,GLU422,-1.0,0.0,0,-1.0
662,5,GLU462,-1.0,0.0,1,0.0
662,6,HIS206,0.0,1.0,1,1.0
662,7,ASP263,-1.0,0.0,0,-1.0
662,8,HIS206,1.0,0.0,1,0.0
662,9,GLU3,-1.0,0.0,0,-1.0
662,10,TYR330,0.0,-1.0,0,0.0
663,1,HIS413,1.0,0.0,1,0.0
663,2,LYS308,1.0,0.0,0,1.0
663,3,TYR10,0.0,-1.0,0,0.0
663,4,ASP447,-1.0,0.0,0,-1.0
663,5,ASP367,-1.0,0.0,0,-1.0
663,6,GLU163,-1.0,0.0,0,-1.0
663,7,ASP463,-1.0,0.0,0,-1.0
663,8,ASP41,-1.0,0.0,0,-1.0
663,9,GLU331,-1.0,0.0,0,-1.0
663,10,ASP201,-1.0,0.0,0,-1.0
664,1,ARG285,1.0,0.0,0,1.0
664,2,ASP247,-1.0,0.0,0,-1.0
664,3,ASP127,-1.0,0.0,0,-1.0
664,4,ARG45,1.0,0.0,0,1.0
664,5,ARG365,1.0,0.0,0,1.0
664,6,GLU411,-1.0,0.0,0,-1.0
664,7,TYR170,0.0,-1.0,0,0.0
664,8,ARG205,1.0,0.0,0,1.0
664,9,LYS188,1.0,0.0,0,1.0
664,10,ASP321,-1.0,0.0,0,-1.0
665,1,ASP361,-1.0,0.0,0,-1.0
665,2,ARG85,1.0,0.0,0,1.0
665,3,ARG405,1.0,0.0,0,1.0
665,4,ARG445,1.0,0.0,0,1.0
665,5,ASP463,-1.0,0.0,0,-1.0
665,6,TYR130,0.0,-1.0,0,0.0
665,7,GLU83,-1.0,0.0,0,-1.0
665,8,HIS454,1.0,0.0,1,0.0
665,9,GLU462,0.0,-1.0,0,0.0
665,10,ARG245,1.0,0.0,0,1.0
666,1,LYS456,1.0,0.0,0,1.0
666,2,ARG245,1.0,0.0,0,1.0
666,3,HIS94,0.0,1.0,0,0.0
666,4,TYR410,0.0,-1.0,0,0.0
666,5,HIS54,0.0,1.0,0,0.0
666,6,TYR330,0.0,-1.0,0,0.0
666,7,HIS413,0.0,1.0,0,0.0
666,8,ASP223,-1.0,0.0,0,-1.0
666,9,LYS176,1.0,0.0,0,1.0
666,10,HIS246,0.0,1.0,0,0.0
667,1,TYR250,0.0,-1.0,0,0.0
667,2,LYS56,1.0,0.0,0,1.0
667,3,ARG85,1.0,0.0,0,1.0
667,4,GLU262,-1.0,0.0,0,-1.0
667,5,ASP223,-1.0,0.0,0,-1.0
667,6,TYR170,0.0,-1.0,0,0.0
667,7,TYR10,0.0,-1.0,0,0.0
667,8,ARG205,1.0,0.0,0,1.0
667,9,HIS206,0.0,1.0,0,0.0
667,10,HIS453,1.0,0.0,1,0.0
668,1,ASP463,-1.0,0.0,0,-1.0
668,2,TYR410,0.0,-1.0,0,0.0
668,3,HIS454,0.0,1.0,1,1.0
668,4,HIS206,0.0,1.0,1,1.0
668,5,GLU363,-1.0,0.0,0,-1.0
668,6,LYS416,1.0,0.0,0,1.0
668,7,HIS94,0.0,1.0,0,0.0
668,8,GLU211,-1.0,0.0,0,-1.0
668,9,ASP463,-1.0,0.0,0,-1.0
668,10,HIS246,0.0,1.0,0,0.0
669,1,GLU102,-1.0,0.0,0,-1.0
669,2,GLU142,-1.0,0.0,0,-1.0
669,3,GLU382,0.0,-1.0,1,-1.0
669,4,ARG205,1.0,0.0,0,1.0
669,5,TYR410,0.0,-1.0,0,0.0
669,6,ASP7,-1.0,0.0,0,-1.0
669,7,TYR90,0.0,-1.0,0,0.0
669,8,LYS456,1.0,0.0,0,1.0
669,9,LYS148,1.0,0.0,0,1.0
669,10,ARG245,1.0,0.0,0,1.0
670,1,HIS413,0.0,1.0,0,0.0
670,2,ASP263,-1.0,0.0,0,-1.0
670,3,ARG85,1.0,0.0,0,1.0
670,4,ASP121,-1.0,0.0,0,-1.0
670,5,HIS366,0.0,1.0,1,1.0
670,6,HIS134,0.0,1.0,1,1.0
670,7,ARG165,1.0,0.0,0,1.0
670,8,ARG445,1.0,0.0,0,1.0
670,9,ASP167,-1.0,0.0,0,-1.0
670,10,ASP81,-1.0,0.0,0,-1.0
671,1,ASP63,-1.0,0.0,0,-1.0
671,2,ARG125,1.0,0.0,0,1.0
671,3,ARG125,1.0,0.0,0,1.0
671,4,HIS86,0.0,1.0,1,1.0
671,5,GLU131,-1.0,0.0,0,-1.0
671,6,ASP223,-1.0,0.0,0,-1.0
671,7,LYS108,1.0,0.0,0,1.0
671,8,HIS246,0.0,1.0,1,1.0
671,9,HIS214,0.0,1.0,1,1.0
671,10,GLU262,-1.0,0.0,0,-1.0
672,1,HIS246,1.0,0.0,1,0.0
672,2,HIS13,0.0,1.0,1,1.0
672,3,ASP121,-1.0,0.0,0,-1.0
672,4,ASP367,-1.0,0.0,0,-1.0
672,5,ASP127,-1.0,0.0,0,-1.0
672,6,ASP407,-1.0,0.0,0,-1.0
672,7,ASP161,-1.0,0.0,0,-1.0
672,8,ASP47,-1.0,0.0,0,-1.0
672,9,HIS94,0.0,1.0,0,0.0
672,10,GLU102,-1.0,0.0,0,-1.0
673,1,ARG405,1.0,0.0,0,1.0
673,2,ASP63,-1.0,0.0,0,-1.0
673,3,GLU251,-1.0,0.0,0,-1.0
673,4,HIS366,1.0,0.0,1,0.0
673,5,GLU22,-1.0,0.0,0,-1.0
673,6,ARG85,1.0,0.0,0,1.0
673,7,ASP447,-1.0,0.0,0,-1.0
673,8,LYS216,1.0,0.0,0,1.0
673,9,HIS174,0.0,1.0,1,1.0
673,10,GLU262,-1.0,0.0,0,-1.0
674,1,GLU342,-1.0,0.0,0,-1.0
674,2,GLU411,-1.0,0.0,0,-1.0
674,3,ASP103,-1.0,0.0,0,-1.0
674,4,ASP121,-1.0,0.0,0,-1.0
674,5,HIS326,0.0,1.0,1,1.0
674,6,GLU262,-1.0,0.0,0,-1.0
674,7,GLU422,-1.0,0.0,0,-1.0
674,8,GLU203,-1.0,0.0,0,-1.0
674,9,LYS148,1.0,0.0,0,1.0
674,10,HIS406,1.0,0.0,1,0.0
675,1,LYS188,1.0,0.0,0,1.0
675,2,TYR450,0.0,-1.0,0,0.0
675,3,ASP321,-1.0,0.0,0,-1.0
675,4,ASP81,-1.0,0.0,0,-1.0
675,5,LYS456,1.0,0.0,0,1.0
675,6,GLU382,-1.0,0.0,0,-1.0
675,7,HIS453,0.0,1.0,0,0.0
675,8,GLU83,-1.0,0.0,0,-1.0
675,9,GLU342,-1.0,0.0,0,-1.0
675,10,GLU262,-1.0,0.0,0,-1.0
676,1,ARG365,1.0,0.0,0,1.0
676,2,ASP7,-1.0,0.0,0,-1.0
676,3,ASP361,-1.0,0.0,0,-1.0
676,4,GLU62,-1.0,0.0,0,-1.0
676,5,HIS166,1.0,0.0,1,0.0
676,6,ASP127,-1.0,0.0,0,-1.0
676,7,LYS416,1.0,0.0,0,1.0
676,8,GLU363,-1.0,0.0,0,-1.0
676,9,LYS228,1.0,0.0,0,1.0
676,10,GLU451,-1.0,0.0,0,-1.0
677,1,HIS373,1.0,0.0,1,0.0
677,2,ASP241,-1.0,0.0,0,-1.0
677,3,HIS54,0.0,1.0,0,0.0
677,4,HIS413,0.0,1.0,1,1.0
677,5,HIS333,1.0,0.0,1,0.0
677,6,ASP63,-1.0,0.0,0,-1.0
677,7,HIS333,0.0,1.0,0,0.0
677,8,TYR130,0.0,-1.0,0,0.0
677,9,HIS253,0.0,1.0,1,1.0
677,10,ASP23,-1.0,0.0,0,-1.0
678,1,ASP223,-1.0,0.0,0,-1.0
678,2,HIS453,0.0,1.0,0,0.0
678,3,LYS216,1.0,0.0,0,1.0
678,4,HIS373,0.0,1.0,1,1.0
678,5,HIS254,1.0,0.0,1,0.0
678,6,ASP343,-1.0,0.0,0,-1.0
678,7,ASP401,-1.0,0.0,0,-1.0
678,8,LYS308,1.0,0.0,0,1.0
678,9,GLU331,-1.0,0.0,0,-1.0
678,10,LYS108,1.0,0.0,0,1.0
679,1,ASP63,-1.0,0.0,0,-1.0
679,2,ASP23,-1.0,0.0,0,-1.0
679,3,LYS108,1.0,0.0,0,1.0
679,4,LYS148,1.0,0.0,0,1.0
679,5,ASP23,-1.0,0.0,0,-1.0
679,6,ASP367,-1.0,0.0,0,-1.0
679,7,GLU323,-1.0,0.0,0,-1.0
679,8,HIS286,1.0,0.0,0,1.0
679,9,HIS293,0.0,1.0,1,1.0
679,10,GLU163,-1.0,0.0,0,-1.0
680,1,HIS173,1.0,0.0,1,0.0
680,2,GLU171,-1.0,0.0,0,-1.0
680,3,ASP321,-1.0,0.0,0,-1.0
680,4,HIS333,0.0,1.0,0,0.0
680,5,LYS336,1.0,0.0,0,1.0
680,6,ASP401,-1.0,0.0,0,-1.0
680,7,ASP241,-1.0,0.0,0,-1.0
680,8,HIS253,1.0,0.0,1,0.0
680,9,HIS334,1.0,0.0,1,0.0
680,10,HIS293,1.0,0.0,1,0.0
681,1,TYR290,0.0,-1.0,0,0.0
681,2,HIS373,1.0,0.0,1,0.0
681,3,GLU443,-1.0,0.0,0,-1.0
681,4,HIS246,0.0,1.0,0,0.0
681,5,ASP41,-1.0,0.0,0,-1.0
681,6,GLU131,-1.0,0.0,0,-1.0
681,7,HIS453,0.0,1.0,0,0.0
681,8,ASP223,-1.0,0.0,0,-1.0
681,9,LYS148,1.0,0.0,0,1.0
681,10,TYR90,0.0,-1.0,0,0.0
682,1,GLU251,-1.0,0.0,0,-1.0
682,2,ARG365,1.0,0.0,0,1.0
682,3,GLU182,-1.0,0.0,0,-1.0
682,4,ASP447,-1.0,0.0,0,-1.0
682,5,GLU102,-1.0,0.0,0,-1.0
682,6,GLU283,-1.0,0.0,0,-1.0
682,7,HIS134,1.0,0.0,1,0.0
682,8,HIS126,1.0,0.0,1,0.0
682,9,HIS254,0.0,1.0,0,0.0
682,10,GLU302,-1.0,0.0,0,-1.0
683,1,GLU371,-1.0,0.0,0,-1.0
683,2,GLU382,-1.0,0.0,0,-1.0
683,3,LYS388,1.0,0.0,0,1.0
683,4,GLU62,-1.0,0.0,0,-1.0
683,5,GLU371,-1.0,0.0,0,-1.0
683,6,TYR410,0.0,-1.0,0,0.0
683,7,TYR90,0.0,-1.0,0,0.0
683,8,GLU411,-1.0,0.0,0,-1.0
683,9,ARG285,1.0,0.0,0,1.0
683,10,HIS293,0.0,1.0,1,1.0
684,1,HIS366,0.0,1.0,1,1.0
684,2,GLU3,-1.0,0.0,0,-1.0
684,3,HIS446,1.0,0.0,1,0.0
684,4,LYS468,1.0,0.0,0,1.0
684,5,LYS136,1.0,0.0,0,1.0
684,6,HIS286,1.0,0.0,1,0.0
684,7,ASP407,-1.0,0.0,0,-1.0
684,8,HIS166,0.0,1.0,0,0.0
684,9,HIS174,1.0,0.0,1,0.0
684,10,LYS176,1.0,0.0,0,1.0
685,1,LYS336,1.0,0.0,0,1.0
685,2,GLU3,-1.0,0.0,0,-1.0
685,3,LYS148,1.0,0.0,0,1.0
685,4,GLU163,-1.0,0.0,0,-1.0
685,5,TYR130,0.0,-1.0,0,0.0
685,6,GLU262,-1.0,0.0,0,-1.0
685,7,TYR330,0.0,-1.0,0,0.0
685,8,ASP127,-1.0,0.0,0,-1.0
685,9,LYS256,1.0,0.0,0,1.0
685,10,TYR250,0.0,-1.0,0,0.0
686,1,LYS28,1.0,0.0,0,1.0
686,2,HIS366,1.0,0.0,0,1.0
686,3,LYS216,1.0,0.0,0,1.0
686,4,GLU251,-1.0,0.0,0,-1.0
686,5,GLU22,-1.0,0.0,0,-1.0
686,6,LYS348,1.0,0.0,0,1.0
686,7,ARG325,1.0,0.0,0,1.0
686,8,HIS86,1.0,0.0,1,0.0
686,9,ASP183,-1.0,0.0,0,-1.0
686,10,GLU363,-1.0,0.0,0,-1.0
687,1,ASP281,-1.0,0.0,0,-1.0
687,2,TYR170,0.0,-1.0,0,0.0
687,3,LYS468,1.0,0.0,0,1.0
687,4,ARG5,1.0,0.0,0,1.0
687,5,GLU451,-1.0,0.0,0,-1.0
687,6,TYR290,0.0,-1.0,0,0.0
687,7,HIS214,1.0,0.0,1,0.0
687,8,ASP81,-1.0,0.0,0,-1.0
687,9,GLU102,-1.0,0.0,0,-1.0
687,10,GLU123,-1.0,0.0,0,-1.0
688,1,LYS268,1.0,0.0,0,1.0
688,2,ASP441,-1.0,0.0,0,-1.0
688,3,LYS468,1.0,0.0,0,1.0
688,4,ASP241,-1.0,0.0,0,-1.0
688,5,GLU422,-1.0,0.0,0,-1.0
688,6,LYS308,1.0,0.0,0,1.0
688,7,ARG445,1.0,0.0,0,1.0
688,8,LYS348,1.0,0.0,0,1.0
688,9,LYS56,1.0,0.0,0,1.0
688,10,LYS108,1.0,0.0,0,1.0
689,1,LYS136,1.0,0.0,0,1.0
689,2,GLU62,-1.0,0.0,0,-1.0
689,3,ARG165,1.0,0.0,0,1.0
689,4,GLU403,-1.0,0.0,0,-1.0
689,5,ARG285,1.0,0.0,0,1.0
689,6,GLU331,-1.0,0.0,0,-1.0
689,7,LYS136,1.0,0.0,0,1.0
689,8,LYS228,1.0,0.0,0,1.0
689,9,GLU163,-1.0,0.0,0,-1.0
689,10,LYS28,1.0,0.0,0,1.0
690,1,ASP343,-1.0,0.0,0,-1.0
690,2,ASP161,-1.0,0.0,0,-1.0
690,3,GLU342,-1.0,0.0,0,-1.0
690,4,GLU142,-1.0,0.0,0,-1.0
690,5,GLU222,-1.0,0.0,0,-1.0
690,6,GLU83,-1.0,0.0,0,-1.0
690,7,GLU182,-1.0,0.0,0,-1.0
690,8,GLU91,-1.0,0.0,0,-1.0
690,9,GLU403,-1.0,0.0,0,-1.0
690,10,ASP423,-1.0,0.0,0,-1.0
691,1,GLU203,-1.0,0.0,0,-1.0
691,2,LYS336,1.0,0.0,0,1.0
691,3,GLU262,-1.0,0.0,0,-1.0
691,4,ASP361,-1.0,0.0,0,-1.0
691,5,HIS174,0.0,1.0,0,0.0
691,6,ARG5,1.0,0.0,0,1.0
691,7,GLU102,-1.0,0.0,0,-1.0
691,8,HIS173,0.0,1.0,1,1.0
691,9,ASP103,-1.0,0.0,0,-1.0
691,10,GLU131,-1.0,0.0,0,-1.0
692,1,GLU171,-1.0,0.0,0,-1.0
692,2,ARG245,1.0,0.0,0,1.0
692,3,GLU422,-1.0,0.0,0,-1.0
692,4,LYS68,1.0,0.0,0,1.0
692,5,LYS456,1.0,0.0,0,1.0
692,6,ASP143,-1.0,0.0,0,-1.0
692,7,GLU91,-1.0,0.0,0,-1.0
692,8,TYR410,0.0,-1.0,0,0.0
692,9,ARG365,1.0,0.0,0,1.0
692,10,HIS366,1.0,0.0,0,1.0
693,1,GLU422,-1.0,0.0,0,-1.0
693,2,GLU262,-1.0,0.0,0,-1.0
693,3,HIS254,0.0,1.0,1,1.0
693,4,ASP143,-1.0,0.0,0,-1.0
693,5,LYS376,1.0,0.0,0,1.0
693,6,HIS174,0.0,1.0,0,0.0
693,7,HIS366,1.0,0.0,1,0.0
693,8,GLU123,-1.0,0.0,0,-1.0
693,9,GLU222,-1.0,0.0,0,-1.0
693,10,HIS246,0.0,1.0,1,1.0
694,1,GLU83,-1.0,0.0,0,-1.0
694,2,HIS453,0.0,1.0,1,1.0
694,3,TYR290,0.0,-1.0,0,0.0
694,4,HIS293,1.0,0.0,1,0.0
694,5,ASP103,-1.0,0.0,0,-1.0
694,6,GLU411,-1.0,0.0,0,-1.0
694,7,ARG45,1.0,0.0,0,1.0
694,8,GLU451,-1.0,0.0,0,-1.0
694,9,LYS68,1.0,0.0,0,1.0
694,10,GLU142,-1.0,0.0,0,-1.0
695,1,LYS96,1.0,0.0,0,1.0
695,2,LYS188,1.0,0.0,0,1.0
695,3,ASP287,-1.0,0.0,0,-1.0
695,4,GLU251,-1.0,0.0,0,-1.0
695,5,LYS256,1.0,0.0,0,1.0
695,6,HIS93,0.0,1.0,1,1.0
695,7,ARG125,1.0,0.0,0,1.0
695,8,ASP7,-1.0,0.0,0,-1.0
695,9,TYR370,0.0,-1.0,0,0.0
695,10,LYS28,1.0,0.0,0,1.0
696,1,ASP87,-1.0,0.0,0,-1.0
696,2,ASP343,-1.0,0.0,0,-1.0
696,3,GLU262,-1.0,0.0,0,-1.0
696,4,GLU323,-1.0,0.0,0,-1.0
696,5,ARG165,1.0,0.0,0,1.0
696,6,ASP47,-1.0,0.0,0,-1.0
696,7,HIS246,1.0,0.0,1,0.0
696,8,HIS54,0.0,1.0,0,0.0
696,9,GLU451,-1.0,0.0,0,-1.0
696,10,ASP167,-1.0,0.0,0,-1.0
697,1,ASP303,-1.0,0.0,0,-1.0
697,2,LYS96,1.0,0.0,0,1.0
697,3,ASP447,-1.0,0.0,0,-1.0
697,4,ASP183,-1.0,0.0,0,-1.0
697,5,ASP401,-1.0,0.0,0,-1.0
697,6,HIS293,0.0,1.0,1,1.0
697,7,ASP23,-1.0,0.0,0,-1.0
697,8,ASP201,-1.0,0.0,0,-1.0
697,9,TYR410,0.0,-1.0,0,0.0
697,10,ASP247,-1.0,0.0,0,-1.0
698,1,ASP407,-1.0,0.0,0,-1.0
698,2,ASP127,-1.0,0.0,0,-1.0
698,3,GLU123,-1.0,0.0,0,-1.0
698,4,ASP87,-1.0,0.0,0,-1.0
698,5,GLU443,-1.0,0.0,0,-1.0
698,6,TYR330,0.0,-1.0,0,0.0
698,7,TYR250,0.0,-1.0,0,0.0
698,8,TYR50,0.0,-1.0,0,0.0
698,9,TYR130,0.0,-1.0,0,0.0
698,10,ASP183,-1.0,0.0,0,-1.0
699,1,HIS366,0.0,1.0,1,1.0
699,2,GLU91,-1.0,0.0,0,-1.0
699,3,ASP401,-1.0,0.0,0,-1.0
699,4,GLU342,-1.0,0.0,0,-1.0
699,5,HIS453,1.0,0.0,1,0.0
699,6,HIS333,0.0,1.0,1,1.0
699,7,HIS54,0.0,1.0,1,1.0
699,8,LYS16,1.0,0.0,0,1.0
699,9,LYS216,1.0,0.0,0,1.0
699,10,GLU251,-1.0,0.0,0,-1.0
700,1,ASP87,-1.0,0.0,0,-1.0
700,2,GLU102,-1.0,0.0,0,-1.0
700,3,HIS86,0.0,1.0,1,1.0
700,4,ASP281,-1.0,0.0,0,-1.0
700,5,GLU251,-1.0,0.0,0,-1.0
700,6,ASP263,-1.0,0.0,0,-1.0
700,7,HIS414,0.0,1.0,1,1.0
700,8,GLU142,-1.0,0.0,0,-1.0
700,9,HIS374,0.0,1.0,0,0.0
700,10,ARG125,1.0,0.0,0,1.0
701,1,ARG445,1.0,0.0,0,1.0
701,2,GLU83,-1.0,0.0,0,-1.0
701,3,GLU283,-1.0,0.0,0,-1.0
701,4,GLU91,-1.0,0.0,0,-1.0
701,5,GLU211,-1.0,0.0,0,-1.0
701,6,GLU62,-1.0,0.0,0,-1.0
701,7,GLU22,-1.0,0.0,0,-1.0
701,8,LYS148,1.0,0.0,0,1.0
701,9,HIS254,1.0,0.0,1,0.0
701,10,HIS53,0.0,1.0,1,1.0
702,1,ASP103,-1.0,0.0,0,-1.0
702,2,LYS108,1.0,0.0,0,1.0
702,3,GLU211,-1.0,0.0,0,-1.0
702,4,GLU3,-1.0,0.0,0,-1.0
702,5,ARG5,1.0,0.0,0,1.0
702,6,TYR170,0.0,-1.0,0,0.0
702,7,LYS256,1.0,0.0,0,1.0
702,8,TYR50,0.0,-1.0,0,0.0
702,9,ASP263,-1.0,0.0,0,-1.0
702,10,ARG405,1.0,0.0,0,1.0
703,1,ARG205,1.0,0.0,0,1.0
703,2,HIS94,0.0,1.0,0,0.0
703,3,HIS293,1.0,0.0,1,0.0
703,4,ASP241,-1.0,0.0,0,-1.0
703,5,GLU443,-1.0,0.0,0,-1.0
703,6,GLU43,-1.0,0.0,0,-1.0
703,7,ASP161,-1.0,0.0,0,-1.0
703,8,ASP383,-1.0,0.0,0,-1.0
703,9,GLU123,-1.0,0.0,0,-1.0
703,10,ARG45,1.0,0.0,0,1.0
704,1,ARG125,1.0,0.0,0,1.0
704,2,TYR250,0.0,-1.0,0,0.0
704,3,ASP41,-1.0,0.0,0,-1.0
704,4,HIS14,0.0,1.0,0,0.0
704,5,HIS173,1.0,0.0,1,0.0
704,6,HIS366,1.0,0.0,0,1.0
704,7,GLU443,-1.0,0.0,0,-1.0
704,8,TYR210,0.0,-1.0,0,0.0
704,9,GLU283,-1.0,0.0,0,-1.0
704,10,ASP321,-1.0,0.0,0,-1.0
705,1,ASP441,-1.0,0.0,0,-1.0
705,2,HIS454,1.0,0.0,1,0.0
705,3,GLU142,-1.0,0.0,0,-1.0
705,4,ASP7,-1.0,0.0,0,-1.0
705,5,LYS348,1.0,0.0,0,1.0
705,6,HIS326,1.0,0.0,1,0.0
705,7,HIS93,1.0,0.0,1,0.0
705,8,HIS14,0.0,1.0,1,1.0
705,9,ASP361,-1.0,0.0,0,-1.0
705,10,ASP207,-1.0,0.0,0,-1.0
706,1,ASP7,-1.0,0.0,0,-1.0
706,2,HIS294,0.0,1.0,1,1.0
706,3,HIS214,0.0,1.0,1,1.0
706,4,ASP1,-1.0,0.0,0,-1.0
706,5,ASP407,-1.0,0.0,0,-1.0
706,6,LYS268,1.0,0.0,0,1.0
706,7,HIS414,1.0,0.0,1,0.0
706,8,ARG125,1.0,0.0,0,1.0
706,9,ARG285,1.0,0.0,0,1.0
706,10,HIS86,1.0,0.0,1,0.0
707,1,GLU291,-1.0,0.0,0,-1.0
707,2,HIS6,1.0,0.0,1,0.0
707,3,ARG85,1.0,0.0,0,1.0
707,4,GLU203,-1.0,0.0,0,-1.0
707,5,GLU3,-1.0,0.0,0,-1.0
707,6,HIS214,1.0,0.0,1,0.0
707,7,ARG5,1.0,0.0,0,1.0
707,8,GLU171,-1.0,0.0,0,-1.0
707,9,ASP441,-1.0,0.0,0,-1.0
707,10,GLU83,-1.0,0.0,0,-1.0
708,1,LYS216,1.0,0.0,0,1.0
708,2,ASP63,-1.0,0.0,0,-1.0
708,3,ARG405,1.0,0.0,0,1.0
708,4,HIS326,0.0,1.0,1,1.0
708,5,HIS293,0.0,1.0,1,1.0
708,6,HIS414,0.0,1.0,0,0.0
708,7,HIS293,1.0,0.0,1,0.0
708,8,HIS333,1.0,0.0,1,0.0
708,9,LYS428,1.0,0.0,0,1.0
708,10,GLU142,-1.0,0.0,0,-1.0
709,1,GLU403,-1.0,0.0,0,-1.0
709,2,LYS228,1.0,0.0,0,1.0
709,3,HIS254,0.0,1.0,1,1.0
709,4,LYS428,1.0,0.0,0,1.0
709,5,LYS376,1.0,0.0,0,1.0
709,6,TYR370,0.0,-1.0,0,0.0
709,7,ASP321,-1.0,0.0,0,-1.0
709,8,LYS216,1.0,0.0,0,1.0
709,9,LYS28,1.0,0.0,0,1.0
709,10,HIS413,1.0,0.0,1,0.0
710,1,GLU462,0.0,-1.0,0,0.0
710,2,TYR250,0.0,-1.0,0,0.0
710,3,GLU411,-1.0,0.0,0,-1.0
710,4,TYR330,0.0,-1.0,0,0.0
710,5,LYS416,1.0,0.0,0,1.0
710,6,ASP1,-1.0,0.0,0,-1.0
710,7,ARG205,1.0,0.0,0,1.0
710,8,ASP441,-1.0,0.0,0,-1.0
710,9,LYS296,1.0,0.0,0,1.0
710,10,ASP401,-1.0,0.0,0,-1.0
711,1,LYS216,1.0,0.0,0,1.0
711,2,TYR370,0.0,-1.0,0,0.0
711,3,GLU51,-1.0,0.0,0,-1.0
711,4,HIS453,0.0,1.0,0,0.0
711,5,GLU403,-1.0,0.0,0,-1.0
711,6,GLU283,-1.0,0.0,0,-1.0
711,7,TYR290,0.0,-1.0,0,0.0
711,8,GLU211,-1.0,0.0,0,-1.0
711,9,LYS148,1.0,0.0,0,1.0
711,10,ARG85,1.0,0.0,0,1.0
712,1,LYS228,1.0,0.0,0,1.0
712,2,TYR410,0.0,-1.0,0,0.0
712,3,GLU83,-1.0,0.0,0,-1.0
712,4,GLU342,-1.0,0.0,0,-1.0
712,5,GLU203,-1.0,0.0,0,-1.0
712,6,ARG165,1.0,0.0,0,1.0
712,7,HIS246,0.0,1.0,1,1.0
712,8,ASP41,-1.0,0.0,0,-1.0
712,9,ASP401,-1.0,0.0,0,-1.0
712,10,HIS453,0.0,1.0,1,1.0
713,1,GLU83,-1.0,0.0,0,-1.0
713,2,ARG405,1.0,0.0,0,1.0
713,3,GLU123,-1.0,0.0,0,-1.0
713,4,ASP143,-1.0,0.0,0,-1.0
713,5,HIS414,0.0,1.0,0,0.0
713,6,GLU211,-1.0,0.0,0,-1.0
713,7,ASP103,-1.0,0.0,0,-1.0
713,8,GLU342,-1.0,0.0,0,-1.0
713,9,ASP247,-1.0,0.0,0,-1.0
713,10,LYS416,1.0,0.0,0,1.0
714,1,HIS454,0.0,1.0,0,0.0
714,2,LYS96,1.0,0.0,0,1.0
714,3,ASP401,-1.0,0.0,0,-1.0
714,4,HIS13,1.0,0.0,1,0.0
714,5,HIS413,0.0,1.0,1,1.0
714,6,GLU91,-1.0,0.0,0,-1.0
714,7,GLU302,-1.0,0.0,0,-1.0
714,8,HIS253,0.0,1.0,0,0.0
714,9,GLU422,-1.0,0.0,0,-1.0
714,10,LYS136,1.0,0.0,0,1.0
715,1,ASP447,-1.0,0.0,0,-1.0
715,2,ASP263,-1.0,0.0,0,-1.0
715,3,LYS176,1.0,0.0,0,1.0
715,4,GLU43,-1.0,0.0,0,-1.0
715,5,HIS86,0.0,1.0,1,1.0
715,6,LYS188,1.0,0.0,0,1.0
715,7,HIS173,0.0,1.0,1,1.0
715,8,ASP247,-1.0,0.0,0,-1.0
715,9,ASP23,-1.0,0.0,0,-1.0
715,10,ASP47,-1.0,0.0,0,-1.0
716,1,ARG45,1.0,0.0,0,1.0
716,2,ASP41,-1.0,0.0,0,-1.0
716,3,GLU171,-1.0,0.0,0,-1.0
716,4,LYS136,1.0,0.0,0,1.0
716,5,LYS268,1.0,0.0,0,1.0
716,6,ASP423,-1.0,0.0,0,-1.0
716,7,ASP383,-1.0,0.0,0,-1.0
716,8,HIS206,1.0,0.0,1,0.0
716,9,HIS406,0.0,1.0,1,1.0
716,10,ARG125,1.0,0.0,0,1.0
717,1,HIS254,1.0,0.0,1,0.0
717,2,GLU51,-1.0,0.0,0,-1.0
717,3,TYR10,0.0,-1.0,0,0.0
717,4,ASP167,-1.0,0.0,0,-1.0
717,5,TYR90,0.0,-1.0,0,0.0
717,6,LYS376,1.0,0.0,0,1.0
717,7,HIS454,0.0,1.0,0,0.0
717,8,ASP247,-1.0,0.0,0,-1.0
717,9,ASP327,-1.0,0.0,0,-1.0
717,10,LYS268,1.0,0.0,0,1.0
718,1,HIS294,1.0,0.0,1,0.0
718,2,HIS46,0.0,1.0,1,1.0
718,3,GLU11,-1.0,0.0,0,-1.0
718,4,ASP463,-1.0,0.0,0,-1.0
718,5,TYR90,0.0,-1.0,0,0.0
718,6,LYS256,1.0,0.0,0,1.0
718,7,LYS336,1.0,0.0,0,1.0
718,8,ASP287,-1.0,0.0,0,-1.0
718,9,LYS388,1.0,0.0,0,1.0
718,10,LYS256,1.0,0.0,0,1.0
719,1,ASP247,-1.0,0.0,0,-1.0
719,2,GLU331,-1.0,0.0,0,-1.0
719,3,HIS93,0.0,1.0,1,1.0
719,4,HIS293,0.0,1.0,0,0.0
719,5,GLU283,-1.0,0.0,0,-1.0
719,6,ARG85,1.0,0.0,0,1.0
719,7,GLU262,-1.0,0.0,0,-1.0
719,8,ASP127,-1.0,0.0,0,-1.0
719,9,HIS453,1.0,0.0,1,0.0
719,10,ASP407,-1.0,0.0,0,-1.0
720,1,HIS93,1.0,0.0,1,0.0
720,2,GLU422,-1.0,0.0,0,-1.0
720,3,HIS6,0.0,1.0,0,0.0
720,4,HIS326,1.0,0.0,1,0.0
720,5,LYS216,1.0,0.0,0,1.0
720,6,ARG85,1.0,0.0,0,1.0
720,7,ASP343,-1.0,0.0,0,-1.0
720,8,TYR410,0.0,-1.0,0,0.0
720,9,ASP401,-1.0,0.0,0,-1.0
720,10,ASP63,-1.0,0.0,0,-1.0
721,1,TYR170,0.0,-1.0,0,0.0
721,2,ASP207,-1.0,0.0,0,-1.0
721,3,HIS253,0.0,1.0,0,0.0
721,4,ARG445,1.0,0.0,0,1.0
721,5,ASP367,-1.0,0.0,0,-1.0
721,6,GLU163,-1.0,0.0,0,-1.0
721,7,LYS68,1.0,0.0,0,1.0
721,8,HIS133,0.0,1.0,1,1.0
721,9,ASP343,-1.0,0.0,0,-1.0
721,10,HIS54,1.0,0.0,1,0.0
722,1,ASP321,-1.0,0.0,0,-1.0
722,2,ASP23,-1.0,0.0,0,-1.0
722,3,LYS96,1.0,0.0,0,1.0
722,4,ARG45,1.0,0.0,0,1.0
722,5,GLU291,-1.0,0.0,0,-1.0
722,6,LYS16,1.0,0.0,0,1.0
722,7,ARG445,1.0,0.0,0,1.0
722,8,LYS28,1.0,0.0,0,1.0
722,9,HIS294,0.0,1.0,1,1.0
722,10,LYS176,1.0,0.0,0,1.0
723,1,LYS308,1.0,0.0,0,1.0
723,2,ASP167,-1.0,0.0,0,-1.0
723,3,ASP247,-1.0,0.0,0,-1.0
723,4,ASP281,-1.0,0.0,0,-1.0
723,5,LYS96,1.0,0.0,0,1.0
723,6,HIS413,1.0,0.0,1,0.0
723,7,ASP81,-1.0,0.0,0,-1.0
723,8,ASP23,-1.0,0.0,0,-1.0
723,9,ASP223,-1.0,0.0,0,-1.0
723,10,ASP361,-1.0,0.0,0,-1.0
724,1,LYS56,1.0,0.0,0,1.0
724,2,GLU91,-1.0,0.0,0,-1.0
724,3,ASP201,-1.0,0.0,0,-1.0
724,4,ASP127,-1.0,0.0,0,-1.0
724,5,LYS228,1.0,0.0,0,1.0
724,6,HIS206,0.0,1.0,1,1.0
724,7,HIS173,1.0,0.0,1,0.0
724,8,ARG445,1.0,0.0,0,1.0
724,9,HIS14,1.0,0.0,1,0.0
724,10,LYS296,1.0,0.0,0,1.0
725,1,GLU142,-1.0,0.0,0,-1.0
725,2,ASP383,-1.0,0.0,0,-1.0
725,3,TYR90,0.0,-1.0,0,0.0
725,4,ASP463,-1.0,0.0,0,-1.0
725,5,LYS108,1.0,0.0,0,1.0
725,6,LYS296,1.0,0.0,0,1.0
725,7,ASP367,-1.0,0.0,0,-1.0
725,8,HIS326,0.0,1.0,1,1.0
725,9,ASP287,-1.0,0.0,0,-1.0
725,10,HIS53,1.0,0.0,1,0.0
726,1,ARG205,1.0,0.0,0,1.0
726,2,GLU291,-1.0,0.0,0,-1.0
726,3,HIS86,1.0,0.0,1,0.0
726,4,HIS333,0.0,1.0,1,1.0
726,5,ASP401,-1.0,0.0,0,-1.0
726,6,LYS148,1.0,0.0,0,1.0
726,7,LYS336,1.0,0.0,0,1.0
726,8,TYR130,0.0,-1.0,0,0.0
726,9,ASP401,-1.0,0.0,0,-1.0
726,10,ASP23,-1.0,0.0,0,-1.0
727,1,ASP41,-1.0,0.0,0,-1.0
727,2,LYS136,1.0,0.0,0,1.0
727,3,GLU3,-1.0,0.0,0,-1.0
727,4,ASP287,-1.0,0.0,0,-1.0
727,5,ARG325,1.0,0.0,0,1.0
727,6,ARG325,1.0,0.0,0,1.0
727,7,HIS373,0.0,1.0,1,1.0
727,8,HIS366,1.0,0.0,1,0.0
727,9,ASP207,-1.0,0.0,0,-1.0
727,10,HIS406,1.0,0.0,1,0.0
728,1,TYR250,0.0,-1.0,0,0.0
728,2,GLU182,-1.0,0.0,0,-1.0
728,3,LYS16,1.0,0.0,0,1.0
728,4,HIS206,1.0,0.0,1,0.0
728,5,LYS108,1.0,0.0,0,1.0
728,6,GLU291,-1.0,0.0,0,-1.0
728,7,LYS188,1.0,0.0,0,1.0
728,8,ASP7,-1.0,0.0,0,-1.0
728,9,GLU283,-1.0,0.0,0,-1.0
728,10,LYS416,1.0,0.0,0,1.0
729,1,GLU123,-1.0,0.0,0,-1.0
729,2,TYR370,0.0,-1.0,0,0.0
729,3,LYS468,1.0,0.0,0,1.0
729,4,ARG85,1.0,0.0,0,1.0
729,5,ASP281,-1.0,0.0,0,-1.0
729,6,HIS374,0.0,1.0,0,0.0
729,7,GLU251,-1.0,0.0,0,-1.0
729,8,ASP367,-1.0,0.0,0,-1.0
729,9,HIS126,0.0,1.0,1,1.0
729,10,ARG165,1.0,0.0,0,1.0
730,1,TYR210,0.0,-1.0,0,0.0
730,2,ARG85,1.0,0.0,0,1.0
730,3,ARG5,1.0,0.0,0,1.0
730,4,ARG445,1.0,0.0,0,1.0
730,5,HIS46,1.0,0.0,1,0.0
730,6,GLU222,-1.0,0.0,0,-1.0
730,7,ARG5,1.0,0.0,0,1.0
730,8,TYR250,0.0,-1.0,0,0.0
730,9,HIS326,1.0,0.0,1,0.0
730,10,LYS216,1.0,0.0,0,1.0
731,1,ASP401,-1.0,0.0,0,-1.0
731,2,ASP383,-1.0,0.0,0,-1.0
731,3,HIS14,0.0,1.0,0,0.0
731,4,HIS253,0.0,1.0,0,0.0
731,5,ASP201,-1.0,0.0,0,-1.0
731,6,ASP423,-1.0,0.0,0,-1.0
731,7,LYS216,1.0,0.0,0,1.0
731,8,ARG245,1.0,0.0,0,1.0
731,9,TYR330,0.0,-1.0,0,0.0
731,10,ASP1,-1.0,0.0,0,-1.0
732,1,HIS254,0.0,1.0,0,0.0
732,2,GLU22,-1.0,0.0,0,-1.0
732,3,ARG405,1.0,0.0,0,1.0
732,4,TYR450,0.0,-1.0,0,0.0
732,5,TYR370,0.0,-1.0,0,0.0
732,6,ASP361,-1.0,0.0,0,-1.0
732,7,LYS256,1.0,0.0,0,1.0
732,8,ASP103,-1.0,0.0,0,-1.0
732,9,LYS376,1.0,0.0,0,1.0
732,10,GLU203,-1.0,0.0,0,-1.0
733,1,ASP423,-1.0,0.0,0,-1.0
733,2,HIS246,1.0,0.0,1,0.0
733,3,GLU182,-1.0,0.0,0,-1.0
733,4,HIS14,0.0,1.0,0,0.0
733,5,ASP441,-1.0,0.0,0,-1.0
733,6,ASP407,-1.0,0.0,0,-1.0
733,7,GLU283,-1.0,0.0,0,-1.0
733,8,GLU403,-1.0,0.0,0,-1.0
733,9,HIS366,0.0,1.0,1,1.0
733,10,GLU91,-1.0,0.0,0,-1.0
734,1,ASP201,-1.0,0.0,0,-1.0
734,2,GLU302,-1.0,0.0,0,-1.0
734,3,HIS334,0.0,1.0,0,0.0
734,4,GLU251,-1.0,0.0,0,-1.0
734,5,GLU163,-1.0,0.0,0,-1.0
734,6,ASP223,-1.0,0.0,0,-1.0
734,7,LYS296,1.0,0.0,0,1.0
734,8,GLU91,-1.0,0.0,0,-1.0
734,9,GLU411,-1.0,0.0,0,-1.0
734,10,LYS16,1.0,0.0,0,1.0
735,1,GLU262,-1.0,0.0,0,-1.0
735,2,GLU291,-1.0,0.0,0,-1.0
735,3,ASP23,-1.0,0.0,0,-1.0
735,4,TYR90,0.0,-1.0,0,0.0
735,5,HIS206,0.0,1.0,1,1.0
735,6,HIS293,0.0,1.0,1,1.0
735,7,HIS333,1.0,0.0,1,0.0
735,8,TYR330,0.0,-1.0,0,0.0
735,9,ASP343,-1.0,0.0,0,-1.0
735,10,ASP47,-1.0,0.0,0,-1.0
736,1,HIS254,0.0,1.0,0,0.0
736,2,GLU342,-1.0,0.0,0,-1.0
736,3,TYR130,0.0,-1.0,0,0.0
736,4,LYS416,1.0,0.0,0,1.0
736,5,ASP287,-1.0,0.0,0,-1.0
736,6,HIS214,0.0,1.0,0,0.0
736,7,TYR370,0.0,-1.0,0,0.0
736,8,TYR90,0.0,-1.0,0,0.0
736,9,LYS216,1.0,0.0,0,1.0
736,10,LYS456,1.0,0.0,0,1.0
737,1,TYR330,0.0,-1.0,0,0.0
737,2,HIS406,0.0,1.0,1,1.0
737,3,HIS86,0.0,1.0,1,1.0
737,4,HIS294,1.0,0.0,1,0.0
737,5,HIS414,0.0,1.0,1,1.0
737,6,ASP63,-1.0,0.0,0,-1.0
737,7,HIS166,0.0,1.0,1,1.0
737,8,GLU123,-1.0,0.0,0,-1.0
737,9,LYS108,1.0,0.0,0,1.0
737,10,ARG245,1.0,0.0,0,1.0
738,1,HIS374,0.0,1.0,0,0.0
738,2,ARG165,1.0,0.0,0,1.0
738,3,HIS213,1.0,0.0,1,0.0
738,4,HIS334,0.0,1.0,1,1.0
738,5,ARG445,1.0,0.0,0,1.0
738,6,ASP167,-1.0,0.0,0,-1.0
738,7,HIS453,0.0,1.0,0,0.0
738,8,ARG5,1.0,0.0,0,1.0
738,9,ASP207,-1.0,0.0,0,-1.0
738,10,GLU102,-1.0,0.0,0,-1.0
739,1,GLU203,-1.0,0.0,0,-1.0
739,2,HIS133,1.0,0.0,1,0.0
739,3,GLU182,-1.0,0.0,0,-1.0
739,4,HIS413,0.0,1.0,0,0.0
739,5,GLU131,-1.0,0.0,0,-1.0
739,6,ASP241,-1.0,0.0,0,-1.0
739,7,ASP161,-1.0,0.0,0,-1.0
739,8,HIS374,0.0,1.0,0,0.0
739,9,ASP401,-1.0,0.0,0,-1.0
739,10,GLU262,-1.0,0.0,0,-1.0
740,1,ASP407,-1.0,0.0,0,-1.0
740,2,GLU283,-1.0,0.0,0,-1.0
740,3,GLU422,-1.0,0.0,0,-1.0
740,4,ARG85,1.0,0.0,0,1.0
740,5,HIS453,0.0,1.0,0,0.0
740,6,ASP423,-1.0,0.0,0,-1.0
740,7,HIS174,0.0,1.0,1,1.0
740,8,ARG445,1.0,0.0,0,1.0
740,9,ARG245,1.0,0.0,0,1.0
740,10,HIS446,0.0,1.0,1,1.0
741,1,ASP127,-1.0,0.0,0,-1.0
741,2,HIS53,0.0,1.0,1,1.0
741,3,HIS14,0.0,1.0,0,0.0
741,4,LYS108,1.0,0.0,0,1.0
741,5,GLU131,-1.0,0.0,0,-1.0
741,6,GLU222,-1.0,0.0,0,-1.0
741,7,ARG165,1.0,0.0,0,1.0
741,8,LYS268,1.0,0.0,0,1.0
741,9,ASP121,-1.0,0.0,0,-1.0
741,10,ASP343,-1.0,0.0,0,-1.0
742,1,HIS373,1.0,0.0,1,0.0
742,2,LYS16,1.0,0.0,0,1.0
742,3,GLU131,-1.0,0.0,0,-1.0
742,4,HIS333,0.0,1.0,1,1.0
742,5,LYS56,1.0,0.0,0,1.0
742,6,ASP241,-1.0,0.0,0,-1.0
742,7,HIS326,0.0,1.0,1,1.0
742,8,GLU142,-1.0,0.0,0,-1.0
742,9,LYS268,1.0,0.0,0,1.0
742,10,GLU262,-1.0,0.0,0,-1.0
743,1,ARG245,1.0,0.0,0,1.0
743,2,HIS326,1.0,0.0,1,0.0
743,3,TYR90,0.0,-1.0,0,0.0
743,4,LYS296,1.0,0.0,0,1.0
743,5,ASP1,-1.0,0.0,0,-1.0
743,6,ASP127,-1.0,0.0,0,-1.0
743,7,HIS446,1.0,0.0,1,0.0
743,8,ARG285,1.0,0.0,0,1.0
743,9,HIS413,0.0,1.0,0,0.0
743,10,LYS268,1.0,0.0,0,1.0
744,1,GLU123,-1.0,0.0,0,-1.0
744,2,LYS96,1.0,0.0,0,1.0
744,3,ARG325,1.0,0.0,0,1.0
744,4,ASP263,-1.0,0.0,0,-1.0
744,5,HIS253,0.0,1.0,1,1.0
744,6,HIS53,1.0,0.0,1,0.0
744,7,ASP121,-1.0,0.0,0,-1.0
744,8,HIS293,1.0,0.0,1,0.0
744,9,GLU363,-1.0,0.0,0,-1.0
744,10,GLU243,-1.0,0.0,0,-1.0
745,1,ARG245,1.0,0.0,0,1.0
745,2,HIS333,1.0,0.0,1,0.0
745,3,ASP367,-1.0,0.0,0,-1.0
745,4,LYS376,1.0,0.0,0,1.0
745,5,HIS214,0.0,1.0,1,1.0
745,6,HIS366,1.0,0.0,1,0.0
745,7,TYR10,0.0,-1.0,0,0.0
745,8,HIS213,0.0,1.0,0,0.0
745,9,ARG85,1.0,0.0,0,1.0
745,10,HIS94,0.0,1.0,1,1.0
746,1,ASP241,-1.0,0.0,0,-1.0
746,2,ASP447,-1.0,0.0,0,-1.0
746,3,GLU422,-1.0,0.0,0,-1.0
746,4,ASP143,-1.0,0.0,0,-1.0
746,5,ASP407,-1.0,0.0,0,-1.0
746,6,GLU422,-1.0,0.0,0,-1.0
746,7,ASP441,-1.0,0.0,0,-1.0
746,8,HIS133,0.0,1.0,1,1.0
746,9,ARG245,1.0,0.0,0,1.0
746,10,ASP241,-1.0,0.0,0,-1.0
747,1,HIS246,0.0,1.0,1,1.0
747,2,ARG45,1.0,0.0,0,1.0
747,3,ASP241,-1.0,0.0,0,-1.0
747,4,ASP281,-1.0,0.0,0,-1.0
747,5,ASP367,-1.0,0.0,0,-1.0
747,6,LYS468,1.0,0.0,0,1.0
747,7,HIS213,0.0,1.0,1,1.0
747,8,ARG165,1.0,0.0,0,1.0
747,9,HIS173,0.0,1.0,0,0.0
747,10,HIS206,1.0,0.0,1,0.0
748,1,ARG445,1.0,0.0,0,1.0
748,2,GLU51,-1.0,0.0,0,-1.0
748,3,ASP41,-1.0,0.0,0,-1.0
748,4,ASP321,-1.0,0.0,0,-1.0
748,5,GLU462,0.0,-1.0,0,0.0
748,6,HIS294,0.0,1.0,0,0.0
748,7,GLU342,-1.0,0.0,0,-1.0
748,8,ASP247,-1.0,0.0,0,-1.0
748,9,TYR290,0.0,-1.0,0,0.0
748,10,ASP103,-1.0,0.0,0,-1.0
749,1,LYS268,1.0,0.0,0,1.0
749,2,ASP207,-1.0,0.0,0,-1.0
749,3,ASP127,-1.0,0.0,0,-1.0
749,4,TYR170,0.0,-1.0,0,0.0
749,5,LYS228,1.0,0.0,0,1.0
749,6,ARG125,1.0,0.0,0,1.0
749,7,GLU43,-1.0,0.0,0,-1.0
749,8,HIS94,1.0,0.0,1,0.0
749,9,ASP41,-1.0,0.0,0,-1.0
749,10,ASP1,-1.0,0.0,0,-1.0
750,1,GLU283,-1.0,0.0,0,-1.0
750,2,HIS53,0.0,1.0,0,0.0
750,3,ASP423,-1.0,0.0,0,-1.0
750,4,HIS294,0.0,1.0,0,0.0
750,5,GLU283,-1.0,0.0,0,-1.0
750,6,ASP1,-1.0,0.0,0,-1.0
750,7,LYS176,1.0,0.0,0,1.0
750,8,ASP207,-1.0,0.0,0,-1.0
750,9,HIS54,0.0,1.0,0,0.0
750,10,GLU62,-1.0,0.0,0,-1.0
751,1,GLU43,-1.0,0.0,0,-1.0
751,2,LYS188,1.0,0.0,0,1.0
751,3,HIS373,0.0,1.0,1,1.0
751,4,GLU262,-1.0,0.0,0,-1.0
751,5,ASP463,-1.0,0.0,0,-1.0
751,6,ASP367,-1.0,0.0,0,-1.0
751,7,ARG45,1.0,0.0,0,1.0
751,8,TYR250,0.0,-1.0,0,0.0
751,9,ASP303,-1.0,0.0,0,-1.0
751,10,HIS334,1.0,0.0,1,0.0
752,1,HIS454,0.0,1.0,1,1.0
752,2,ASP401,-1.0,0.0,0,-1.0
752,3,LYS216,1.0,0.0,0,1.0
752,4,HIS6,0.0,1.0,0,0.0
752,5,ARG445,1.0,0.0,0,1.0
752,6,GLU222,-1.0,0.0,0,-1.0
752,7,GLU443,-1.0,0.0,0,-1.0
752,8,HIS206,0.0,1.0,1,1.0
752,9,HIS334,0.0,1.0,0,0.0
752,10,ASP41,-1.0,0.0,0,-1.0
753,1,GLU243,-1.0,0.0,0,-1.0
753,2,ASP87,-1.0,0.0,0,-1.0
753,3,LYS176,1.0,0.0,0,1.0
753,4,LYS456,1.0,0.0,1,0.0
753,5,LYS376,1.0,0.0,0,1.0
753,6,GLU262,-1.0,0.0,0,-1.0
753,7,HIS454,1.0,0.0,1,0.0
753,8,HIS173,0.0,1.0,0,0.0
753,9,ASP447,-1.0,0.0,0,-1.0
753,10,LYS468,1.0,0.0,0,1.0
754,1,LYS136,1.0,0.0,0,1.0
754,2,HIS213,1.0,0.0,1,0.0
754,3,HIS366,0.0,1.0,1,1.0
754,4,LYS136,1.0,0.0,0,1.0
754,5,LYS148,1.0,0.0,0,1.0
754,6,HIS174,1.0,0.0,1,0.0
754,7,ASP287,-1.0,0.0,0,-1.0
754,8,ASP241,-1.0,0.0,0,-1.0
754,9,ASP361,-1.0,0.0,0,-1.0
754,10,TYR130,0.0,-1.0,0,0.0
755,1,GLU443,-1.0,0.0,0,-1.0
755,2,GLU43,-1.0,0.0,0,-1.0
755,3,ASP361,-1.0,0.0,0,-1.0
755,4,ASP423,-1.0,0.0,0,-1.0
755,5,LYS216,1.0,0.0,0,1.0
755,6,ASP143,-1.0,0.0,0,-1.0
755,7,ASP23,-1.0,0.0,0,-1.0
755,8,ARG325,1.0,0.0,0,1.0
755,9,TYR410,0.0,-1.0,0,0.0
755,10,ASP247,-1.0,0.0,0,-1.0
756,1,GLU382,-1.0,0.0,0,-1.0
756,2,LYS296,1.0,0.0,0,1.0
756,3,ASP207,-1.0,0.0,0,-1.0
756,4,GLU403,-1.0,0.0,0,-1.0
756,5,HIS166,1.0,0.0,1,0.0
756,6,ASP447,-1.0,0.0,0,-1.0
756,7,HIS206,1.0,0.0,1,0.0
756,8,HIS94,0.0,1.0,1,1.0
756,9,HIS413,0.0,1.0,0,0.0
756,10,HIS253,1.0,0.0,1,0.0
757,1,GLU11,-1.0,0.0,0,-1.0
757,2,HIS326,0.0,1.0,1,1.0
757,3,LYS348,1.0,0.0,0,1.0
757,4,HIS173,0.0,1.0,1,1.0
757,5,GLU283,-1.0,0.0,0,-1.0
757,6,TYR410,0.0,-1.0,0,0.0
757,7,TYR290,0.0,-1.0,0,0.0
757,8,HIS213,0.0,1.0,1,1.0
757,9,TYR450,0.0,-1.0,0,0.0
757,10,ARG205,1.0,0.0,0,1.0
758,1,ASP241,-1.0,0.0,0,-1.0
758,2,ASP207,-1.0,0.0,0,-1.0
758,3,ARG125,1.0,0.0,0,1.0
758,4,LYS56,1.0,0.0,0,1.0
758,5,HIS373,1.0,0.0,1,0.0
758,6,LYS336,1.0,0.0,0,1.0
758,7,HIS446,0.0,1.0,1,1.0
758,8,ASP81,-1.0,0.0,0,-1.0
758,9,ASP367,-1.0,0.0,0,-1.0
758,10,LYS216,1.0,0.0,0,1.0
759,1,LYS416,1.0,0.0,0,1.0
759,2,ARG205,1.0,0.0,0,1.0
759,3,LYS256,1.0,0.0,0,1.0
759,4,HIS254,0.0,1.0,1,1.0
759,5,HIS246,1.0,0.0,1,0.0
759,6,HIS326,1.0,0.0,1,0.0
759,7,GLU443,-1.0,0.0,0,-1.0
759,8,GLU363,-1.0,0.0,0,-1.0
759,9,TYR290,0.0,-1.0,0,0.0
759,10,GLU43,-1.0,0.0,0,-1.0
760,1,ASP441,-1.0,0.0,0,-1.0
760,2,ASP223,-1.0,0.0,0,-1.0
760,3,ASP447,-1.0,0.0,0,-1.0
760,4,GLU451,-1.0,0.0,0,-1.0
760,5,HIS446,1.0,0.0,1,0.0
760,6,GLU403,-1.0,0.0,0,-1.0
760,7,ARG365,1.0,0.0,0,1.0
760,8,HIS453,0.0,1.0,1,1.0
760,9,HIS454,0.0,1.0,0,0.0
760,10,HIS94,1.0,0.0,1,0.0
761,1,ASP41,-1.0,0.0,0,-1.0
761,2,GLU163,-1.0,0.0,0,-1.0
761,3,HIS93,0.0,1.0,1,1.0
761,4,GLU43,-1.0,0.0,0,-1.0
761,5,LYS56,1.0,0.0,0,1.0
761,6,TYR130,0.0,-1.0,0,0.0
761,7,LYS256,1.0,0.0,0,1.0
761,8,HIS446,0.0,1.0,1,1.0
761,9,LYS136,1.0,0.0,0,1.0
761,10,ARG285,1.0,0.0,0,1.0
762,1,ARG445,1.0,0.0,0,1.0
762,2,TYR130,0.0,-1.0,0,0.0
762,3,HIS166,0.0,1.0,1,1.0
762,4,ARG5,1.0,0.0,0,1.0
762,5,ASP327,-1.0,0.0,0,-1.0
762,6,TYR10,0.0,-1.0,0,0.0
762,7,HIS373,0.0,1.0,0,0.0
762,8,TYR170,0.0,-1.0,0,0.0
762,9,ASP63,-1.0,0.0,0,-1.0
762,10,GLU251,-1.0,0.0,0,-1.0
763,1,HIS133,1.0,0.0,1,0.0
763,2,LYS216,1.0,0.0,0,1.0
763,3,HIS246,0.0,1.0,1,1.0
763,4,GLU331,-1.0,0.0,0,-1.0
763,5,TYR90,0.0,-1.0,0,0.0
763,6,ASP343,-1.0,0.0,0,-1.0
763,7,ASP167,-1.0,0.0,0,-1.0
763,8,ARG5,1.0,0.0,0,1.0
763,9,HIS126,1.0,0.0,1,0.0
763,10,GLU283,-1.0,0.0,0,-1.0
764,1,LYS148,1.0,0.0,0,1.0
764,2,GLU411,-1.0,0.0,0,-1.0
764,3,GLU331,-1.0,0.0,0,-1.0
764,4,GLU163,-1.0,0.0,0,-1.0
764,5,ASP407,-1.0,0.0,0,-1.0
764,6,TYR370,0.0,-1.0,0,0.0
764,7,ASP361,-1.0,0.0,0,-1.0
764,8,HIS206,0.0,1.0,1,1.0
764,9,TYR210,0.0,-1.0,0,0.0
764,10,GLU331,-1.0,0.0,0,-1.0
765,1,ASP327,-1.0,0.0,0,-1.0
765,2,HIS294,0.0,1.0,0,0.0
765,3,ARG125,1.0,0.0,0,1.0
765,4,GLU262,-1.0,0.0,0,-1.0
765,5,TYR410,0.0,-1.0,0,0.0
765,6,ARG165,1.0,0.0,0,1.0
765,7,HIS246,1.0,0.0,1,0.0
765,8,GLU123,-1.0,0.0,0,-1.0
765,9,HIS334,0.0,1.0,1,1.0
765,10,ASP321,-1.0,0.0,0,-1.0
766,1,HIS126,0.0,1.0,1,1.0
766,2,ASP87,-1.0,0.0,0,-1.0
766,3,TYR250,0.0,-1.0,0,0.0
766,4,HIS6,0.0,1.0,1,1.0
766,5,TYR410,0.0,-1.0,0,0.0
766,6,HIS334,1.0,0.0,1,0.0
766,7,ASP161,-1.0,0.0,0,-1.0
766,8,HIS293,0.0,1.0,0,0.0
766,9,TYR90,0.0,-1.0,0,0.0
766,10,LYS96,1.0,0.0,0,1.0
767,1,HIS54,0.0,1.0,0,0.0
767,2,GLU331,-1.0,0.0,0,-1.0
767,3,TYR170,0.0,-1.0,0,0.0
767,4,ASP63,-1.0,0.0,0,-1.0
767,5,ARG365,1.0,0.0,0,1.0
767,6,TYR410,0.0,-1.0,0,0.0
767,7,HIS6,1.0,0.0,1,0.0
767,8,LYS16,1.0,0.0,0,1.0
767,9,ASP183,-1.0,0.0,0,-1.0
767,10,GLU243,-1.0,0.0,0,-1.0
768,1,ASP223,-1.0,0.0,0,-1.0
768,2,GLU403,-1.0,0.0,0,-1.0
768,3,LYS188,1.0,0.0,0,1.0
768,4,GLU43,-1.0,0.0,0,-1.0
768,5,HIS246,0.0,1.0,1,1.0
768,6,HIS14,0.0,1.0,0,0.0
768,7,ASP241,-1.0,0.0,0,-1.0
768,8,ARG405,1.0,0.0,0,1.0
768,9,GLU371,-1.0,0.0,0,-1.0
768,10,GLU62,-1.0,0.0,0,-1.0
769,1,ARG205,1.0,0.0,0,1.0
769,2,HIS366,1.0,0.0,1,0.0
769,3,GLU323,-1.0,0.0,0,-1.0
769,4,ASP263,-1.0,0.0,0,-1.0
769,5,ASP167,-1.0,0.0,0,-1.0
769,6,HIS294,0.0,1.0,1,1.0
769,7,LYS16,1.0,0.0,0,1.0
769,8,LYS56,1.0,0.0,0,1.0
769,9,TYR170,0.0,-1.0,0,0.0
769,10,ARG45,1.0,0.0,0,1.0
770,1,HIS206,1.0,0.0,1,0.0
770,2,GLU182,-1.0,0.0,0,-1.0
770,3,HIS134,0.0,1.0,1,1.0
770,4,LYS148,1.0,0.0,0,1.0
770,5,ASP41,-1.0,0.0,0,-1.0
770,6,GLU251,-1.0,0.0,0,-1.0
770,7,GLU11,-1.0,0.0,0,-1.0
770,8,ASP223,-1.0,0.0,0,-1.0
770,9,HIS366,0.0,1.0,1,1.0
770,10,ASP143,-1.0,0.0,0,-1.0
771,1,LYS68,1.0,0.0,0,1.0
771,2,GLU291,-1.0,0.0,0,-1.0
771,3,ASP207,-1.0,0.0,0,-1.0
771,4,HIS13,0.0,1.0,0,0.0
771,5,ASP447,-1.0,0.0,0,-1.0
771,6,ASP201,-1.0,0.0,0,-1.0
771,7,HIS126,1.0,0.0,1,0.0
771,8,HIS253,0.0,1.0,0,0.0
771,9,ASP23,-1.0,0.0,0,-1.0
771,10,ARG45,1.0,0.0,0,1.0
772,1,TYR170,0.0,-1.0,0,0.0
772,2,ASP241,-1.0,0.0,0,-1.0
772,3,LYS336,1.0,0.0,0,1.0
772,4,HIS213,1.0,0.0,1,0.0
772,5,ASP287,-1.0,0.0,0,-1.0
772,6,ASP327,-1.0,0.0,0,-1.0
772,7,TYR90,0.0,-1.0,0,0.0
772,8,ASP303,-1.0,0.0,0,-1.0
772,9,HIS214,1.0,0.0,1,0.0
772,10,HIS293,0.0,1.0,1,1.0
773,1,ARG445,1.0,0.0,0,1.0
773,2,GLU131,-1.0,0.0,0,-1.0
773,3,ARG245,1.0,0.0,0,1.0
773,4,GLU451,-1.0,0.0,0,-1.0
773,5,HIS286,0.0,1.0,1,1.0
773,6,GLU211,-1.0,0.0,0,-1.0
773,7,LYS96,1.0,0.0,0,1.0
773,8,TYR410,0.0,-1.0,0,0.0
773,9,HIS94,0.0,1.0,0,0.0
773,10,TYR250,0.0,-1.0,0,0.0
774,1,LYS348,1.0,0.0,0,1.0
774,2,HIS334,0.0,1.0,1,1.0
774,3,ARG365,1.0,0.0,0,1.0
774,4,LYS56,1.0,0.0,0,1.0
774,5,ARG45,1.0,0.0,0,1.0
774,6,ASP401,-1.0,0.0,0,-1.0
774,7,GLU443,-1.0,0.0,0,-1.0
774,8,GLU11,-1.0,0.0,0,-1.0
774,9,HIS213,0.0,1.0,0,0.0
774,10,LYS148,1.0,0.0,0,1.0
775,1,ARG205,1.0,0.0,0,1.0
775,2,GLU102,-1.0,0.0,0,-1.0
775,3,LYS388,1.0,0.0,0,1.0
775,4,GLU382,-1.0,0.0,0,-1.0
775,5,LYS256,1.0,0.0,0,1.0
775,6,HIS294,1.0,0.0,1,0.0
775,7,ASP247,-1.0,0.0,0,-1.0
775,8,GLU83,-1.0,0.0,0,-1.0
775,9,ARG445,1.0,0.0,0,1.0
775,10,HIS446,1.0,0.0,1,0.0
776,1,LYS56,1.0,0.0,0,1.0
776,2,HIS126,0.0,1.0,1,1.0
776,3,LYS416,1.0,0.0,0,1.0
776,4,HIS133,0.0,1.0,0,0.0
776,5,TYR410,0.0,-1.0,0,0.0
776,6,GLU443,-1.0,0.0,0,-1.0
776,7,HIS54,0.0,1.0,1,1.0
776,8,GLU422,-1.0,0.0,0,-1.0
776,9,LYS28,1.0,0.0,0,1.0
776,10,GLU243,-1.0,0.0,0,-1.0
777,1,LYS428,1.0,0.0,0,1.0
777,2,LYS456,0.0,1.0,1,1.0
777,3,ASP247,-1.0,0.0,0,-1.0
777,4,GLU331,-1.0,0.0,0,-1.0
777,5,GLU182,-1.0,0.0,0,-1.0
777,6,HIS54,1.0,0.0,1,0.0
777,7,GLU3,-1.0,0.0,0,-1.0
777,8,HIS333,0.0,1.0,0,0.0
777,9,ASP7,-1.0,0.0,0,-1.0
777,10,HIS133,0.0,1.0,1,1.0
778,1,ASP263,-1.0,0.0,0,-1.0
778,2,GLU462,0.0,-1.0,0,0.0
778,3,LYS256,1.0,0.0,0,1.0
778,4,ARG325,1.0,0.0,0,1.0
778,5,GLU163,-1.0,0.0,0,-1.0
778,6,ASP383,-1.0,0.0,0,-1.0
778,7,GLU371,-1.0,0.0,0,-1.0
778,8,ASP441,-1.0,0.0,0,-1.0
778,9,GLU251,-1.0,0.0,0,-1.0
778,10,ASP407,-1.0,0.0,0,-1.0
779,1,TYR370,0.0,-1.0,0,0.0
779,2,GLU371,-1.0,0.0,0,-1.0
779,3,HIS213,0.0,1.0,1,1.0
779,4,HIS206,0.0,1.0,1,1.0
779,5,ARG5,1.0,0.0,0,1.0
779,6,ARG205,1.0,0.0,0,1.0
779,7,GLU291,-1.0,0.0,0,-1.0
779,8,LYS96,1.0,0.0,0,1.0
779,9,LYS148,1.0,0.0,0,1.0
779,10,ASP121,-1.0,0.0,0,-1.0
780,1,GLU51,-1.0,0.0,0,-1.0
780,2,ASP1,-1.0,0.0,0,-1.0
780,3,HIS374,0.0,1.0,1,1.0
780,4,GLU163,-1.0,0.0,0,-1.0
780,5,LYS68,1.0,0.0,0,1.0
780,6,ASP361,-1.0,0.0,0,-1.0
780,7,ARG45,1.0,0.0,0,1.0
780,8,GLU131,-1.0,0.0,0,-1.0
780,9,GLU182,-1.0,0.0,0,-1.0
780,10,ASP441,-1.0,0.0,0,-1.0
781,1,TYR450,0.0,-1.0,0,0.0
781,2,LYS348,1.0,0.0,0,1.0
781,3,HIS166,1.0,0.0,1,0.0
781,4,GLU43,-1.0,0.0,1,0.0
781,5,ASP247,-1.0,0.0,0,-1.0
781,6,LYS216,1.0,0.0,0,1.0
781,7,LYS336,1.0,0.0,0,1.0
781,8,GLU283,-1.0,0.0,0,-1.0
781,9,ARG125,1.0,0.0,0,1.0
781,10,GLU43,0.0,-1.0,1,-1.0
782,1,HIS286,1.0,0.0,1,0.0
782,2,HIS174,0.0,1.0,0,0.0
782,3,GLU163,-1.0,0.0,0,-1.0
782,4,ASP407,-1.0,0.0,0,-1.0
782,5,GLU243,-1.0,0.0,0,-1.0
782,6,ASP81,-1.0,0.0,0,-1.0
782,7,GLU331,-1.0,0.0,0,-1.0
782,8,LYS28,1.0,0.0,0,1.0
782,9,LYS376,1.0,0.0,0,1.0
782,10,LYS96,1.0,0.0,0,1.0
783,1,HIS53,0.0,1.0,1,1.0
783,2,GLU163,-1.0,0.0,0,-1.0
783,3,HIS213,1.0,0.0,1,0.0
783,4,ASP327,-1.0,0.0,0,-1.0
783,5,HIS206,1.0,0.0,1,0.0
783,6,LYS96,1.0,0.0,0,1.0
783,7,LYS348,1.0,0.0,0,1.0
783,8,TYR450,0.0,-1.0,0,0.0
783,9,GLU83,-1.0,0.0,0,-1.0
783,10,ASP263,-1.0,0.0,0,-1.0
784,1,HIS366,1.0,0.0,1,0.0
784,2,LYS456,1.0,0.0,0,1.0
784,3,ASP463,-1.0,0.0,0,-1.0
784,4,GLU462,0.0,-1.0,0,0.0
784,5,HIS174,0.0,1.0,0,0.0
784,6,TYR290,0.0,-1.0,0,0.0
784,7,LYS28,1.0,0.0,0,1.0
784,8,GLU203,-1.0,0.0,0,-1.0
784,9,GLU51,-1.0,0.0,0,-1.0
784,10,HIS214,0.0,1.0,1,1.0
785,1,GLU411,-1.0,0.0,0,-1.0
785,2,HIS206,0.0,1.0,1,1.0
785,3,LYS16,1.0,0.0,0,1.0
785,4,ASP401,-1.0,0.0,0,-1.0
785,5,HIS453,1.0,0.0,1,0.0
785,6,LYS416,1.0,0.0,0,1.0
785,7,HIS13,0.0,1.0,0,0.0
785,8,GLU243,-1.0,0.0,0,-1.0
785,9,ASP423,-1.0,0.0,0,-1.0
785,10,LYS216,1.0,0.0,0,1.0
786,1,ARG205,1.0,0.0,0,1.0
786,2,HIS134,1.0,0.0,1,0.0
786,3,HIS93,1.0,0.0,1,0.0
786,4,GLU342,-1.0,0.0,0,-1.0
786,5,GLU451,-1.0,0.0,0,-1.0
786,6,HIS54,0.0,1.0,0,0.0
786,7,LYS268,1.0,0.0,0,1.0
786,8,TYR10,0.0,-1.0,0,0.0
786,9,ASP143,-1.0,0.0,0,-1.0
786,10,HIS54,0.0,1.0,0,0.0
787,1,HIS246,1.0,0.0,1,0.0
787,2,ASP423,-1.0,0.0,0,-1.0
787,3,HIS126,1.0,0.0,1,0.0
787,4,ASP383,-1.0,0.0,0,-1.0
787,5,ASP143,-1.0,0.0,0,-1.0
787,6,GLU43,-1.0,0.0,0,-1.0
787,7,GLU222,-1.0,0.0,0,-1.0
787,8,HIS214,1.0,0.0,1,0.0
787,9,HIS6,0.0,1.0,1,1.0
787,10,LYS28,1.0,0.0,0,1.0
788,1,TYR50,0.0,-1.0,0,0.0
788,2,LYS96,1.0,0.0,0,1.0
788,3,LYS96,1.0,0.0,0,1.0
788,4,LYS28,1.0,0.0,0,1.0
788,5,GLU403,-1.0,0.0,0,-1.0
788,6,GLU302,-1.0,0.0,0,-1.0
788,7,ASP183,-1.0,0.0,0,-1.0
788,8,GLU403,-1.0,0.0,0,-1.0
788,9,ARG365,1.0,0.0,0,1.0
788,10,GLU51,-1.0,0.0,0,-1.0
789,1,GLU251,-1.0,0.0,0,-1.0
789,2,GLU443,-1.0,0.0,0,-1.0
789,3,ASP201,-1.0,0.0,0,-1.0
789,4,ASP247,-1.0,0.0,0,-1.0
789,5,HIS333,0.0,1.0,0,0.0
789,6,GLU382,-1.0,0.0,0,-1.0
789,7,GLU403,-1.0,0.0,0,-1.0
789,8,HIS166,0.0,1.0,0,0.0
789,9,ARG285,1.0,0.0,0,1.0
789,10,GLU51,-1.0,0.0,0,-1.0
790,1,ASP361,-1.0,0.0,0,-1.0
790,2,HIS326,0.0,1.0,1,1.0
790,3,ASP321,-1.0,0.0,0,-1.0
790,4,GLU222,-1.0,0.0,0,-1.0
790,5,GLU371,-1.0,0.0,0,-1.0
790,6,HIS373,0.0,1.0,0,0.0
790,7,LYS376,1.0,0.0,0,1.0
790,8,GLU443,-1.0,0.0,0,-1.0
790,9,GLU222,-1.0,0.0,0,-1.0
790,10,LYS176,1.0,0.0,0,1.0
791,1,HIS286,0.0,1.0,1,1.0
791,2,HIS53,1.0,0.0,1,0.0
791,3,LYS348,1.0,0.0,0,1.0
791,4,GLU443,-1.0,0.0,0,-1.0
791,5,HIS446,0.0,1.0,1,1.0
791,6,LYS388,1.0,0.0,0,1.0
791,7,HIS86,1.0,0.0,0,1.0
791,8,LYS268,1.0,0.0,0,1.0
791,9,ASP407,-1.0,0.0,0,-1.0
791,10,HIS374,1.0,0.0,1,0.0
792,1,LYS188,1.0,0.0,0,1.0
792,2,HIS413,0.0,1.0,0,0.0
792,3,GLU11,-1.0,0.0,0,-1.0
792,4,LYS96,1.0,0.0,0,1.0
792,5,HIS133,1.0,0.0,1,0.0
792,6,LYS268,1.0,0.0,0,1.0
792,7,HIS253,0.0,1.0,0,0.0
792,8,GLU451,-1.0,0.0,0,-1.0
792,9,ASP7,-1.0,0.0,0,-1.0
792,10,HIS214,0.0,1.0,0,0.0
793,1,ASP201,-1.0,0.0,0,-1.0
793,2,ARG165,1.0,0.0,0,1.0
793,3,ASP7,-1.0,0.0,0,-1.0
793,4,ASP41,-1.0,0.0,0,-1.0
793,5,GLU462,0.0,-1.0,0,0.0
793,6,TYR130,0.0,-1.0,0,0.0
793,7,LYS468,1.0,0.0,0,1.0
793,8,ARG5,1.0,0.0,0,1.0
793,9,TYR130,0.0,-1.0,0,0.0
793,10,ASP81,-1.0,0.0,0,-1.0
794,1,HIS54,0.0,1.0,1,1.0
794,2,GLU331,-1.0,0.0,0,-1.0
794,3,GLU331,-1.0,0.0,0,-1.0
794,4,GLU142,-1.0,0.0,0,-1.0
794,5,LYS188,1.0,0.0,0,1.0
794,6,GLU291,-1.0,0.0,0,-1.0
794,7,LYS108,1.0,0.0,0,1.0
794,8,LYS68,1.0,0.0,0,1.0
794,9,ASP407,-1.0,0.0,0,-1.0
794,10,ARG325,1.0,0.0,0,1.0
795,1,GLU131,-1.0,0.0,0,-1.0
795,2,LYS268,1.0,0.0,0,1.0
795,3,ASP47,-1.0,0.0,0,-1.0
795,4,LYS336,1.0,0.0,0,1.0
795,5,HIS94,0.0,1.0,0,0.0
795,6,GLU62,-1.0,0.0,0,-1.0
795,7,ASP87,-1.0,0.0,0,-1.0
795,8,LYS296,1.0,0.0,0,1.0
795,9,ARG445,1.0,0.0,0,1.0
795,10,HIS366,0.0,1.0,1,1.0
796,1,HIS373,0.0,1.0,1,1.0
796,2,GLU43,-1.0,0.0,0,-1.0
796,3,HIS334,1.0,0.0,1,0.0
796,4,HIS86,1.0,0.0,1,0.0
796,5,HIS366,1.0,0.0,1,0.0
796,6,GLU422,-1.0,0.0,0,-1.0
796,7,ASP143,-1.0,0.0,0,-1.0
796,8,ASP247,-1.0,0.0,0,-1.0
796,9,ASP303,-1.0,0.0,0,-1.0
796,10,LYS188,1.0,0.0,0,1.0
797,1,LYS468,1.0,0.0,0,1.0
797,2,ASP207,-1.0,0.0,0,-1.0
797,3,HIS166,0.0,1.0,1,1.0
797,4,LYS468,1.0,0.0,0,1.0
797,5,GLU83,-1.0,0.0,0,-1.0
797,6,HIS294,0.0,1.0,0,0.0
797,7,ARG245,1.0,0.0,0,1.0
797,8,ARG285,1.0,0.0,0,1.0
797,9,HIS374,0.0,1.0,0,0.0
797,10,ASP223,-1.0,0.0,0,-1.0
798,1,ASP463,-1.0,0.0,0,-1.0
798,2,TYR10,0.0,-1.0,0,0.0
798,3,GLU251,-1.0,0.0,0,-1.0
798,4,GLU222,-1.0,0.0,0,-1.0
798,5,LYS108,1.0,0.0,0,1.0
798,6,LYS136,1.0,0.0,0,1.0
798,7,GLU382,-1.0,0.0,0,-1.0
798,8,GLU323,-1.0,0.0,0,-1.0
798,9,ASP321,-1.0,0.0,0,-1.0
798,10,ASP361,-1.0,0.0,0,-1.0
799,1,HIS206,1.0,0.0,1,0.0
799,2,ASP447,-1.0,0.0,0,-1.0
799,3,ASP367,-1.0,0.0,0,-1.0
799,4,HIS326,1.0,0.0,1,0.0
799,5,ASP183,-1.0,0.0,0,-1.0
799,6,ARG45,1.0,0.0,0,1.0
799,7,LYS468,1.0,0.0,0,1.0
799,8,TYR370,0.0,-1.0,0,0.0
799,9,ASP463,-1.0,0.0,0,-1.0
799,10,GLU11,-1.0,0.0,0,-1.0
800,1,HIS326,0.0,1.0,0,0.0
800,2,TYR50,0.0,-1.0,0,0.0
800,3,HIS94,0.0,1.0,1,1.0
800,4,GLU91,-1.0,0.0,0,-1.0
800,5,TYR10,0.0,-1.0,0,0.0
800,6,ASP63,-1.0,0.0,0,-1.0
800,7,LYS148,1.0,0.0,0,1.0
800,8,GLU411,-1.0,0.0,0,-1.0
800,9,ARG205,1.0,0.0,0,1.0
800,10,TYR10,0.0,-1.0,0,0.0
801,1,HIS53,0.0,1.0,1,1.0
801,2,HIS294,0.0,1.0,1,1.0
801,3,HIS134,0.0,1.0,0,0.0
801,4,GLU22,-1.0,0.0,0,-1.0
801,5,LYS176,1.0,0.0,0,1.0
801,6,LYS108,1.0,0.0,0,1.0
801,7,GLU363,-1.0,0.0,0,-1.0
801,8,GLU451,-1.0,0.0,0,-1.0
801,9,TYR50,0.0,-1.0,0,0.0
801,10,LYS256,1.0,0.0,0,1.0
802,1,ASP207,-1.0,0.0,0,-1.0
802,2,GLU142,-1.0,0.0,0,-1.0
802,3,TYR410,0.0,-1.0,0,0.0
802,4,GLU443,-1.0,0.0,0,-1.0
802,5,ASP343,-1.0,0.0,0,-1.0
802,6,LYS136,1.0,0.0,0,1.0
802,7,HIS406,1.0,0.0,1,0.0
802,8,HIS214,0.0,1.0,0,0.0
802,9,ARG5,1.0,0.0,0,1.0
802,10,ASP361,-1.0,0.0,0,-1.0
803,1,ARG125,1.0,0.0,0,1.0
803,2,HIS333,0.0,1.0,1,1.0
803,3,ASP401,-1.0,0.0,0,-1.0
803,4,LYS268,1.0,0.0,0,1.0
803,5,GLU142,-1.0,0.0,0,-1.0
803,6,HIS46,0.0,1.0,1,1.0
803,7,LYS68,1.0,0.0,0,1.0
803,8,ASP23,-1.0,0.0,0,-1.0
803,9,TYR10,0.0,-1.0,0,0.0
803,10,ASP47,-1.0,0.0,0,-1.0
804,1,GLU291,-1.0,0.0,0,-1.0
804,2,GLU382,-1.0,0.0,0,-1.0
804,3,ASP201,-1.0,0.0,0,-1.0
804,4,ASP361,-1.0,0.0,0,-1.0
804,5,LYS56,1.0,0.0,0,1.0
804,6,LYS68,1.0,0.0,0,1.0
804,7,ARG85,1.0,0.0,0,1.0
804,8,GLU422,-1.0,0.0,0,-1.0
804,9,HIS213,0.0,1.0,1,1.0
804,10,LYS56,1.0,0.0,0,1.0
805,1,HIS134,0.0,1.0,0,0.0
805,2,GLU11,-1.0,0.0,0,-1.0
805,3,GLU51,-1.0,0.0,0,-1.0
805,4,ASP223,-1.0,0.0,0,-1.0
805,5,LYS188,1.0,0.0,0,1.0
805,6,GLU302,-1.0,0.0,0,-1.0
805,7,ARG365,1.0,0.0,0,1.0
805,8,HIS54,1.0,0.0,1,0.0
805,9,ARG5,1.0,0.0,0,1.0
805,10,ASP103,-1.0,0.0,0,-1.0
806,1,TYR450,0.0,-1.0,0,0.0
806,2,ASP343,-1.0,0.0,0,-1.0
806,3,ARG365,1.0,0.0,0,1.0
806,4,HIS373,1.0,0.0,1,0.0
806,5,HIS293,1.0,0.0,1,0.0
806,6,ASP327,-1.0,0.0,0,-1.0
806,7,HIS174,0.0,1.0,0,0.0
806,8,LYS108,1.0,0.0,0,1.0
806,9,ASP103,-1.0,0.0,0,-1.0
806,10,LYS308,1.0,0.0,0,1.0
807,1,HIS54,0.0,1.0,0,0.0
807,2,HIS93,0.0,1.0,0,0.0
807,3,ASP207,-1.0,0.0,0,-1.0
807,4,LYS468,1.0,0.0,0,1.0
807,5,ASP143,-1.0,0.0,0,-1.0
807,6,LYS296,1.0,0.0,0,1.0
807,7,ARG405,1.0,0.0,0,1.0
807,8,ASP161,-1.0,0.0,0,-1.0
807,9,HIS253,0.0,1.0,1,1.0
807,10,LYS188,1.0,0.0,0,1.0
808,1,GLU203,-1.0,0.0,0,-1.0
808,2,ASP447,-1.0,0.0,0,-1.0
808,3,ARG165,1.0,0.0,0,1.0
808,4,ASP127,-1.0,0.0,0,-1.0
808,5,ASP183,-1.0,0.0,0,-1.0
808,6,ASP367,-1.0,0.0,0,-1.0
808,7,HIS294,1.0,0.0,1,0.0
808,8,ASP343,-1.0,0.0,0,-1.0
808,9,GLU203,-1.0,0.0,0,-1.0
808,10,ASP121,-1.0,0.0,0,-1.0
809,1,ASP63,-1.0,0.0,0,-1.0
809,2,LYS456,1.0,0.0,0,1.0
809,3,ARG245,1.0,0.0,0,1.0
809,4,HIS413,0.0,1.0,1,1.0
809,5,HIS294,0.0,1.0,1,1.0
809,6,GLU422,-1.0,0.0,0,-1.0
809,7,GLU203,-1.0,0.0,0,-1.0
809,8,ARG85,1.0,0.0,0,1.0
809,9,ASP327,-1.0,0.0,0,-1.0
809,10,TYR290,0.0,-1.0,0,0.0
810,1,GLU283,-1.0,0.0,0,-1.0
810,2,GLU382,-1.0,0.0,0,-1.0
810,3,HIS14,0.0,1.0,0,0.0
810,4,GLU382,-1.0,0.0,1,0.0
810,5,LYS456,1.0,0.0,0,1.0
810,6,TYR90,0.0,-1.0,0,0.0
810,7,GLU422,-1.0,0.0,0,-1.0
810,8,GLU62,-1.0,0.0,0,-1.0
810,9,ASP183,-1.0,0.0,0,-1.0
810,10,HIS206,0.0,1.0,1,1.0
811,1,ASP463,-1.0,0.0,0,-1.0
811,2,GLU302,-1.0,0.0,0,-1.0
811,3,HIS406,0.0,1.0,1,1.0
811,4,GLU291,-1.0,0.0,0,-1.0
811,5,ARG5,1.0,0.0,0,1.0
811,6,LYS348,1.0,0.0,0,1.0
811,7,LYS468,1.0,0.0,0,1.0
811,8,ARG85,1.0,0.0,0,1.0
811,9,LYS148,1.0,0.0,0,1.0
811,10,GLU222,-1.0,0.0,0,-1.0
812,1,ASP121,-1.0,0.0,0,-1.0
812,2,ARG245,1.0,0.0,0,1.0
812,3,HIS286,1.0,0.0,1,0.0
812,4,HIS134,0.0,1.0,1,1.0
812,5,ASP447,-1.0,0.0,0,-1.0
812,6,GLU22,-1.0,0.0,0,-1.0
812,7,LYS136,1.0,0.0,0,1.0
812,8,HIS413,1.0,0.0,1,0.0
812,9,ASP367,-1.0,0.0,0,-1.0
812,10,HIS454,0.0,1.0,0,0.0
813,1,HIS334,0.0,1.0,1,1.0
813,2,ASP7,-1.0,0.0,0,-1.0
813,3,LYS228,1.0,0.0,0,1.0
813,4,HIS13,0.0,1.0,0,0.0
813,5,LYS16,1.0,0.0,0,1.0
813,6,ARG405,1.0,0.0,0,1.0
813,7,GLU43,-1.0,0.0,0,-1.0
813,8,HIS293,0.0,1.0,1,1.0
813,9,GLU171,-1.0,0.0,0,-1.0
813,10,LYS148,1.0,0.0,0,1.0
814,1,HIS214,0.0,1.0,0,0.0
814,2,HIS446,1.0,0.0,1,0.0
814,3,ARG285,1.0,0.0,0,1.0
814,4,HIS126,0.0,1.0,0,0.0
814,5,TYR450,0.0,-1.0,0,0.0
814,6,GLU331,-1.0,0.0,0,-1.0
814,7,ASP327,-1.0,0.0,0,-1.0
814,8,ASP441,-1.0,0.0,0,-1.0
814,9,ASP287,-1.0,0.0,0,-1.0
814,10,TYR290,0.0,-1.0,0,0.0
815,1,GLU443,-1.0,0.0,0,-1.0
815,2,LYS348,1.0,0.0,0,1.0
815,3,ASP447,-1.0,0.0,0,-1.0
815,4,LYS456,1.0,0.0,0,1.0
815,5,HIS14,0.0,1.0,0,0.0
815,6,ASP401,-1.0,0.0,0,-1.0
815,7,GLU131,-1.0,0.0,0,-1.0
815,8,ASP327,-1.0,0.0,0,-1.0
815,9,GLU171,-1.0,0.0,0,-1.0
815,10,ASP121,-1.0,0.0,0,-1.0
816,1,GLU142,-1.0,0.0,0,-1.0
816,2,LYS256,1.0,0.0,0,1.0
816,3,HIS46,1.0,0.0,0,1.0
816,4,ARG405,1.0,0.0,0,1.0
816,5,ASP463,-1.0,0.0,0,-1.0
816,6,LYS296,1.0,0.0,0,1.0
816,7,ASP441,-1.0,0.0,0,-1.0
816,8,GLU22,-1.0,0.0,0,-1.0
816,9,HIS366,0.0,1.0,1,1.0
816,10,HIS294,1.0,0.0,1,0.0
817,1,GLU83,-1.0,0.0,0,-1.0
817,2,HIS326,0.0,1.0,1,1.0
817,3,ASP87,-1.0,0.0,0,-1.0
817,4,HIS133,0.0,1.0,0,0.0
817,5,LYS308,1.0,0.0,0,1.0
817,6,ASP321,-1.0,0.0,0,-1.0
817,7,TYR50,0.0,-1.0,0,0.0
817,8,HIS333,1.0,0.0,1,0.0
817,9,TYR130,0.0,-1.0,0,0.0
817,10,TYR330,0.0,-1.0,0,0.0
818,1,ASP321,-1.0,0.0,0,-1.0
818,2,HIS206,1.0,0.0,1,0.0
818,3,GLU91,-1.0,0.0,0,-1.0
818,4,ASP441,-1.0,0.0,0,-1.0
818,5,HIS86,0.0,1.0,1,1.0
818,6,HIS246,0.0,1.0,1,1.0
818,7,ASP127,-1.0,0.0,0,-1.0
818,8,GLU123,-1.0,0.0,0,-1.0
818,9,ASP241,-1.0,0.0,0,-1.0
818,10,LYS188,1.0,0.0,0,1.0
819,1,GLU462,0.0,-1.0,0,0.0
819,2,LYS468,1.0,0.0,0,1.0
819,3,GLU171,-1.0,0.0,0,-1.0
819,4,LYS428,1.0,0.0,0,1.0
819,5,LYS148,1.0,0.0,0,1.0
819,6,LYS136,1.0,0.0,0,1.0
819,7,LYS428,1.0,0.0,0,1.0
819,8,GLU451,-1.0,0.0,0,-1.0
819,9,HIS334,1.0,0.0,1,0.0
819,10,ASP263,-1.0,0.0,0,-1.0
820,1,GLU142,-1.0,0.0,0,-1.0
820,2,ASP281,-1.0,0.0,0,-1.0
820,3,ASP401,-1.0,0.0,0,-1.0
820,4,LYS56,1.0,0.0,0,1.0
820,5,ASP207,-1.0,0.0,0,-1.0
820,6,LYS336,1.0,0.0,0,1.0
820,7,ASP367,-1.0,0.0,0,-1.0
820,8,TYR90,0.0,-1.0,0,0.0
820,9,TYR130,0.0,-1.0,0,0.0
820,10,HIS206,0.0,1.0,1,1.0
821,1,HIS133,0.0,1.0,0,0.0
821,2,ASP143,-1.0,0.0,0,-1.0
821,3,GLU363,-1.0,0.0,0,-1.0
821,4,GLU211,-1.0,0.0,0,-1.0
821,5,ASP447,-1.0,0.0,0,-1.0
821,6,LYS136,1.0,0.0,0,1.0
821,7,ARG405,1.0,0.0,0,1.0
821,8,LYS456,1.0,0.0,0,1.0
821,9,ASP367,-1.0,0.0,0,-1.0
821,10,ASP423,-1.0,0.0,0,-1.0
822,1,ASP423,-1.0,0.0,0,-1.0
822,2,GLU462,0.0,-1.0,0,0.0
822,3,HIS6,1.0,0.0,1,0.0
822,4,ASP343,-1.0,0.0,0,-1.0
822,5,ASP447,-1.0,0.0,0,-1.0
822,6,ASP343,-1.0,0.0,0,-1.0
822,7,LYS268,1.0,0.0,0,1.0
822,8,ASP343,-1.0,0.0,0,-1.0
822,9,GLU411,-1.0,0.0,0,-1.0
822,10,ASP281,-1.0,0.0,0,-1.0
823,1,LYS308,1.0,0.0,0,1.0
823,2,GLU22,-1.0,0.0,0,-1.0
823,3,ASP161,-1.0,0.0,0,-1.0
823,4,ASP463,-1.0,0.0,0,-1.0
823,5,GLU243,-1.0,0.0,0,-1.0
823,6,ASP81,-1.0,0.0,0,-1.0
823,7,HIS206,1.0,0.0,1,0.0
823,8,ASP407,-1.0,0.0,0,-1.0
823,9,ARG245,1.0,0.0,0,1.0
823,10,GLU371,-1.0,0.0,0,-1.0
824,1,ASP63,-1.0,0.0,0,-1.0
824,2,HIS13,0.0,1.0,1,1.0
824,3,ASP223,-1.0,0.0,0,-1.0
824,4,TYR90,0.0,-1.0,0,0.0
824,5,TYR130,0.0,-1.0,0,0.0
824,6,GLU51,-1.0,0.0,0,-1.0
824,7,GLU262,-1.0,0.0,0,-1.0
824,8,HIS246,1.0,0.0,1,0.0
824,9,GLU422,-1.0,0.0,0,-1.0
824,10,ASP263,-1.0,0.0,0,-1.0
825,1,HIS366,1.0,0.0,1,0.0
825,2,ASP207,-1.0,0.0,0,-1.0
825,3,HIS334,0.0,1.0,1,1.0
825,4,GLU262,-1.0,0.0,0,-1.0
825,5,ASP1,-1.0,0.0,0,-1.0
825,6,HIS334,1.0,0.0,1,0.0
825,7,ASP441,-1.0,0.0,0,-1.0
825,8,ASP367,-1.0,0.0,0,-1.0
825,9,ARG125,1.0,0.0,0,1.0
825,10,LYS416,1.0,0.0,0,1.0
826,1,HIS453,0.0,1.0,0,0.0
826,2,HIS173,1.0,0.0,1,0.0
826,3,ARG445,1.0,0.0,0,1.0
826,4,LYS216,1.0,0.0,0,1.0
826,5,GLU142,-1.0,0.0,0,-1.0
826,6,GLU182,-1.0,0.0,0,-1.0
826,7,ASP127,-1.0,0.0,0,-1.0
826,8,HIS126,0.0,1.0,1,1.0
826,9,HIS254,1.0,0.0,1,0.0
826,10,GLU323,-1.0,0.0,0,-1.0
827,1,HIS126,1.0,0.0,1,0.0
827,2,ASP1,-1.0,0.0,0,-1.0
827,3,LYS336,1.0,0.0,0,1.0
827,4,HIS93,0.0,1.0,0,0.0
827,5,GLU83,-1.0,0.0,0,-1.0
827,6,ASP401,-1.0,0.0,0,-1.0
827,7,ASP127,-1.0,0.0,0,-1.0
827,8,GLU331,-1.0,0.0,0,-1.0
827,9,ASP161,-1.0,0.0,0,-1.0
827,10,TYR90,0.0,-1.0,0,0.0
828,1,ASP127,-1.0,0.0,0,-1.0
828,2,GLU22,-1.0,0.0,0,-1.0
828,3,TYR210,0.0,-1.0,0,0.0
828,4,GLU363,-1.0,0.0,0,-1.0
828,5,ASP161,-1.0,0.0,0,-1.0
828,6,HIS173,0.0,1.0,1,1.0
828,7,ARG405,1.0,0.0,0,1.0
828,8,HIS454,0.0,1.0,0,0.0
828,9,TYR450,0.0,-1.0,0,0.0
828,10,GLU62,-1.0,0.0,0,-1.0
829,1,HIS173,1.0,0.0,1,0.0
829,2,TYR330,0.0,-1.0,0,0.0
829,3,TYR210,0.0,-1.0,0,0.0
829,4,LYS56,1.0,0.0,0,1.0
829,5,HIS14,0.0,1.0,0,0.0
829,6,GLU422,-1.0,0.0,1,0.0
829,7,GLU43,-1.0,0.0,0,-1.0
829,8,LYS296,1.0,0.0,0,1.0
829,9,HIS406,1.0,0.0,1,0.0
829,10,GLU182,-1.0,0.0,0,-1.0
830,1,GLU62,-1.0,0.0,0,-1.0
830,2,ASP287,-1.0,0.0,0,-1.0
830,3,LYS96,1.0,0.0,0,1.0
830,4,LYS456,1.0,0.0,0,1.0
830,5,GLU342,-1.0,0.0,0,-1.0
830,6,ASP241,-1.0,0.0,0,-1.0
830,7,HIS334,0.0,1.0,1,1.0
830,8,HIS13,1.0,0.0,1,0.0
830,9,HIS14,0.0,1.0,0,0.0
830,10,LYS216,1.0,0.0,0,1.0
831,1,ASP367,-1.0,0.0,0,-1.0
831,2,HIS294,0.0,1.0,0,0.0
831,3,HIS333,0.0,1.0,0,0.0
831,4,ARG245,1.0,0.0,0,1.0
831,5,TYR10,0.0,-1.0,0,0.0
831,6,ASP207,-1.0,0.0,0,-1.0
831,7,ASP81,-1.0,0.0,0,-1.0
831,8,LYS56,1.0,0.0,0,1.0
831,9,LYS68,1.0,0.0,0,1.0
831,10,LYS96,1.0,0.0,0,1.0
832,1,ASP303,-1.0,0.0,0,-1.0
832,2,ASP287,-1.0,0.0,0,-1.0
832,3,HIS334,1.0,0.0,0,1.0
832,4,HIS6,0.0,1.0,1,1.0
832,5,LYS468,1.0,0.0,0,1.0
832,6,GLU62,-1.0,0.0,0,-1.0
832,7,ASP423,-1.0,0.0,0,-1.0
832,8,ASP183,-1.0,0.0,0,-1.0
832,9,HIS366,0.0,1.0,1,1.0
832,10,TYR90,0.0,-1.0,0,0.0
833,1,ASP167,-1.0,0.0,0,-1.0
833,2,GLU422,0.0,-1.0,1,-1.0
833,3,LYS416,1.0,0.0,0,1.0
833,4,HIS13,0.0,1.0,1,1.0
833,5,ASP343,-1.0,0.0,0,-1.0
833,6,ASP167,-1.0,0.0,0,-1.0
833,7,ASP327,-1.0,0.0,0,-1.0
833,8,TYR130,0.0,-1.0,0,0.0
833,9,GLU462,0.0,-1.0,1,-1.0
833,10,GLU251,-1.0,0.0,0,-1.0
834,1,GLU222,-1.0,0.0,0,-1.0
834,2,GLU22,-1.0,0.0,0,-1.0
834,3,HIS134,1.0,0.0,1,0.0
834,4,GLU22,-1.0,0.0,0,-1.0
834,5,ASP343,-1.0,0.0,0,-1.0
834,6,GLU443,-1.0,0.0,0,-1.0
834,7,LYS96,1.0,0.0,0,1.0
834,8,HIS413,0.0,1.0,1,1.0
834,9,GLU243,-1.0,0.0,0,-1.0
834,10,ASP41,-1.0,0.0,0,-1.0
835,1,HIS174,0.0,1.0,0,0.0
835,2,LYS188,1.0,0.0,0,1.0
835,3,GLU182,-1.0,0.0,0,-1.0
835,4,HIS86,1.0,0.0,1,0.0
835,5,TYR370,0.0,-1.0,0,0.0
835,6,HIS366,1.0,0.0,1,0.0
835,7,HIS134,0.0,1.0,1,1.0
835,8,LYS268,1.0,0.0,0,1.0
835,9,ASP103,-1.0,0.0,0,-1.0
835,10,LYS136,1.0,0.0,0,1.0
836,1,GLU243,-1.0,0.0,0,-1.0
836,2,GLU302,-1.0,0.0,0,-1.0
836,3,ASP303,-1.0,0.0,0,-1.0
836,4,GLU211,-1.0,0.0,0,-1.0
836,5,GLU102,-1.0,0.0,0,-1.0
836,6,TYR90,0.0,-1.0,0,0.0
836,7,ASP241,-1.0,0.0,0,-1.0
836,8,ASP281,-1.0,0.0,0,-1.0
836,9,GLU443,-1.0,0.0,0,-1.0
836,10,HIS6,1.0,0.0,1,0.0
837,1,GLU22,-1.0,0.0,0,-1.0
837,2,HIS294,0.0,1.0,0,0.0
837,3,GLU62,-1.0,0.0,0,-1.0
837,4,ASP207,-1.0,0.0,0,-1.0
837,5,HIS286,0.0,1.0,1,1.0
837,6,HIS94,1.0,0.0,1,0.0
837,7,ASP327,-1.0,0.0,0,-1.0
837,8,ASP423,-1.0,0.0,0,-1.0
837,9,ARG325,1.0,0.0,0,1.0
837,10,LYS136,1.0,0.0,0,1.0
838,1,ARG5,1.0,0.0,0,1.0
838,2,TYR330,0.0,-1.0,0,0.0
838,3,HIS373,0.0,1.0,0,0.0
838,4,ASP207,-1.0,0.0,0,-1.0
838,5,ASP343,-1.0,0.0,0,-1.0
838,6,LYS256,1.0,0.0,0,1.0
838,7,GLU123,-1.0,0.0,0,-1.0
838,8,ASP423,-1.0,0.0,0,-1.0
838,9,TYR50,0.0,-1.0,0,0.0
838,10,HIS133,0.0,1.0,1,1.0
839,1,ASP87,-1.0,0.0,0,-1.0
839,2,ASP303,-1.0,0.0,0,-1.0
839,3,TYR130,0.0,-1.0,0,0.0
839,4,ASP121,-1.0,0.0,0,-1.0
839,5,ASP321,-1.0,0.0,0,-1.0
839,6,HIS174,0.0,1.0,0,0.0
839,7,GLU302,-1.0,0.0,0,-1.0
839,8,GLU3,-1.0,0.0,0,-1.0
839,9,LYS308,1.0,0.0,0,1.0
839,10,TYR210,0.0,-1.0,0,0.0
840,1,GLU131,-1.0,0.0,0,-1.0
840,2,HIS414,1.0,0.0,1,0.0
840,3,LYS28,1.0,0.0,0,1.0
840,4,ASP327,-1.0,0.0,0,-1.0
840,5,LYS148,1.0,0.0,0,1.0
840,6,LYS28,1.0,0.0,0,1.0
840,7,LYS96,1.0,0.0,0,1.0
840,8,GLU291,-1.0,0.0,0,-1.0
840,9,ASP441,-1.0,0.0,0,-1.0
840,10,ARG125,1.0,0.0,0,1.0
841,1,GLU283,-1.0,0.0,0,-1.0
841,2,GLU3,-1.0,0.0,0,-1.0
841,3,HIS86,0.0,1.0,0,0.0
841,4,HIS254,0.0,1.0,1,1.0
841,5,ASP447,-1.0,0.0,0,-1.0
841,6,TYR210,0.0,-1.0,0,0.0
841,7,TYR250,0.0,-1.0,0,0.0
841,8,GLU371,-1.0,0.0,0,-1.0
841,9,GLU43,-1.0,0.0,0,-1.0
841,10,HIS53,1.0,0.0,1,0.0
842,1,GLU3,-1.0,0.0,0,-1.0
842,2,ASP263,-1.0,0.0,0,-1.0
842,3,HIS94,0.0,1.0,0,0.0
842,4,GLU323,-1.0,0.0,0,-1.0
842,5,TYR250,0.0,-1.0,0,0.0
842,6,ASP367,-1.0,0.0,0,-1.0
842,7,HIS13,1.0,0.0,1,0.0
842,8,GLU422,-1.0,0.0,0,-1.0
842,9,LYS468,1.0,0.0,0,1.0
842,10,HIS326,1.0,0.0,1,0.0
843,1,LYS256,1.0,0.0,0,1.0
843,2,HIS333,0.0,1.0,1,1.0
843,3,ASP201,-1.0,0.0,0,-1.0
843,4,TYR10,0.0,-1.0,0,0.0
843,5,GLU211,-1.0,0.0,0,-1.0
843,6,HIS414,0.0,1.0,1,1.0
843,7,ASP41,-1.0,0.0,0,-1.0
843,8,ASP463,-1.0,0.0,0,-1.0
843,9,HIS94,0.0,1.0,0,0.0
843,10,GLU403,-1.0,0.0,0,-1.0
844,1,HIS374,0.0,1.0,1,1.0
844,2,GLU131,-1.0,0.0,0,-1.0
844,3,ASP407,-1.0,0.0,0,-1.0
844,4,ASP7,-1.0,0.0,0,-1.0
844,5,HIS373,0.0,1.0,0,0.0
844,6,TYR330,0.0,-1.0,0,0.0
844,7,HIS173,0.0,1.0,0,0.0
844,8,HIS173,0.0,1.0,0,0.0
844,9,GLU363,-1.0,0.0,0,-1.0
844,10,ASP223,-1.0,0.0,0,-1.0
845,1,LYS468,1.0,0.0,0,1.0
845,2,HIS413,1.0,0.0,1,0.0
845,3,HIS446,0.0,1.0,1,1.0
845,4,ASP63,-1.0,0.0,0,-1.0
845,5,TYR170,0.0,-1.0,0,0.0
845,6,GLU331,-1.0,0.0,0,-1.0
845,7,ARG445,1.0,0.0,0,1.0
845,8,GLU331,-1.0,0.0,0,-1.0
845,9,TYR450,0.0,-1.0,0,0.0
845,10,GLU262,-1.0,0.0,0,-1.0
846,1,GLU291,-1.0,0.0,0,-1.0
846,2,ASP63,-1.0,0.0,0,-1.0
846,3,HIS174,0.0,1.0,0,0.0
846,4,HIS333,1.0,0.0,1,0.0
846,5,ASP343,-1.0,0.0,0,-1.0
846,6,HIS166,1.0,0.0,1,0.0
846,7,TYR330,0.0,-1.0,0,0.0
846,8,HIS53,0.0,1.0,1,1.0
846,9,LYS256,1.0,0.0,0,1.0
846,10,GLU403,-1.0,0.0,0,-1.0
847,1,ARG125,1.0,0.0,0,1.0
847,2,TYR290,0.0,-1.0,0,0.0
847,3,ARG285,1.0,0.0,0,1.0
847,4,ARG165,1.0,0.0,0,1.0
847,5,HIS213,1.0,0.0,1,0.0
847,6,LYS428,1.0,0.0,0,1.0
847,7,HIS54,0.0,1.0,0,0.0
847,8,TYR370,0.0,-1.0,0,0.0
847,9,GLU323,-1.0,0.0,0,-1.0
847,10,HIS254,1.0,0.0,1,0.0
848,1,GLU43,-1.0,0.0,0,-1.0
848,2,ASP281,-1.0,0.0,0,-1.0
848,3,ASP23,-1.0,0.0,0,-1.0
848,4,HIS166,0.0,1.0,0,0.0
848,5,ASP167,-1.0,0.0,0,-1.0
848,6,ASP143,-1.0,0.0,0,-1.0
848,7,ASP327,-1.0,0.0,0,-1.0
848,8,LYS428,1.0,0.0,0,1.0
848,9,ASP81,-1.0,0.0,0,-1.0
848,10,HIS453,0.0,1.0,0,0.0
849,1,HIS126,0.0,1.0,0,0.0
849,2,HIS293,1.0,0.0,1,0.0
849,3,GLU222,-1.0,0.0,0,-1.0
849,4,GLU211,-1.0,0.0,0,-1.0
849,5,ASP287,-1.0,0.0,0,-1.0
849,6,ASP361,-1.0,0.0,0,-1.0
849,7,HIS54,0.0,1.0,0,0.0
849,8,ASP281,-1.0,0.0,0,-1.0
849,9,GLU123,-1.0,0.0,0,-1.0
849,10,ARG245,1.0,0.0,0,1.0
850,1,HIS173,0.0,1.0,1,1.0
850,2,HIS134,1.0,0.0,1,0.0
850,3,ASP367,-1.0,0.0,0,-1.0
850,4,ASP367,-1.0,0.0,0,-1.0
850,5,ASP287,-1.0,0.0,0,-1.0
850,6,ASP367,-1.0,0.0,0,-1.0
850,7,GLU403,-1.0,0.0,0,-1.0
850,8,GLU3,-1.0,0.0,0,-1.0
850,9,LYS56,1.0,0.0,0,1.0
850,10,GLU211,-1.0,0.0,0,-1.0
851,1,GLU302,-1.0,0.0,0,-1.0
851,2,GLU403,-1.0,0.0,0,-1.0
851,3,GLU182,-1.0,0.0,0,-1.0
851,4,GLU123,-1.0,0.0,0,-1.0
851,5,ASP383,-1.0,0.0,0,-1.0
851,6,ASP401,-1.0,0.0,0,-1.0
851,7,LYS68,1.0,0.0,0,1.0
851,8,HIS213,0.0,1.0,1,1.0
851,9,ARG205,1.0,0.0,0,1.0
851,10,LYS148,1.0,0.0,0,1.0
852,1,GLU182,-1.0,0.0,0,-1.0
852,2,LYS148,1.0,0.0,0,1.0
852,3,HIS214,0.0,1.0,0,0.0
852,4,HIS446,1.0,0.0,1,0.0
852,5,ASP47,-1.0,0.0,0,-1.0
852,6,GLU462,-1.0,0.0,1,0.0
852,7,TYR50,0.0,-1.0,0,0.0
852,8,LYS348,1.0,0.0,0,1.0
852,9,TYR450,0.0,-1.0,0,0.0
852,10,HIS94,0.0,1.0,1,1.0
853,1,ASP223,-1.0,0.0,0,-1.0
853,2,HIS13,0.0,1.0,1,1.0
853,3,LYS296,1.0,0.0,0,1.0
853,4,LYS56,1.0,0.0,0,1.0
853,5,ARG445,1.0,0.0,0,1.0
853,6,HIS126,0.0,1.0,0,0.0
853,7,HIS13,1.0,0.0,1,0.0
853,8,GLU43,-1.0,0.0,0,-1.0
853,9,GLU323,-1.0,0.0,0,-1.0
853,10,LYS136,1.0,0.0,0,1.0
854,1,GLU142,-1.0,0.0,0,-1.0
854,2,ASP23,-1.0,0.0,0,-1.0
854,3,ASP207,-1.0,0.0,0,-1.0
854,4,HIS206,0.0,1.0,1,1.0
854,5,HIS293,0.0,1.0,1,1.0
854,6,ASP23,-1.0,0.0,0,-1.0
854,7,ASP183,-1.0,0.0,0,-1.0
854,8,HIS446,0.0,1.0,1,1.0
854,9,GLU123,-1.0,0.0,0,-1.0
854,10,GLU22,-1.0,0.0,0,-1.0
855,1,HIS254,0.0,1.0,0,0.0
855,2,LYS308,1.0,0.0,0,1.0
855,3,ARG205,1.0,0.0,0,1.0
855,4,GLU283,-1.0,0.0,0,-1.0
855,5,HIS246,0.0,1.0,1,1.0
855,6,HIS254,0.0,1.0,0,0.0
855,7,GLU403,-1.0,0.0,0,-1.0
855,8,ASP447,-1.0,0.0,0,-1.0
855,9,ASP441,-1.0,0.0,0,-1.0
855,10,TYR410,0.0,-1.0,0,0.0
856,1,TYR410,0.0,-1.0,0,0.0
856,2,GLU422,-1.0,0.0,0,-1.0
856,3,TYR170,0.0,-1.0,0,0.0
856,4,LYS388,1.0,0.0,0,1.0
856,5,HIS333,0.0,1.0,1,1.0
856,6,TYR90,0.0,-1.0,0,0.0
856,7,ASP63,-1.0,0.0,0,-1.0
856,8,ASP207,-1.0,0.0,0,-1.0
856,9,HIS214,0.0,1.0,0,0.0
856,10,TYR450,0.0,-1.0,0,0.0
857,1,GLU203,-1.0,0.0,0,-1.0
857,2,HIS294,0.0,1.0,0,0.0
857,3,ASP1,-1.0,0.0,0,-1.0
857,4,ASP207,-1.0,0.0,0,-1.0
857,5,HIS206,1.0,0.0,1,0.0
857,6,GLU163,-1.0,0.0,0,-1.0
857,7,GLU462,0.0,-1.0,0,0.0
857,8,LYS16,1.0,0.0,0,1.0
857,9,GLU262,-1.0,0.0,0,-1.0
857,10,GLU182,-1.0,0.0,0,-1.0
858,1,ASP103,-1.0,0.0,0,-1.0
858,2,LYS428,1.0,0.0,0,1.0
858,3,ASP103,-1.0,0.0,0,-1.0
858,4,HIS334,1.0,0.0,1,0.0
858,5,ASP343,-1.0,0.0,0,-1.0
858,6,TYR50,0.0,-1.0,0,0.0
858,7,HIS93,0.0,1.0,0,0.0
858,8,LYS468,1.0,0.0,0,1.0
858,9,ARG125,1.0,0.0,0,1.0
858,10,LYS56,1.0,0.0,0,1.0
859,1,ASP447,-1.0,0.0,0,-1.0
859,2,ARG405,1.0,0.0,0,1.0
859,3,GLU222,-1.0,0.0,0,-1.0
859,4,ASP247,-1.0,0.0,0,-1.0
859,5,LYS308,1.0,0.0,0,1.0
859,6,GLU331,-1.0,0.0,0,-1.0
859,7,GLU102,-1.0,0.0,0,-1.0
859,8,GLU243,-1.0,0.0,0,-1.0
859,9,GLU422,-1.0,0.0,0,-1.0
859,10,ASP361,-1.0,0.0,0,-1.0
860,1,LYS376,1.0,0.0,0,1.0
860,2,HIS454,0.0,1.0,1,1.0
860,3,ASP327,-1.0,0.0,0,-1.0
860,4,ASP441,-1.0,0.0,0,-1.0
860,5,GLU123,-1.0,0.0,0,-1.0
860,6,GLU43,-1.0,0.0,0,-1.0
860,7,HIS93,0.0,1.0,1,1.0
860,8,HIS214,0.0,1.0,0,0.0
860,9,GLU83,-1.0,0.0,0,-1.0
860,10,ASP241,-1.0,0.0,0,-1.0
861,1,TYR290,0.0,-1.0,0,0.0
861,2,GLU3,-1.0,0.0,0,-1.0
861,3,ASP463,-1.0,0.0,0,-1.0
861,4,LYS416,1.0,0.0,0,1.0
861,5,LYS416,1.0,0.0,0,1.0
861,6,ARG165,1.0,0.0,0,1.0
861,7,TYR170,0.0,-1.0,0,0.0
861,8,ASP167,-1.0,0.0,0,-1.0
861,9,GLU51,-1.0,0.0,0,-1.0
861,10,LYS296,1.0,0.0,0,1.0
862,1,ASP367,-1.0,0.0,0,-1.0
862,2,LYS56,1.0,0.0,0,1.0
862,3,ASP367,-1.0,0.0,0,-1.0
862,4,HIS206,0.0,1.0,1,1.0
862,5,HIS454,1.0,0.0,1,0.0
862,6,HIS413,0.0,1.0,0,0.0
862,7,HIS406,0.0,1.0,0,0.0
862,8,GLU422,-1.0,0.0,0,-1.0
862,9,LYS428,1.0,0.0,0,1.0
862,10,ASP81,-1.0,0.0,0,-1.0
863,1,LYS268,1.0,0.0,0,1.0
863,2,ASP263,-1.0,0.0,0,-1.0
863,3,HIS253,1.0,0.0,1,0.0
863,4,HIS134,0.0,1.0,0,0.0
863,5,GLU142,-1.0,0.0,0,-1.0
863,6,GLU171,-1.0,0.0,0,-1.0
863,7,LYS256,1.0,0.0,0,1.0
863,8,ASP321,-1.0,0.0,0,-1.0
863,9,ASP447,-1.0,0.0,0,-1.0
863,10,HIS406,0.0,1.0,0,0.0
864,1,ASP121,-1.0,0.0,0,-1.0
864,2,ARG205,1.0,0.0,0,1.0
864,3,GLU243,-1.0,0.0,0,-1.0
864,4,HIS54,0.0,1.0,1,1.0
864,5,TYR130,0.0,-1.0,0,0.0
864,6,ASP423,-1.0,0.0,0,-1.0
864,7,HIS454,0.0,1.0,0,0.0
864,8,LYS96,1.0,0.0,0,1.0
864,9,HIS326,0.0,1.0,1,1.0
864,10,GLU371,-1.0,0.0,0,-1.0
865,1,GLU302,-1.0,0.0,0,-1.0
865,2,GLU83,-1.0,0.0,0,-1.0
865,3,ARG445,1.0,0.0,0,1.0
865,4,ASP463,-1.0,0.0,0,-1.0
865,5,GLU331,-1.0,0.0,0,-1.0
865,6,GLU91,-1.0,0.0,0,-1.0
865,7,LYS348,1.0,0.0,0,1.0
865,8,ASP23,-1.0,0.0,0,-1.0
865,9,ASP127,-1.0,0.0,0,-1.0
865,10,ASP361,-1.0,0.0,0,-1.0
866,1,ASP441,-1.0,0.0,0,-1.0
866,2,HIS166,0.0,1.0,1,1.0
866,3,ASP167,-1.0,0.0,0,-1.0
866,4,HIS13,0.0,1.0,1,1.0
866,5,GLU243,-1.0,0.0,0,-1.0
866,6,LYS228,1.0,0.0,0,1.0
866,7,LYS176,1.0,0.0,0,1.0
866,8,HIS174,0.0,1.0,0,0.0
866,9,HIS13,1.0,0.0,1,0.0
866,10,TYR410,0.0,-1.0,0,0.0
867,1,HIS166,1.0,0.0,1,0.0
867,2,HIS446,1.0,0.0,1,0.0
867,3,ASP1,-1.0,0.0,0,-1.0
867,4,HIS413,0.0,1.0,0,0.0
867,5,HIS294,0.0,1.0,0,0.0
867,6,GLU171,-1.0,0.0,0,-1.0
867,7,LYS56,1.0,0.0,0,1.0
867,8,GLU302,-1.0,0.0,0,-1.0
867,9,HIS253,0.0,1.0,0,0.0
867,10,ASP201,-1.0,0.0,0,-1.0
868,1,ARG245,1.0,0.0,0,1.0
868,2,HIS414,1.0,0.0,1,0.0
868,3,ARG5,1.0,0.0,0,1.0
868,4,GLU422,-1.0,0.0,0,-1.0
868,5,HIS333,1.0,0.0,1,0.0
868,6,TYR450,0.0,-1.0,0,0.0
868,7,HIS414,0.0,1.0,1,1.0
868,8,GLU342,-1.0,0.0,0,-1.0
868,9,GLU382,0.0,-1.0,1,-1.0
868,10,HIS94,1.0,0.0,1,0.0
869,1,TYR210,0.0,-1.0,0,0.0
869,2,ASP247,-1.0,0.0,0,-1.0
869,3,ASP127,-1.0,0.0,0,-1.0
869,4,ASP281,-1.0,0.0,0,-1.0
869,5,LYS268,1.0,0.0,0,1.0
869,6,HIS94,0.0,1.0,1,1.0
869,7,LYS376,1.0,0.0,0,1.0
869,8,ASP63,-1.0,0.0,0,-1.0
869,9,ASP281,-1.0,0.0,0,-1.0
869,10,GLU22,-1.0,0.0,0,-1.0
870,1,GLU182,-1.0,0.0,0,-1.0
870,2,GLU323,-1.0,0.0,0,-1.0
870,3,HIS166,0.0,1.0,0,0.0
870,4,TYR50,0.0,-1.0,0,0.0
870,5,GLU131,-1.0,0.0,0,-1.0
870,6,ASP183,-1.0,0.0,0,-1.0
870,7,ASP47,-1.0,0.0,0,-1.0
870,8,HIS333,0.0,1.0,1,1.0
870,9,HIS454,0.0,1.0,0,0.0
870,10,HIS254,0.0,1.0,0,0.0
871,1,GLU203,-1.0,0.0,0,-1.0
871,2,TYR50,0.0,-1.0,0,0.0
871,3,ASP167,-1.0,0.0,0,-1.0
871,4,ASP201,-1.0,0.0,0,-1.0
871,5,HIS406,0.0,1.0,1,1.0
871,6,LYS96,1.0,0.0,0,1.0
871,7,GLU131,-1.0,0.0,0,-1.0
871,8,GLU422,-1.0,0.0,0,-1.0
871,9,ASP327,-1.0,0.0,0,-1.0
871,10,GLU291,-1.0,0.0,0,-1.0
872,1,LYS296,1.0,0.0,0,1.0
872,2,GLU102,-1.0,0.0,0,-1.0
872,3,HIS413,0.0,1.0,0,0.0
872,4,ASP63,-1.0,0.0,0,-1.0
872,5,ASP183,-1.0,0.0,0,-1.0
872,6,ASP287,-1.0,0.0,0,-1.0
872,7,ARG5,1.0,0.0,0,1.0
872,8,ASP361,-1.0,0.0,0,-1.0
872,9,LYS256,1.0,0.0,0,1.0
872,10,GLU102,-1.0,0.0,0,-1.0
873,1,HIS254,0.0,1.0,0,0.0
873,2,TYR370,0.0,-1.0,0,0.0
873,3,HIS214,0.0,1.0,1,1.0
873,4,LYS456,1.0,0.0,0,1.0
873,5,ASP41,-1.0,0.0,0,-1.0
873,6,ASP23,-1.0,0.0,0,-1.0
873,7,ARG205,1.0,0.0,0,1.0
873,8,HIS294,0.0,1.0,0,0.0
873,9,ASP1,-1.0,0.0,0,-1.0
873,10,HIS174,0.0,1.0,0,0.0
874,1,GLU251,-1.0,0.0,0,-1.0
874,2,LYS336,1.0,0.0,0,1.0
874,3,ASP401,-1.0,0.0,0,-1.0
874,4,HIS46,1.0,0.0,1,0.0
874,5,TYR450,0.0,-1.0,0,0.0
874,6,GLU243,-1.0,0.0,0,-1.0
874,7,HIS93,1.0,0.0,1,0.0
874,8,GLU411,-1.0,0.0,0,-1.0
874,9,ASP201,-1.0,0.0,0,-1.0
874,10,GLU182,-1.0,0.0,0,-1.0
875,1,HIS54,1.0,0.0,1,0.0
875,2,HIS453,0.0,1.0,1,1.0
875,3,HIS286,1.0,0.0,1,0.0
875,4,ASP447,-1.0,0.0,0,-1.0
875,5,GLU251,-1.0,0.0,0,-1.0
875,6,ASP407,-1.0,0.0,0,-1.0
875,7,GLU422,-1.0,0.0,0,-1.0
875,8,ASP103,-1.0,0.0,0,-1.0
875,9,HIS126,0.0,1.0,1,1.0
875,10,TYR170,0.0,-1.0,0,0.0
876,1,ASP241,-1.0,0.0,0,-1.0
876,2,HIS214,1.0,0.0,1,0.0
876,3,ASP327,-1.0,0.0,0,-1.0
876,4,HIS333,1.0,0.0,1,0.0
876,5,TYR450,0.0,-1.0,0,0.0
876,6,HIS254,0.0,1.0,0,0.0
876,7,HIS93,0.0,1.0,0,0.0
876,8,LYS336,1.0,0.0,0,1.0
876,9,ASP183,-1.0,0.0,0,-1.0
876,10,HIS174,0.0,1.0,0,0.0
877,1,ASP281,-1.0,0.0,0,-1.0
877,2,GLU283,-1.0,0.0,0,-1.0
877,3,ARG365,1.0,0.0,0,1.0
877,4,LYS388,1.0,0.0,0,1.0
877,5,ARG45,1.0,0.0,0,1.0
877,6,HIS174,0.0,1.0,0,0.0
877,7,HIS286,0.0,1.0,1,1.0
877,8,ASP263,-1.0,0.0,0,-1.0
877,9,ASP241,-1.0,0.0,0,-1.0
877,10,HIS414,1.0,0.0,1,0.0
878,1,ARG45,1.0,0.0,0,1.0
878,2,HIS53,1.0,0.0,1,0.0
878,3,GLU331,-1.0,0.0,1,0.0
878,4,ASP103,-1.0,0.0,0,-1.0
878,5,ASP441,-1.0,0.0,0,-1.0
878,6,ASP367,-1.0,0.0,0,-1.0
878,7,HIS214,0.0,1.0,0,0.0
878,8,ASP287,-1.0,0.0,0,-1.0
878,9,HIS374,1.0,0.0,1,0.0
878,10,GLU211,-1.0,0.0,0,-1.0
879,1,GLU462,0.0,-1.0,1,-1.0
879,2,GLU211,-1.0,0.0,0,-1.0
879,3,TYR10,0.0,-1.0,0,0.0
879,4,HIS13,0.0,1.0,0,0.0
879,5,HIS133,1.0,0.0,1,0.0
879,6,ASP321,-1.0,0.0,0,-1.0
879,7,ASP183,-1.0,0.0,0,-1.0
879,8,HIS406,1.0,0.0,1,0.0
879,9,LYS96,1.0,0.0,0,1.0
879,10,ASP1,-1.0,0.0,0,-1.0
880,1,HIS214,0.0,1.0,1,1.0
880,2,GLU363,-1.0,0.0,0,-1.0
880,3,LYS108,1.0,0.0,0,1.0
880,4,HIS54,0.0,1.0,1,1.0
880,5,HIS214,1.0,0.0,1,0.0
880,6,ASP143,-1.0,0.0,0,-1.0
880,7,TYR370,0.0,-1.0,0,0.0
880,8,GLU262,-1.0,0.0,0,-1.0
880,9,ASP127,-1.0,0.0,0,-1.0
880,10,ASP103,-1.0,0.0,0,-1.0
881,1,HIS174,0.0,1.0,1,1.0
881,2,HIS214,0.0,1.0,1,1.0
881,3,ASP63,-1.0,0.0,0,-1.0
881,4,LYS108,1.0,0.0,0,1.0
881,5,HIS126,1.0,0.0,1,0.0
881,6,TYR410,0.0,-1.0,0,0.0
881,7,HIS446,0.0,1.0,1,1.0
881,8,HIS406,0.0,1.0,1,1.0
881,9,HIS326,1.0,0.0,1,0.0
881,10,ARG445,1.0,0.0,0,1.0
882,1,HIS166,0.0,1.0,0,0.0
882,2,GLU291,-1.0,0.0,0,-1.0
882,3,GLU163,-1.0,0.0,0,-1.0
882,4,GLU422,-1.0,0.0,0,-1.0
882,5,TYR290,0.0,-1.0,0,0.0
882,6,ASP143,-1.0,0.0,0,-1.0
882,7,GLU142,-1.0,0.0,0,-1.0
882,8,HIS293,1.0,0.0,1,0.0
882,9,GLU91,-1.0,0.0,0,-1.0
882,10,LYS176,1.0,0.0,0,1.0
883,1,HIS453,1.0,0.0,1,0.0
883,2,ARG285,1.0,0.0,0,1.0
883,3,HIS326,0.0,1.0,1,1.0
883,4,HIS254,0.0,1.0,1,1.0
883,5,HIS454,0.0,1.0,0,0.0
883,6,ASP223,-1.0,0.0,0,-1.0
883,7,TYR290,0.0,-1.0,0,0.0
883,8,GLU11,-1.0,0.0,0,-1.0
883,9,HIS166,0.0,1.0,0,0.0
883,10,GLU222,-1.0,0.0,0,-1.0
884,1,GLU142,-1.0,0.0,0,-1.0
884,2,ASP321,-1.0,0.0,0,-1.0
884,3,HIS294,0.0,1.0,0,0.0
884,4,GLU403,-1.0,0.0,0,-1.0
884,5,GLU51,-1.0,0.0,0,-1.0
884,6,LYS456,1.0,0.0,0,1.0
884,7,ARG165,1.0,0.0,0,1.0
884,8,LYS468,1.0,0.0,0,1.0
884,9,ARG165,1.0,0.0,0,1.0
884,10,LYS336,1.0,0.0,0,1.0
885,1,LYS376,1.0,0.0,0,1.0
885,2,TYR170,0.0,-1.0,0,0.0
885,3,GLU451,-1.0,0.0,0,-1.0
885,4,ASP281,-1.0,0.0,0,-1.0
885,5,TYR370,0.0,-1.0,0,0.0
885,6,ASP23,-1.0,0.0,0,-1.0
885,7,ARG45,1.0,0.0,0,1.0
885,8,ASP343,-1.0,0.0,0,-1.0
885,9,ASP303,-1.0,0.0,0,-1.0
885,10,ARG325,1.0,0.0,0,1.0
886,1,GLU262,-1.0,0.0,0,-1.0
886,2,HIS254,1.0,0.0,1,0.0
886,3,GLU462,-1.0,0.0,0,-1.0
886,4,LYS188,1.0,0.0,0,1.0
886,5,TYR370,0.0,-1.0,0,0.0
886,6,ASP367,-1.0,0.0,0,-1.0
886,7,HIS366,0.0,1.0,1,1.0
886,8,LYS296,1.0,0.0,0,1.0
886,9,ASP401,-1.0,0.0,0,-1.0
886,10,GLU363,-1.0,0.0,0,-1.0
887,1,HIS454,0.0,1.0,0,0.0
887,2,TYR90,0.0,-1.0,0,0.0
887,3,GLU451,-1.0,0.0,0,-1.0
887,4,LYS336,1.0,0.0,0,1.0
887,5,HIS326,1.0,0.0,1,0.0
887,6,LYS108,1.0,0.0,0,1.0
887,7,LYS456,1.0,0.0,0,1.0
887,8,HIS326,0.0,1.0,1,1.0
887,9,ASP287,-1.0,0.0,0,-1.0
887,10,HIS86,0.0,1.0,1,1.0
888,1,GLU62,-1.0,0.0,0,-1.0
888,2,ARG445,1.0,0.0,0,1.0
888,3,ASP87,-1.0,0.0,0,-1.0
888,4,ASP463,-1.0,0.0,0,-1.0
888,5,GLU411,-1.0,0.0,0,-1.0
888,6,TYR10,0.0,-1.0,0,0.0
888,7,HIS373,0.0,1.0,0,0.0
888,8,GLU211,-1.0,0.0,0,-1.0
888,9,LYS96,1.0,0.0,0,1.0
888,10,HIS333,0.0,1.0,1,1.0
889,1,LYS256,1.0,0.0,0,1.0
889,2,HIS166,0.0,1.0,1,1.0
889,3,HIS414,0.0,1.0,0,0.0
889,4,GLU62,-1.0,0.0,0,-1.0
889,5,ARG205,1.0,0.0,0,1.0
889,6,ARG125,1.0,0.0,0,1.0
889,7,GLU283,-1.0,0.0,0,-1.0
889,8,ASP47,-1.0,0.0,0,-1.0
889,9,ASP81,-1.0,0.0,0,-1.0
889,10,HIS213,1.0,0.0,1,0.0
890,1,ASP287,-1.0,0.0,0,-1.0
890,2,LYS228,1.0,0.0,0,1.0
890,3,ASP447,-1.0,0.0,0,-1.0
890,4,ARG405,1.0,0.0,0,1.0
890,5,HIS293,0.0,1.0,1,1.0
890,6,GLU251,-1.0,0.0,0,-1.0
890,7,ASP401,-1.0,0.0,0,-1.0
890,8,GLU222,-1.0,0.0,0,-1.0
890,9,GLU251,-1.0,0.0,0,-1.0
890,10,LYS388,1.0,0.0,0,1.0
891,1,GLU291,-1.0,0.0,0,-1.0
891,2,ASP401,-1.0,0.0,0,-1.0
891,3,ARG445,1.0,0.0,0,1.0
891,4,LYS136,1.0,0.0,0,1.0
891,5,GLU302,-1.0,0.0,0,-1.0
891,6,ARG445,1.0,0.0,0,1.0
891,7,GLU142,-1.0,0.0,0,-1.0
891,8,GLU342,-1.0,0.0,0,-1.0
891,9,GLU291,-1.0,0.0,0,-1.0
891,10,HIS133,0.0,1.0,0,0.0
892,1,ASP201,-1.0,0.0,0,-1.0
892,2,ARG45,1.0,0.0,0,1.0
892,3,GLU102,-1.0,0.0,0,-1.0
892,4,ASP121,-1.0,0.0,0,-1.0
892,5,HIS374,0.0,1.0,1,1.0
892,6,ASP247,-1.0,0.0,0,-1.0
892,7,ASP401,-1.0,0.0,0,-1.0
892,8,ASP263,-1.0,0.0,0,-1.0
892,9,HIS413,0.0,1.0,1,1.0
892,10,ASP201,-1.0,0.0,0,-1.0
893,1,ASP287,-1.0,0.0,0,-1.0
893,2,GLU443,-1.0,0.0,0,-1.0
893,3,GLU171,-1.0,0.0,0,-1.0
893,4,ASP127,-1.0,0.0,0,-1.0
893,5,GLU251,-1.0,0.0,0,-1.0
893,6,LYS348,1.0,0.0,0,1.0
893,7,TYR290,0.0,-1.0,0,0.0
893,8,ARG45,1.0,0.0,0,1.0
893,9,ARG405,1.0,0.0,0,1.0
893,10,ARG205,1.0,0.0,0,1.0
894,1,ARG45,1.0,0.0,0,1.0
894,2,HIS374,1.0,0.0,1,0.0
894,3,LYS468,1.0,0.0,0,1.0
894,4,ASP241,-1.0,0.0,0,-1.0
894,5,HIS373,0.0,1.0,1,1.0
894,6,ASP201,-1.0,0.0,0,-1.0
894,7,HIS54,1.0,0.0,1,0.0
894,8,ARG245,1.0,0.0,0,1.0
894,9,HIS406,1.0,0.0,1,0.0
894,10,LYS68,1.0,0.0,0,1.0
895,1,LYS136,1.0,0.0,0,1.0
895,2,HIS86,1.0,0.0,1,0.0
895,3,ARG285,1.0,0.0,0,1.0
895,4,ARG325,1.0,0.0,0,1.0
895,5,ARG125,1.0,0.0,0,1.0
895,6,ARG205,1.0,0.0,0,1.0
895,7,ASP343,-1.0,0.0,0,-1.0
895,8,GLU411,-1.0,0.0,0,-1.0
895,9,TYR290,0.0,-1.0,0,0.0
895,10,HIS46,0.0,1.0,1,1.0
896,1,LYS108,1.0,0.0,0,1.0
896,2,ARG125,1.0,0.0,0,1.0
896,3,GLU3,-1.0,0.0,0,-1.0
896,4,HIS134,0.0,1.0,0,0.0
896,5,ASP327,-1.0,0.0,0,-1.0
896,6,LYS456,1.0,0.0,0,1.0
896,7,ASP127,-1.0,0.0,0,-1.0
896,8,HIS54,0.0,1.0,1,1.0
896,9,GLU142,-1.0,0.0,0,-1.0
896,10,TYR170,0.0,-1.0,0,0.0
897,1,TYR250,0.0,-1.0,0,0.0
897,2,GLU51,-1.0,0.0,0,-1.0
897,3,HIS453,0.0,1.0,0,0.0
897,4,ASP127,-1.0,0.0,0,-1.0
897,5,LYS468,1.0,0.0,0,1.0
897,6,LYS308,1.0,0.0,0,1.0
897,7,HIS453,0.0,1.0,1,1.0
897,8,LYS136,1.0,0.0,0,1.0
897,9,GLU382,-1.0,0.0,0,-1.0
897,10,ASP407,-1.0,0.0,0,-1.0
898,1,ASP367,-1.0,0.0,0,-1.0
898,2,LYS148,1.0,0.0,0,1.0
898,3,ASP343,-1.0,0.0,0,-1.0
898,4,TYR10,0.0,-1.0,0,0.0
898,5,ASP1,-1.0,0.0,0,-1.0
898,6,GLU323,-1.0,0.0,0,-1.0
898,7,LYS96,1.0,0.0,0,1.0
898,8,LYS16,1.0,0.0,0,1.0
898,9,GLU331,0.0,-1.0,1,-1.0
898,10,LYS256,1.0,0.0,0,1.0
899,1,GLU83,-1.0,0.0,0,-1.0
899,2,GLU323,-1.0,0.0,0,-1.0
899,3,GLU363,-1.0,0.0,0,-1.0
899,4,HIS253,0.0,1.0,1,1.0
899,5,ASP167,-1.0,0.0,0,-1.0
899,6,ASP183,-1.0,0.0,0,-1.0
899,7,TYR250,0.0,-1.0,0,0.0
899,8,GLU83,-1.0,0.0,0,-1.0
899,9,LYS68,1.0,0.0,0,1.0
899,10,ARG165,1.0,0.0,0,1.0
900,1,LYS268,1.0,0.0,0,1.0
900,2,ASP127,-1.0,0.0,0,-1.0
900,3,TYR370,0.0,-1.0,0,0.0
900,4,HIS13,0.0,1.0,0,0.0
900,5,ARG85,1.0,0.0,0,1.0
900,6,ARG5,1.0,0.0,0,1.0
900,7,HIS94,1.0,0.0,1,0.0
900,8,ARG325,1.0,0.0,0,1.0
900,9,GLU403,-1.0,0.0,0,-1.0
900,10,LYS428,1.0,0.0,0,1.0
901,1,ASP167,-1.0,0.0,0,-1.0
901,2,HIS14,0.0,1.0,1,1.0
901,3,LYS256,1.0,0.0,0,1.0
901,4,ASP81,-1.0,0.0,0,-1.0
901,5,GLU411,-1.0,0.0,0,-1.0
901,6,GLU363,-1.0,0.0,0,-1.0
901,7,ASP287,-1.0,0.0,0,-1.0
901,8,LYS336,1.0,0.0,0,1.0
901,9,LYS228,1.0,0.0,0,1.0
901,10,HIS126,0.0,1.0,1,1.0
902,1,GLU451,-1.0,0.0,0,-1.0
902,2,HIS326,1.0,0.0,1,0.0
902,3,HIS13,0.0,1.0,0,0.0
902,4,ARG285,1.0,0.0,0,1.0
902,5,GLU171,-1.0,0.0,0,-1.0
902,6,LYS136,1.0,0.0,0,1.0
902,7,HIS373,1.0,0.0,1,0.0
902,8,HIS134,0.0,1.0,0,0.0
902,9,GLU342,-1.0,0.0,0,-1.0
902,10,TYR210,0.0,-1.0,0,0.0
903,1,HIS214,1.0,0.0,1,0.0
903,2,LYS176,1.0,0.0,0,1.0
903,3,TYR330,0.0,-1.0,0,0.0
903,4,ASP407,-1.0,0.0,0,-1.0
903,5,GLU211,-1.0,0.0,0,-1.0
903,6,GLU323,-1.0,0.0,0,-1.0
903,7,GLU371,-1.0,0.0,0,-1.0
903,8,LYS16,1.0,0.0,0,1.0
903,9,GLU222,-1.0,0.0,0,-1.0
903,10,LYS468,1.0,0.0,0,1.0
904,1,GLU342,-1.0,0.0,0,-1.0
904,2,HIS53,0.0,1.0,0,0.0
904,3,ASP287,-1.0,0.0,0,-1.0
904,4,LYS148,1.0,0.0,0,1.0
904,5,LYS468,1.0,0.0,0,1.0
904,6,GLU291,-1.0,0.0,0,-1.0
904,7,GLU371,-1.0,0.0,0,-1.0
904,8,HIS94,0.0,1.0,0,0.0
904,9,ARG125,1.0,0.0,0,1.0
904,10,GLU251,-1.0,0.0,0,-1.0
905,1,ARG125,1.0,0.0,0,1.0
905,2,GLU403,-1.0,0.0,0,-1.0
905,3,LYS256,1.0,0.0,0,1.0
905,4,ASP143,-1.0,0.0,0,-1.0
905,5,HIS294,0.0,1.0,0,0.0
905,6,LYS148,1.0,0.0,0,1.0
905,7,HIS133,0.0,1.0,0,0.0
905,8,GLU163,-1.0,0.0,0,-1.0
905,9,ASP407,-1.0,0.0,0,-1.0
905,10,HIS406,0.0,1.0,0,0.0
906,1,ASP343,-1.0,0.0,0,-1.0
906,2,HIS86,0.0,1.0,1,1.0
906,3,ASP207,-1.0,0.0,0,-1.0
906,4,ASP127,-1.0,0.0,0,-1.0
906,5,ASP423,-1.0,0.0,0,-1.0
906,6,LYS56,1.0,0.0,0,1.0
906,7,HIS134,0.0,1.0,1,1.0
906,8,GLU11,-1.0,0.0,0,-1.0
906,9,ASP103,-1.0,0.0,0,-1.0
906,10,ASP7,-1.0,0.0,0,-1.0
907,1,ARG365,1.0,0.0,0,1.0
907,2,GLU203,-1.0,0.0,0,-1.0
907,3,HIS373,0.0,1.0,1,1.0
907,4,HIS413,1.0,0.0,1,0.0
907,5,ASP41,-1.0,0.0,0,-1.0
907,6,LYS216,1.0,0.0,0,1.0
907,7,GLU403,-1.0,0.0,0,-1.0
907,8,HIS333,1.0,0.0,1,0.0
907,9,HIS334,0.0,1.0,1,1.0
907,10,ARG165,1.0,0.0,0,1.0
908,1,ASP23,-1.0,0.0,0,-1.0
908,2,LYS416,1.0,0.0,0,1.0
908,3,LYS28,1.0,0.0,0,1.0
908,4,LYS456,1.0,0.0,0,1.0
908,5,HIS446,1.0,0.0,0,1.0
908,6,ASP401,-1.0,0.0,0,-1.0
908,7,ARG205,1.0,0.0,0,1.0
908,8,TYR170,0.0,-1.0,0,0.0
908,9,ARG285,1.0,0.0,0,1.0
908,10,ASP223,-1.0,0.0,0,-1.0
909,1,HIS373,1.0,0.0,1,0.0
909,2,ASP401,-1.0,0.0,0,-1.0
909,3,GLU11,-1.0,0.0,0,-1.0
909,4,GLU331,-1.0,0.0,0,-1.0
909,5,ASP87,-1.0,0.0,0,-1.0
909,6,ASP423,-1.0,0.0,0,-1.0
909,7,HIS254,0.0,1.0,0,0.0
909,8,HIS133,0.0,1.0,0,0.0
909,9,HIS173,1.0,0.0,1,0.0
909,10,GLU251,-1.0,0.0,0,-1.0
910,1,HIS413,0.0,1.0,1,1.0
910,2,HIS13,0.0,1.0,1,1.0
910,3,HIS373,0.0,1.0,1,1.0
910,4,HIS93,0.0,1.0,0,0.0
910,5,LYS216,1.0,0.0,0,1.0
910,6,GLU411,-1.0,0.0,0,-1.0
910,7,LYS336,1.0,0.0,0,1.0
910,8,HIS54,1.0,0.0,1,0.0
910,9,LYS228,1.0,0.0,0,1.0
910,10,LYS308,1.0,0.0,0,1.0
911,1,ARG85,1.0,0.0,0,1.0
911,2,GLU62,-1.0,0.0,0,-1.0
911,3,HIS294,0.0,1.0,0,0.0
911,4,LYS376,1.0,0.0,0,1.0
911,5,HIS254,0.0,1.0,0,0.0
911,6,LYS336,1.0,0.0,0,1.0
911,7,ASP81,-1.0,0.0,0,-1.0
911,8,HIS14,1.0,0.0,1,0.0
911,9,ASP47,-1.0,0.0,0,-1.0
911,10,TYR10,0.0,-1.0,0,0.0
912,1,GLU203,-1.0,0.0,0,-1.0
912,2,GLU411,-1.0,0.0,0,-1.0
912,3,GLU462,-1.0,0.0,0,-1.0
912,4,ARG45,1.0,0.0,0,1.0
912,5,HIS446,1.0,0.0,1,0.0
912,6,GLU363,-1.0,0.0,0,-1.0
912,7,ASP223,-1.0,0.0,0,-1.0
912,8,ASP401,-1.0,0.0,0,-1.0
912,9,GLU211,-1.0,0.0,0,-1.0
912,10,ASP207,-1.0,0.0,0,-1.0
913,1,ARG165,1.0,0.0,0,1.0
913,2,HIS453,1.0,0.0,1,0.0
913,3,GLU331,-1.0,0.0,0,-1.0
913,4,HIS414,0.0,1.0,0,0.0
913,5,LYS228,1.0,0.0,0,1.0
913,6,ASP207,-1.0,0.0,0,-1.0
913,7,ASP247,-1.0,0.0,0,-1.0
913,8,GLU331,-1.0,0.0,0,-1.0
913,9,HIS446,0.0,1.0,1,1.0
913,10,HIS94,0.0,1.0,0,0.0
914,1,ARG245,1.0,0.0,0,1.0
914,2,GLU211,-1.0,0.0,0,-1.0
914,3,ASP361,-1.0,0.0,0,-1.0
914,4,ARG165,1.0,0.0,0,1.0
914,5,ARG325,1.0,0.0,0,1.0
914,6,LYS308,1.0,0.0,0,1.0
914,7,LYS348,1.0,0.0,0,1.0
914,8,GLU3,-1.0,0.0,0,-1.0
914,9,ARG365,1.0,0.0,0,1.0
914,10,LYS16,1.0,0.0,0,1.0
915,1,TYR370,0.0,-1.0,0,0.0
915,2,ASP41,-1.0,0.0,0,-1.0
915,3,GLU62,-1.0,0.0,0,-1.0
915,4,ASP103,-1.0,0.0,0,-1.0
915,5,LYS28,1.0,0.0,0,1.0
915,6,GLU222,-1.0,0.0,0,-1.0
915,7,HIS174,1.0,0.0,1,0.0
915,8,ASP407,-1.0,0.0,0,-1.0
915,9,HIS406,0.0,1.0,0,0.0
915,10,LYS256,1.0,0.0,0,1.0
916,1,ASP327,-1.0,0.0,0,-1.0
916,2,GLU22,-1.0,0.0,0,-1.0
916,3,HIS333,0.0,1.0,0,0.0
916,4,LYS428,1.0,0.0,0,1.0
916,5,GLU323,-1.0,0.0,0,-1.0
916,6,GLU182,-1.0,0.0,0,-1.0
916,7,TYR250,0.0,-1.0,0,0.0
916,8,HIS246,1.0,0.0,1,0.0
916,9,GLU411,-1.0,0.0,0,-1.0
916,10,GLU43,-1.0,0.0,0,-1.0
917,1,GLU3,-1.0,0.0,0,-1.0
917,2,HIS133,0.0,1.0,0,0.0
917,3,HIS134,1.0,0.0,1,0.0
917,4,HIS214,0.0,1.0,1,1.0
917,5,HIS294,0.0,1.0,0,0.0
917,6,LYS188,1.0,0.0,0,1.0
917,7,ASP7,-1.0,0.0,0,-1.0
917,8,ARG45,1.0,0.0,0,1.0
917,9,LYS428,1.0,0.0,0,1.0
917,10,HIS286,1.0,0.0,1,0.0
918,1,HIS374,0.0,1.0,1,1.0
918,2,HIS93,0.0,1.0,0,0.0
918,3,LYS256,1.0,0.0,0,1.0
918,4,ASP343,-1.0,0.0,0,-1.0
918,5,HIS173,0.0,1.0,0,0.0
918,6,ARG5,1.0,0.0,0,1.0
918,7,ASP201,-1.0,0.0,0,-1.0
918,8,GLU142,-1.0,0.0,0,-1.0
918,9,ASP23,-1.0,0.0,0,-1.0
918,10,GLU62,-1.0,0.0,0,-1.0
919,1,ASP343,-1.0,0.0,0,-1.0
919,2,LYS136,1.0,0.0,0,1.0
919,3,HIS246,0.0,1.0,1,1.0
919,4,GLU451,-1.0,0.0,0,-1.0
919,5,LYS416,1.0,0.0,0,1.0
919,6,GLU382,-1.0,0.0,0,-1.0
919,7,ASP143,-1.0,0.0,0,-1.0
919,8,ASP201,-1.0,0.0,0,-1.0
919,9,ARG325,1.0,0.0,0,1.0
919,10,LYS256,1.0,0.0,0,1.0
920,1,ASP167,-1.0,0.0,0,-1.0
920,2,ASP367,-1.0,0.0,0,-1.0
920,3,LYS68,1.0,0.0,0,1.0
920,4,HIS126,1.0,0.0,1,0.0
920,5,ASP247,-1.0,0.0,0,-1.0
920,6,ASP287,-1.0,0.0,0,-1.0
920,7,ASP281,-1.0,0.0,0,-1.0
920,8,HIS53,0.0,1.0,0,0.0
920,9,ASP241,-1.0,0.0,0,-1.0
920,10,TYR290,0.0,-1.0,0,0.0
921,1,LYS148,1.0,0.0,0,1.0
921,2,TYR250,0.0,-1.0,0,0.0
921,3,GLU51,-1.0,0.0,0,-1.0
921,4,HIS133,0.0,1.0,1,1.0
921,5,GLU371,-1.0,0.0,0,-1.0
921,6,ASP103,-1.0,0.0,0,-1.0
921,7,GLU411,-1.0,0.0,0,-1.0
921,8,LYS268,1.0,0.0,0,1.0
921,9,TYR10,0.0,-1.0,0,0.0
921,10,GLU171,-1.0,0.0,0,-1.0
922,1,HIS53,0.0,1.0,0,0.0
922,2,LYS456,1.0,0.0,0,1.0
922,3,HIS213,0.0,1.0,0,0.0
922,4,ASP143,-1.0,0.0,0,-1.0
922,5,GLU283,-1.0,0.0,0,-1.0
922,6,ASP327,-1.0,0.0,0,-1.0
922,7,TYR50,0.0,-1.0,0,0.0
922,8,LYS348,1.0,0.0,0,1.0
922,9,HIS366,1.0,0.0,1,0.0
922,10,HIS413,1.0,0.0,1,0.0
923,1,LYS256,1.0,0.0,0,1.0
923,2,GLU123,-1.0,0.0,0,-1.0
923,3,ASP121,-1.0,0.0,0,-1.0
923,4,TYR290,0.0,-1.0,0,0.0
923,5,GLU382,-1.0,0.0,0,-1.0
923,6,GLU171,-1.0,0.0,0,-1.0
923,7,HIS253,1.0,0.0,1,0.0
923,8,HIS93,0.0,1.0,1,1.0
923,9,ASP463,-1.0,0.0,0,-1.0
923,10,HIS374,1.0,0.0,1,0.0
924,1,LYS388,1.0,0.0,0,1.0
924,2,TYR210,0.0,-1.0,0,0.0
924,3,GLU302,-1.0,0.0,0,-1.0
924,4,ASP463,-1.0,0.0,0,-1.0
924,5,ASP287,-1.0,0.0,0,-1.0
924,6,TYR370,0.0,-1.0,0,0.0
924,7,HIS413,0.0,1.0,1,1.0
924,8,LYS216,1.0,0.0,0,1.0
924,9,TYR370,0.0,-1.0,0,0.0
924,10,GLU243,-1.0,0.0,0,-1.0
925,1,ASP287,-1.0,0.0,0,-1.0
925,2,ASP207,-1.0,0.0,0,-1.0
925,3,HIS326,0.0,1.0,1,1.0
925,4,HIS334,1.0,0.0,1,0.0
925,5,GLU363,-1.0,0.0,0,-1.0
925,6,LYS256,1.0,0.0,0,1.0
925,7,ASP401,-1.0,0.0,0,-1.0
925,8,LYS108,1.0,0.0,0,1.0
925,9,GLU182,-1.0,0.0,0,-1.0
925,10,LYS148,1.0,0.0,0,1.0
926,1,ASP41,-1.0,0.0,0,-1.0
926,2,ASP287,-1.0,0.0,0,-1.0
926,3,LYS416,1.0,0.0,0,1.0
926,4,HIS94,0.0,1.0,0,0.0
926,5,GLU11,-1.0,0.0,0,-1.0
926,6,LYS16,1.0,0.0,0,1.0
926,7,TYR210,0.0,-1.0,0,0.0
926,8,ARG5,1.0,0.0,0,1.0
926,9,HIS294,0.0,1.0,0,0.0
926,10,HIS14,0.0,1.0,1,1.0
927,1,HIS86,1.0,0.0,1,0.0
927,2,ARG205,1.0,0.0,0,1.0
927,3,LYS348,1.0,0.0,0,1.0
927,4,ARG125,1.0,0.0,0,1.0
927,5,HIS254,0.0,1.0,0,0.0
927,6,ARG365,1.0,0.0,0,1.0
927,7,HIS166,1.0,0.0,1,0.0
927,8,GLU163,-1.0,0.0,0,-1.0
927,9,ASP407,-1.0,0.0,0,-1.0
927,10,HIS133,1.0,0.0,1,0.0
928,1,HIS93,1.0,0.0,1,0.0
928,2,ASP87,-1.0,0.0,0,-1.0
928,3,ARG325,1.0,0.0,0,1.0
928,4,LYS388,1.0,0.0,0,1.0
928,5,ASP383,-1.0,0.0,0,-1.0
928,6,GLU123,-1.0,0.0,0,-1.0
928,7,HIS253,0.0,1.0,0,0.0
928,8,ASP81,-1.0,0.0,0,-1.0
928,9,GLU422,-1.0,0.0,0,-1.0
928,10,ASP343,-1.0,0.0,0,-1.0
929,1,LYS136,1.0,0.0,0,1.0
929,2,HIS14,1.0,0.0,1,0.0
929,3,ASP63,-1.0,0.0,0,-1.0
929,4,ASP303,-1.0,0.0,0,-1.0
929,5,ASP121,-1.0,0.0,0,-1.0
929,6,GLU411,-1.0,0.0,0,-1.0
929,7,HIS413,1.0,0.0,1,0.0
929,8,ASP287,-1.0,0.0,0,-1.0
929,9,GLU171,-1.0,0.0,0,-1.0
929,10,GLU22,-1.0,0.0,0,-1.0
930,1,HIS54,0.0,1.0,0,0.0
930,2,ARG165,1.0,0.0,0,1.0
930,3,GLU142,-1.0,0.0,0,-1.0
930,4,HIS373,1.0,0.0,1,0.0
930,5,ASP383,-1.0,0.0,0,-1.0
930,6,GLU243,-1.0,0.0,0,-1.0
930,7,TYR330,0.0,-1.0,0,0.0
930,8,LYS428,1.0,0.0,0,1.0
930,9,ASP103,-1.0,0.0,0,-1.0
930,10,TYR290,0.0,-1.0,0,0.0
931,1,ARG45,1.0,0.0,0,1.0
931,2,GLU102,-1.0,0.0,0,-1.0
931,3,HIS174,0.0,1.0,0,0.0
931,4,TYR330,0.0,-1.0,0,0.0
931,5,ASP7,-1.0,0.0,0,-1.0
931,6,ASP161,-1.0,0.0,0,-1.0
931,7,ASP81,-1.0,0.0,0,-1.0
931,8,GLU302,-1.0,0.0,0,-1.0
931,9,GLU182,-1.0,0.0,0,-1.0
931,10,LYS376,1.0,0.0,0,1.0
932,1,GLU262,-1.0,0.0,0,-1.0
932,2,GLU83,-1.0,0.0,0,-1.0
932,3,ASP327,-1.0,0.0,0,-1.0
932,4,ARG365,1.0,0.0,0,1.0
932,5,LYS376,1.0,0.0,0,1.0
932,6,GLU443,-1.0,0.0,0,-1.0
932,7,GLU342,-1.0,0.0,0,-1.0
932,8,LYS28,1.0,0.0,0,1.0
932,9,GLU182,-1.0,0.0,0,-1.0
932,10,ASP423,-1.0,0.0,0,-1.0
933,1,TYR210,0.0,-1.0,0,0.0
933,2,HIS453,0.0,1.0,1,1.0
933,3,HIS126,0.0,1.0,1,1.0
933,4,GLU251,-1.0,0.0,1,0.0
933,5,HIS13,1.0,0.0,1,0.0
933,6,ARG285,1.0,0.0,0,1.0
933,7,TYR370,0.0,-1.0,0,0.0
933,8,LYS336,1.0,0.0,0,1.0
933,9,ARG285,1.0,0.0,0,1.0
933,10,HIS253,0.0,1.0,0,0.0
934,1,ASP1,-1.0,0.0,0,-1.0
934,2,ASP447,-1.0,0.0,0,-1.0
934,3,HIS46,1.0,0.0,1,0.0
934,4,ASP423,-1.0,0.0,0,-1.0
934,5,LYS216,1.0,0.0,0,1.0
934,6,HIS13,0.0,1.0,0,0.0
934,7,ASP247,-1.0,0.0,0,-1.0
934,8,HIS374,0.0,1.0,1,1.0
934,9,GLU302,-1.0,0.0,0,-1.0
934,10,HIS133,0.0,1.0,1,1.0
935,1,TYR90,0.0,-1.0,0,0.0
935,2,LYS56,1.0,0.0,0,1.0
935,3,HIS13,0.0,1.0,0,0.0
935,4,ASP143,-1.0,0.0,0,-1.0
935,5,GLU251,0.0,-1.0,1,-1.0
935,6,HIS214,1.0,0.0,1,0.0
935,7,ASP361,-1.0,0.0,0,-1.0
935,8,HIS446,1.0,0.0,1,0.0
935,9,ASP81,-1.0,0.0,0,-1.0
935,10,TYR410,0.0,-1.0,0,0.0
936,1,GLU182,-1.0,0.0,0,-1.0
936,2,LYS56,1.0,0.0,0,1.0
936,3,HIS53,0.0,1.0,1,1.0
936,4,ARG45,1.0,0.0,0,1.0
936,5,ASP247,-1.0,0.0,0,-1.0
936,6,ASP143,-1.0,0.0,0,-1.0
936,7,HIS46,0.0,1.0,1,1.0
936,8,GLU211,-1.0,0.0,0,-1.0
936,9,HIS373,0.0,1.0,1,1.0
936,10,HIS453,1.0,0.0,0,1.0
937,1,HIS333,0.0,1.0,1,1.0
937,2,HIS213,0.0,1.0,1,1.0
937,3,GLU102,-1.0,0.0,0,-1.0
937,4,HIS286,0.0,1.0,1,1.0
937,5,ASP463,-1.0,0.0,0,-1.0
937,6,GLU363,-1.0,0.0,0,-1.0
937,7,ASP207,-1.0,0.0,0,-1.0
937,8,HIS54,0.0,1.0,1,1.0
937,9,ASP7,-1.0,0.0,0,-1.0
937,10,HIS93,0.0,1.0,1,1.0
938,1,ASP241,-1.0,0.0,0,-1.0
938,2,LYS216,1.0,0.0,0,1.0
938,3,GLU283,-1.0,0.0,0,-1.0
938,4,LYS416,1.0,0.0,0,1.0
938,5,ASP183,-1.0,0.0,0,-1.0
938,6,GLU462,-1.0,0.0,1,0.0
938,7,ARG125,1.0,0.0,0,1.0
938,8,GLU123,-1.0,0.0,0,-1.0
938,9,HIS93,1.0,0.0,1,0.0
938,10,GLU22,-1.0,0.0,0,-1.0
939,1,ASP223,-1.0,0.0,0,-1.0
939,2,LYS188,1.0,0.0,0,1.0
939,3,HIS453,1.0,0.0,1,0.0
939,4,GLU51,-1.0,0.0,0,-1.0
939,5,GLU131,-1.0,0.0,0,-1.0
939,6,ASP63,-1.0,0.0,0,-1.0
939,7,GLU43,-1.0,0.0,0,-1.0
939,8,LYS96,1.0,0.0,0,1.0
939,9,TYR250,0.0,-1.0,0,0.0
939,10,HIS134,0.0,1.0,0,0.0
940,1,HIS374,1.0,0.0,1,0.0
940,2,TYR130,0.0,-1.0,0,0.0
940,3,LYS28,1.0,0.0,0,1.0
940,4,ASP7,-1.0,0.0,0,-1.0
940,5,ASP281,-1.0,0.0,0,-1.0
940,6,TYR130,0.0,-1.0,0,0.0
940,7,ARG285,1.0,0.0,0,1.0
940,8,GLU331,-1.0,0.0,0,-1.0
940,9,GLU51,-1.0,0.0,0,-1.0
940,10,ARG205,1.0,0.0,0,1.0
941,1,LYS16,1.0,0.0,0,1.0
941,2,LYS176,1.0,0.0,0,1.0
941,3,HIS134,0.0,1.0,1,1.0
941,4,LYS56,1.0,0.0,0,1.0
941,5,GLU323,-1.0,0.0,0,-1.0
941,6,ASP247,-1.0,0.0,0,-1.0
941,7,ASP247,-1.0,0.0,0,-1.0
941,8,ASP201,-1.0,0.0,0,-1.0
941,9,HIS46,1.0,0.0,0,1.0
941,10,HIS333,1.0,0.0,1,0.0
942,1,LYS268,1.0,0.0,0,1.0
942,2,LYS416,1.0,0.0,0,1.0
942,3,HIS126,1.0,0.0,1,0.0
942,4,HIS133,1.0,0.0,1,0.0
942,5,HIS93,0.0,1.0,0,0.0
942,6,ARG245,1.0,0.0,0,1.0
942,7,ASP441,-1.0,0.0,0,-1.0
942,8,HIS373,1.0,0.0,1,0.0
942,9,HIS13,0.0,1.0,0,0.0
942,10,HIS253,0.0,1.0,0,0.0
943,1,ARG45,1.0,0.0,0,1.0
943,2,LYS256,1.0,0.0,0,1.0
943,3,ARG365,1.0,0.0,0,1.0
943,4,HIS46,1.0,0.0,1,0.0
943,5,GLU363,-1.0,0.0,0,-1.0
943,6,GLU142,-1.0,0.0,0,-1.0
943,7,ARG285,1.0,0.0,0,1.0
943,8,GLU262,-1.0,0.0,0,-1.0
943,9,ARG325,1.0,0.0,0,1.0
943,10,ASP167,-1.0,0.0,0,-1.0
944,1,ASP87,-1.0,0.0,0,-1.0
944,2,ASP103,-1.0,0.0,0,-1.0
944,3,HIS293,1.0,0.0,1,0.0
944,4,HIS453,0.0,1.0,1,1.0
944,5,ARG125,1.0,0.0,0,1.0
944,6,TYR290,0.0,-1.0,0,0.0
944,7,ASP81,-1.0,0.0,0,-1.0
944,8,ASP407,-1.0,0.0,0,-1.0
944,9,HIS294,0.0,1.0,0,0.0
944,10,TYR250,0.0,-1.0,0,0.0
945,1,ASP327,-1.0,0.0,0,-1.0
945,2,ARG405,1.0,0.0,0,1.0
945,3,GLU462,0.0,-1.0,0,0.0
945,4,HIS166,0.0,1.0,1,1.0
945,5,ARG165,1.0,0.0,0,1.0
945,6,GLU403,-1.0,0.0,0,-1.0
945,7,LYS228,1.0,0.0,0,1.0
945,8,TYR370,0.0,-1.0,0,0.0
945,9,LYS388,1.0,0.0,0,1.0
945,10,HIS174,0.0,1.0,1,1.0
946,1,GLU171,-1.0,0.0,0,-1.0
946,2,HIS454,0.0,1.0,1,1.0
946,3,GLU11,-1.0,0.0,0,-1.0
946,4,GLU371,-1.0,0.0,0,-1.0
946,5,LYS376,1.0,0.0,0,1.0
946,6,HIS334,0.0,1.0,1,1.0
946,7,GLU243,-1.0,0.0,0,-1.0
946,8,GLU123,-1.0,0.0,0,-1.0
946,9,HIS254,0.0,1.0,0,0.0
946,10,LYS188,1.0,0.0,0,1.0
947,1,TYR290,0.0,-1.0,0,0.0
947,2,GLU171,-1.0,0.0,0,-1.0
947,3,LYS148,1.0,0.0,0,1.0
947,4,LYS468,1.0,0.0,0,1.0
947,5,LYS108,1.0,0.0,0,1.0
947,6,LYS468,1.0,0.0,0,1.0
947,7,GLU323,-1.0,0.0,0,-1.0
947,8,HIS326,1.0,0.0,1,0.0
947,9,GLU83,-1.0,0.0,0,-1.0
947,10,HIS253,0.0,1.0,1,1.0
948,1,LYS456,1.0,0.0,0,1.0
948,2,LYS216,1.0,0.0,0,1.0
948,3,LYS428,1.0,0.0,0,1.0
948,4,HIS334,1.0,0.0,1,0.0
948,5,ARG5,1.0,0.0,0,1.0
948,6,ASP281,-1.0,0.0,0,-1.0
948,7,ARG205,1.0,0.0,0,1.0
948,8,HIS174,1.0,0.0,1,0.0
948,9,ARG365,1.0,0.0,0,1.0
948,10,HIS93,0.0,1.0,0,0.0
949,1,GLU51,-1.0,0.0,0,-1.0
949,2,ASP441,-1.0,0.0,0,-1.0
949,3,HIS414,0.0,1.0,1,1.0
949,4,HIS214,0.0,1.0,0,0.0
949,5,HIS246,1.0,0.0,1,0.0
949,6,HIS94,0.0,1.0,0,0.0
949,7,ASP81,-1.0,0.0,0,-1.0
949,8,HIS414,1.0,0.0,1,0.0
949,9,ARG245,1.0,0.0,0,1.0
949,10,LYS108,1.0,0.0,0,1.0
950,1,LYS388,1.0,0.0,0,1.0
950,2,HIS246,0.0,1.0,1,1.0
950,3,ASP263,-1.0,0.0,0,-1.0
950,4,LYS148,1.0,0.0,0,1.0
950,5,GLU363,-1.0,0.0,0,-1.0
950,6,ARG85,1.0,0.0,0,1.0
950,7,TYR90,0.0,-1.0,0,0.0
950,8,TYR250,0.0,-1.0,0,0.0
950,9,HIS374,0.0,1.0,1,1.0
950,10,GLU211,-1.0,0.0,0,-1.0
951,1,ARG165,1.0,0.0,0,1.0
951,2,GLU3,-1.0,0.0,0,-1.0
951,3,GLU171,-1.0,0.0,0,-1.0
951,4,HIS254,0.0,1.0,1,1.0
951,5,ARG365,1.0,0.0,0,1.0
951,6,GLU102,-1.0,0.0,0,-1.0
951,7,ASP167,-1.0,0.0,0,-1.0
951,8,ASP223,-1.0,0.0,0,-1.0
951,9,GLU211,-1.0,0.0,0,-1.0
951,10,GLU142,-1.0,0.0,0,-1.0
952,1,GLU22,-1.0,0.0,0,-1.0
952,2,ARG125,1.0,0.0,0,1.0
952,3,ASP407,-1.0,0.0,0,-1.0
952,4,ASP223,-1.0,0.0,0,-1.0
952,5,ARG45,1.0,0.0,0,1.0
952,6,GLU182,-1.0,0.0,0,-1.0
952,7,ARG245,1.0,0.0,0,1.0
952,8,HIS14,0.0,1.0,0,0.0
952,9,GLU222,-1.0,0.0,0,-1.0
952,10,ASP303,-1.0,0.0,0,-1.0
953,1,HIS333,0.0,1.0,0,0.0
953,2,HIS174,0.0,1.0,0,0.0
953,3,GLU102,-1.0,0.0,0,-1.0
953,4,GLU182,-1.0,0.0,0,-1.0
953,5,ASP321,-1.0,0.0,0,-1.0
953,6,HIS253,1.0,0.0,1,0.0
953,7,GLU302,-1.0,0.0,0,-1.0
953,8,GLU83,-1.0,0.0,0,-1.0
953,9,LYS268,1.0,0.0,0,1.0
953,10,LYS416,1.0,0.0,0,1.0
954,1,HIS413,0.0,1.0,0,0.0
954,2,ASP441,-1.0,0.0,0,-1.0
954,3,HIS53,1.0,0.0,1,0.0
954,4,ASP201,-1.0,0.0,0,-1.0
954,5,ASP87,-1.0,0.0,0,-1.0
954,6,GLU11,-1.0,0.0,0,-1.0
954,7,GLU403,-1.0,0.0,0,-1.0
954,8,GLU243,-1.0,0.0,0,-1.0
954,9,ASP241,-1.0,0.0,0,-1.0
954,10,HIS13,0.0,1.0,0,0.0
955,1,LYS468,1.0,0.0,0,1.0
955,2,TYR130,0.0,-1.0,0,0.0
955,3,LYS456,1.0,0.0,0,1.0
955,4,ASP367,-1.0,0.0,0,-1.0
955,5,ARG445,1.0,0.0,0,1.0
955,6,LYS388,1.0,0.0,0,1.0
955,7,HIS166,1.0,0.0,1,0.0
955,8,HIS333,0.0,1.0,1,1.0
955,9,ASP47,-1.0,0.0,0,-1.0
955,10,GLU342,-1.0,0.0,0,-1.0
956,1,GLU222,-1.0,0.0,0,-1.0
956,2,ASP121,-1.0,0.0,0,-1.0
956,3,LYS176,1.0,0.0,0,1.0
956,4,ASP103,-1.0,0.0,0,-1.0
956,5,LYS308,1.0,0.0,0,1.0
956,6,HIS254,1.0,0.0,1,0.0
956,7,GLU371,-1.0,0.0,0,-1.0
956,8,HIS133,0.0,1.0,1,1.0
956,9,HIS446,0.0,1.0,1,1.0
956,10,HIS374,1.0,0.0,1,0.0
957,1,LYS68,1.0,0.0,0,1.0
957,2,ARG205,1.0,0.0,0,1.0
957,3,LYS268,1.0,0.0,0,1.0
957,4,HIS253,0.0,1.0,0,0.0
957,5,GLU443,-1.0,0.0,0,-1.0
957,6,LYS256,1.0,0.0,0,1.0
957,7,GLU182,-1.0,0.0,0,-1.0
957,8,HIS254,0.0,1.0,1,1.0
957,9,LYS456,1.0,0.0,0,1.0
957,10,ASP121,-1.0,0.0,1,0.0
958,1,HIS413,0.0,1.0,1,1.0
958,2,HIS93,0.0,1.0,0,0.0
958,3,TYR330,0.0,-1.0,0,0.0
958,4,HIS86,0.0,1.0,1,1.0
958,5,HIS294,0.0,1.0,0,0.0
958,6,GLU411,-1.0,0.0,0,-1.0
958,7,TYR50,0.0,-1.0,0,0.0
958,8,HIS406,0.0,1.0,0,0.0
958,9,GLU11,-1.0,0.0,0,-1.0
958,10,HIS134,1.0,0.0,1,0.0
959,1,GLU163,-1.0,0.0,0,-1.0
959,2,GLU291,-1.0,0.0,0,-1.0
959,3,GLU11,-1.0,0.0,0,-1.0
959,4,HIS333,1.0,0.0,1,0.0
959,5,HIS334,0.0,1.0,1,1.0
959,6,GLU22,-1.0,0.0,0,-1.0
959,7,ASP23,-1.0,0.0,0,-1.0
959,8,GLU302,-1.0,0.0,0,-1.0
959,9,LYS268,1.0,0.0,0,1.0
959,10,GLU131,-1.0,0.0,0,-1.0
960,1,GLU11,-1.0,0.0,0,-1.0
960,2,LYS108,1.0,0.0,0,1.0
960,3,ASP87,-1.0,0.0,0,-1.0
960,4,GLU283,-1.0,0.0,0,-1.0
960,5,TYR50,0.0,-1.0,0,0.0
960,6,LYS456,1.0,0.0,0,1.0
960,7,ASP63,-1.0,0.0,0,-1.0
960,8,GLU123,-1.0,0.0,0,-1.0
960,9,TYR370,0.0,-1.0,0,0.0
960,10,TYR330,0.0,-1.0,0,0.0
961,1,GLU203,-1.0,0.0,0,-1.0
961,2,GLU11,-1.0,0.0,0,-1.0
961,3,HIS126,0.0,1.0,1,1.0
961,4,HIS174,0.0,1.0,0,0.0
961,5,GLU83,-1.0,0.0,0,-1.0
961,6,ASP367,-1.0,0.0,0,-1.0
961,7,ARG445,1.0,0.0,0,1.0
961,8,GLU43,-1.0,0.0,0,-1.0
961,9,HIS366,0.0,1.0,1,1.0
961,10,GLU342,-1.0,0.0,0,-1.0
962,1,LYS388,1.0,0.0,0,1.0
962,2,ASP281,-1.0,0.0,0,-1.0
962,3,GLU142,-1.0,0.0,1,0.0
962,4,LYS256,1.0,0.0,0,1.0
962,5,LYS468,1.0,0.0,0,1.0
962,6,ASP41,-1.0,0.0,0,-1.0
962,7,LYS428,1.0,0.0,0,1.0
962,8,LYS216,1.0,0.0,0,1.0
962,9,LYS216,1.0,0.0,0,1.0
962,10,HIS406,0.0,1.0,1,1.0
963,1,TYR50,0.0,-1.0,0,0.0
963,2,ASP367,-1.0,0.0,0,-1.0
963,3,GLU102,-1.0,0.0,0,-1.0
963,4,GLU302,-1.0,0.0,0,-1.0
963,5,ARG325,1.0,0.0,0,1.0
963,6,HIS334,1.0,0.0,1,0.0
963,7,LYS428,1.0,0.0,0,1.0
963,8,ASP383,-1.0,0.0,0,-1.0
963,9,LYS96,1.0,0.0,0,1.0
963,10,TYR290,0.0,-1.0,0,0.0
964,1,HIS286,1.0,0.0,1,0.0
964,2,HIS374,0.0,1.0,1,1.0
964,3,HIS54,1.0,0.0,1,0.0
964,4,ASP463,-1.0,0.0,0,-1.0
964,5,ASP321,-1.0,0.0,0,-1.0
964,6,HIS406,1.0,0.0,1,0.0
964,7,ARG45,1.0,0.0,0,1.0
964,8,ASP401,-1.0,0.0,0,-1.0
964,9,ASP383,-1.0,0.0,0,-1.0
964,10,GLU291,-1.0,0.0,0,-1.0
965,1,ASP183,-1.0,0.0,0,-1.0
965,2,ARG125,1.0,0.0,0,1.0
965,3,GLU302,-1.0,0.0,0,-1.0
965,4,GLU243,-1.0,0.0,0,-1.0
965,5,LYS468,1.0,0.0,0,1.0
965,6,HIS334,0.0,1.0,1,1.0
965,7,GLU371,-1.0,0.0,0,-1.0
965,8,ASP127,-1.0,0.0,0,-1.0
965,9,HIS246,1.0,0.0,1,0.0
965,10,GLU51,-1.0,0.0,0,-1.0
966,1,HIS454,1.0,0.0,1,0.0
966,2,GLU302,-1.0,0.0,0,-1.0
966,3,HIS174,0.0,1.0,0,0.0
966,4,GLU203,-1.0,0.0,0,-1.0
966,5,LYS228,1.0,0.0,0,1.0
966,6,ASP361,-1.0,0.0,0,-1.0
966,7,GLU302,-1.0,0.0,0,-1.0
966,8,GLU382,-1.0,0.0,0,-1.0
966,9,ASP167,-1.0,0.0,0,-1.0
966,10,HIS366,1.0,0.0,1,0.0
967,1,TYR330,0.0,-1.0,0,0.0
967,2,ASP241,-1.0,0.0,0,-1.0
967,3,ARG245,1.0,0.0,0,1.0
967,4,HIS133,1.0,0.0,1,0.0
967,5,GLU262,-1.0,0.0,0,-1.0
967,6,ASP321,-1.0,0.0,0,-1.0
967,7,GLU403,-1.0,0.0,0,-1.0
967,8,HIS93,0.0,1.0,0,0.0
967,9,HIS413,1.0,0.0,1,0.0
967,10,ASP167,-1.0,0.0,0,-1.0
968,1,TYR410,0.0,-1.0,0,0.0
968,2,GLU91,-1.0,0.0,0,-1.0
968,3,ASP143,-1.0,0.0,0,-1.0
968,4,LYS28,1.0,0.0,0,1.0
968,5,GLU451,-1.0,0.0,0,-1.0
968,6,LYS216,1.0,0.0,0,1.0
968,7,HIS366,0.0,1.0,1,1.0
968,8,HIS174,0.0,1.0,1,1.0
968,9,GLU182,-1.0,0.0,0,-1.0
968,10,TYR410,0.0,-1.0,0,0.0
969,1,LYS308,1.0,0.0,0,1.0
969,2,GLU262,-1.0,0.0,0,-1.0
969,3,GLU11,-1.0,0.0,0,-1.0
969,4,GLU302,-1.0,0.0,0,-1.0
969,5,HIS406,0.0,1.0,1,1.0
969,6,HIS6,0.0,1.0,1,1.0
969,7,ASP121,0.0,-1.0,1,-1.0
969,8,GLU243,-1.0,0.0,0,-1.0
969,9,HIS334,1.0,0.0,1,0.0
969,10,HIS414,0.0,1.0,0,0.0
970,1,ARG245,1.0,0.0,0,1.0
970,2,ASP383,-1.0,0.0,0,-1.0
970,3,ARG365,1.0,0.0,0,1.0
970,4,GLU171,-1.0,0.0,0,-1.0
970,5,GLU403,-1.0,0.0,0,-1.0
970,6,LYS68,1.0,0.0,0,1.0
970,7,GLU462,0.0,-1.0,0,0.0
970,8,HIS334,0.0,1.0,1,1.0
970,9,HIS453,1.0,0.0,1,0.0
970,10,GLU91,-1.0,0.0,0,-1.0
971,1,GLU262,-1.0,0.0,0,-1.0
971,2,GLU342,-1.0,0.0,0,-1.0
971,3,GLU243,-1.0,0.0,0,-1.0
971,4,GLU403,-1.0,0.0,0,-1.0
971,5,ASP47,-1.0,0.0,0,-1.0
971,6,HIS366,1.0,0.0,1,0.0
971,7,ASP281,-1.0,0.0,0,-1.0
971,8,ASP143,-1.0,0.0,0,-1.0
971,9,HIS166,0.0,1.0,1,1.0
971,10,ARG85,1.0,0.0,0,1.0
972,1,HIS253,0.0,1.0,0,0.0
972,2,LYS148,1.0,0.0,0,1.0
972,3,ASP23,-1.0,0.0,0,-1.0
972,4,TYR10,0.0,-1.0,0,0.0
972,5,ARG325,1.0,0.0,0,1.0
972,6,ASP441,-1.0,0.0,0,-1.0
972,7,HIS333,0.0,1.0,1,1.0
972,8,ASP367,-1.0,0.0,0,-1.0
972,9,ASP7,-1.0,0.0,0,-1.0
972,10,LYS136,1.0,0.0,0,1.0
973,1,LYS16,1.0,0.0,0,1.0
973,2,ASP247,-1.0,0.0,0,-1.0
973,3,HIS286,0.0,1.0,1,1.0
973,4,LYS428,1.0,0.0,0,1.0
973,5,HIS446,1.0,0.0,1,0.0
973,6,LYS336,1.0,0.0,0,1.0
973,7,GLU323,-1.0,0.0,0,-1.0
973,8,ASP343,-1.0,0.0,0,-1.0
973,9,GLU3,-1.0,0.0,0,-1.0
973,10,ASP223,-1.0,0.0,0,-1.0
974,1,LYS136,1.0,0.0,0,1.0
974,2,ASP41,-1.0,0.0,0,-1.0
974,3,LYS136,1.0,0.0,0,1.0
974,4,GLU342,-1.0,0.0,0,-1.0
974,5,GLU203,-1.0,0.0,0,-1.0
974,6,HIS413,0.0,1.0,0,0.0
974,7,GLU3,-1.0,0.0,0,-1.0
974,8,HIS54,0.0,1.0,0,0.0
974,9,HIS374,1.0,0.0,1,0.0
974,10,GLU83,-1.0,0.0,0,-1.0
975,1,LYS188,1.0,0.0,0,1.0
975,2,GLU163,-1.0,0.0,0,-1.0
975,3,GLU251,-1.0,0.0,0,-1.0
975,4,ASP327,-1.0,0.0,0,-1.0
975,5,HIS213,1.0,0.0,1,0.0
975,6,GLU411,-1.0,0.0,0,-1.0
975,7,HIS294,0.0,1.0,0,0.0
975,8,LYS176,1.0,0.0,0,1.0
975,9,TYR210,0.0,-1.0,0,0.0
975,10,GLU382,-1.0,0.0,0,-1.0
976,1,ASP161,-1.0,0.0,0,-1.0
976,2,HIS13,0.0,1.0,0,0.0
976,3,ASP263,-1.0,0.0,0,-1.0
976,4,TYR370,0.0,-1.0,0,0.0
976,5,LYS68,1.0,0.0,0,1.0
976,6,ASP447,-1.0,0.0,0,-1.0
976,7,GLU51,-1.0,0.0,0,-1.0
976,8,ASP167,-1.0,0.0,0,-1.0
976,9,ASP121,-1.0,0.0,0,-1.0
976,10,ASP281,-1.0,0.0,0,-1.0
977,1,LYS388,1.0,0.0,0,1.0
977,2,HIS326,0.0,1.0,0,0.0
977,3,GLU331,-1.0,0.0,0,-1.0
977,4,ARG285,1.0,0.0,0,1.0
977,5,LYS28,1.0,0.0,0,1.0
977,6,ASP103,-1.0,0.0,0,-1.0
977,7,HIS133,0.0,1.0,1,1.0
977,8,GLU403,-1.0,0.0,0,-1.0
977,9,TYR130,0.0,-1.0,0,0.0
977,10,GLU11,-1.0,0.0,0,-1.0
978,1,HIS14,0.0,1.0,0,0.0
978,2,GLU283,-1.0,0.0,0,-1.0
978,3,HIS54,0.0,1.0,0,0.0
978,4,ASP447,-1.0,0.0,0,-1.0
978,5,ASP401,-1.0,0.0,0,-1.0
978,6,ASP463,-1.0,0.0,0,-1.0
978,7,HIS214,0.0,1.0,1,1.0
978,8,LYS28,1.0,0.0,0,1.0
978,9,ASP121,-1.0,0.0,0,-1.0
978,10,HIS126,1.0,0.0,1,0.0
979,1,ARG125,1.0,0.0,0,1.0
979,2,HIS166,1.0,0.0,1,0.0
979,3,ARG45,1.0,0.0,0,1.0
979,4,GLU11,-1.0,0.0,0,-1.0
979,5,HIS213,0.0,1.0,0,0.0
979,6,GLU443,-1.0,0.0,0,-1.0
979,7,ARG45,1.0,0.0,0,1.0
979,8,ASP441,-1.0,0.0,0,-1.0
979,9,ARG85,1.0,0.0,0,1.0
979,10,GLU203,-1.0,0.0,0,-1.0
980,1,ASP407,-1.0,0.0,0,-1.0
980,2,LYS388,1.0,0.0,0,1.0
980,3,ASP367,-1.0,0.0,0,-1.0
980,4,LYS108,1.0,0.0,0,1.0
980,5,ARG125,1.0,0.0,0,1.0
980,6,GLU43,-1.0,0.0,0,-1.0
980,7,HIS93,0.0,1.0,0,0.0
980,8,ARG285,1.0,0.0,0,1.0
980,9,LYS348,1.0,0.0,0,1.0
980,10,ASP47,-1.0,0.0,0,-1.0
981,1,LYS296,1.0,0.0,0,1.0
981,2,TYR170,0.0,-1.0,0,0.0
981,3,HIS214,1.0,0.0,1,0.0
981,4,HIS166,0.0,1.0,1,1.0
981,5,ARG5,1.0,0.0,0,1.0
981,6,TYR250,0.0,-1.0,0,0.0
981,7,LYS456,1.0,0.0,0,1.0
981,8,HIS253,0.0,1.0,0,0.0
981,9,HIS326,0.0,1.0,1,1.0
981,10,ASP183,-1.0,0.0,0,-1.0
982,1,HIS134,0.0,1.0,1,1.0
982,2,ASP223,-1.0,0.0,0,-1.0
982,3,GLU342,-1.0,0.0,0,-1.0
982,4,ARG285,1.0,0.0,0,1.0
982,5,GLU11,-1.0,0.0,0,-1.0
982,6,HIS446,0.0,1.0,0,0.0
982,7,HIS414,0.0,1.0,0,0.0
982,8,HIS253,0.0,1.0,0,0.0
982,9,ASP1,-1.0,0.0,0,-1.0
982,10,ASP41,-1.0,0.0,0,-1.0
983,1,HIS286,1.0,0.0,1,0.0
983,2,LYS216,1.0,0.0,0,1.0
983,3,GLU411,-1.0,0.0,0,-1.0
983,4,HIS93,0.0,1.0,1,1.0
983,5,HIS246,0.0,1.0,1,1.0
983,6,GLU422,-1.0,0.0,0,-1.0
983,7,LYS268,1.0,0.0,0,1.0
983,8,HIS454,0.0,1.0,1,1.0
983,9,LYS228,1.0,0.0,0,1.0
983,10,GLU131,-1.0,0.0,0,-1.0
984,1,LYS428,1.0,0.0,0,1.0
984,2,GLU91,-1.0,0.0,0,-1.0
984,3,LYS456,1.0,0.0,0,1.0
984,4,LYS16,1.0,0.0,0,1.0
984,5,ASP447,-1.0,0.0,0,-1.0
984,6,GLU123,-1.0,0.0,0,-1.0
984,7,LYS96,1.0,0.0,0,1.0
984,8,LYS468,1.0,0.0,0,1.0
984,9,HIS373,0.0,1.0,1,1.0
984,10,TYR10,0.0,-1.0,0,0.0
985,1,HIS214,0.0,1.0,1,1.0
985,2,LYS468,1.0,0.0,0,1.0
985,3,HIS46,0.0,1.0,1,1.0
985,4,TYR90,0.0,-1.0,0,0.0
985,5,TYR130,0.0,-1.0,0,0.0
985,6,LYS136,1.0,0.0,0,1.0
985,7,ARG245,1.0,0.0,0,1.0
985,8,TYR250,0.0,-1.0,0,0.0
985,9,HIS54,0.0,1.0,0,0.0
985,10,ARG85,1.0,0.0,0,1.0
986,1,GLU171,-1.0,0.0,0,-1.0
986,2,LYS16,1.0,0.0,0,1.0
986,3,ASP47,-1.0,0.0,0,-1.0
986,4,GLU11,-1.0,0.0,0,-1.0
986,5,LYS456,1.0,0.0,0,1.0
986,6,ARG125,1.0,0.0,0,1.0
986,7,ASP263,-1.0,0.0,0,-1.0
986,8,GLU91,-1.0,0.0,0,-1.0
986,9,HIS294,0.0,1.0,1,1.0
986,10,HIS453,0.0,1.0,1,1.0
987,1,ASP241,-1.0,0.0,0,-1.0
987,2,LYS228,1.0,0.0,0,1.0
987,3,ASP407,-1.0,0.0,0,-1.0
987,4,HIS406,1.0,0.0,0,1.0
987,5,GLU251,-1.0,0.0,0,-1.0
987,6,GLU451,-1.0,0.0,0,-1.0
987,7,LYS268,1.0,0.0,0,1.0
987,8,HIS453,1.0,0.0,1,0.0
987,9,ARG205,1.0,0.0,0,1.0
987,10,GLU182,-1.0,0.0,0,-1.0
988,1,ARG5,1.0,0.0,0,1.0
988,2,ARG85,1.0,0.0,0,1.0
988,3,ASP321,-1.0,0.0,0,-1.0
988,4,GLU203,-1.0,0.0,0,-1.0
988,5,HIS173,0.0,1.0,1,1.0
988,6,GLU22,-1.0,0.0,0,-1.0
988,7,LYS456,1.0,0.0,0,1.0
988,8,GLU142,0.0,-1.0,1,-1.0
988,9,ASP247,-1.0,0.0,0,-1.0
988,10,TYR50,0.0,-1.0,0,0.0
989,1,HIS54,0.0,1.0,1,1.0
989,2,ARG285,1.0,0.0,0,1.0
989,3,GLU91,-1.0,0.0,0,-1.0
989,4,HIS213,0.0,1.0,0,0.0
989,5,LYS176,1.0,0.0,0,1.0
989,6,ASP407,-1.0,0.0,0,-1.0
989,7,HIS333,1.0,0.0,1,0.0
989,8,ASP103,-1.0,0.0,0,-1.0
989,9,ASP343,-1.0,0.0,0,-1.0
989,10,GLU262,-1.0,0.0,0,-1.0
990,1,HIS94,0.0,1.0,1,1.0
990,2,HIS414,0.0,1.0,1,1.0
990,3,ASP7,-1.0,0.0,0,-1.0
990,4,LYS348,1.0,0.0,0,1.0
990,5,TYR130,0.0,-1.0,0,0.0
990,6,TYR290,0.0,-1.0,0,0.0
990,7,HIS286,0.0,1.0,0,0.0
990,8,GLU251,-1.0,0.0,0,-1.0
990,9,ASP383,-1.0,0.0,0,-1.0
990,10,ARG165,1.0,0.0,0,1.0
991,1,GLU222,-1.0,0.0,0,-1.0
991,2,ASP367,-1.0,0.0,0,-1.0
991,3,GLU342,-1.0,0.0,0,-1.0
991,4,ASP207,-1.0,0.0,0,-1.0
991,5,ASP23,-1.0,0.0,0,-1.0
991,6,LYS176,1.0,0.0,0,1.0
991,7,HIS14,0.0,1.0,0,0.0
991,8,HIS326,1.0,0.0,1,0.0
991,9,ARG245,1.0,0.0,0,1.0
991,10,ASP401,-1.0,0.0,0,-1.0
992,1,GLU131,-1.0,0.0,0,-1.0
992,2,GLU382,-1.0,0.0,0,-1.0
992,3,HIS453,0.0,1.0,1,1.0
992,4,HIS213,0.0,1.0,1,1.0
992,5,HIS294,1.0,0.0,1,0.0
992,6,GLU131,-1.0,0.0,0,-1.0
992,7,GLU243,-1.0,0.0,0,-1.0
992,8,TYR130,0.0,-1.0,0,0.0
992,9,HIS46,1.0,0.0,1,0.0
992,10,LYS268,1.0,0.0,0,1.0
993,1,LYS468,1.0,0.0,0,1.0
993,2,GLU203,-1.0,0.0,0,-1.0
993,3,LYS348,1.0,0.0,0,1.0
993,4,GLU323,-1.0,0.0,0,-1.0
993,5,ASP447,-1.0,0.0,0,-1.0
993,6,ASP87,-1.0,0.0,0,-1.0
993,7,ARG285,1.0,0.0,0,1.0
993,8,ARG5,1.0,0.0,0,1.0
993,9,LYS348,1.0,0.0,0,1.0
993,10,LYS456,1.0,0.0,1,0.0
994,1,GLU62,-1.0,0.0,0,-1.0
994,2,ARG285,1.0,0.0,0,1.0
994,3,ARG245,1.0,0.0,0,1.0
994,4,GLU302,-1.0,0.0,0,-1.0
994,5,ASP201,-1.0,0.0,0,-1.0
994,6,ARG285,1.0,0.0,0,1.0
994,7,GLU462,0.0,-1.0,0,0.0
994,8,ASP127,-1.0,0.0,0,-1.0
994,9,ARG245,1.0,0.0,0,1.0
994,10,ARG445,1.0,0.0,0,1.0
995,1,LYS296,1.0,0.0,0,1.0
995,2,GLU283,-1.0,0.0,0,-1.0
995,3,HIS6,1.0,0.0,1,0.0
995,4,HIS446,0.0,1.0,1,1.0
995,5,ARG85,1.0,0.0,0,1.0
995,6,TYR50,0.0,-1.0,0,0.0
995,7,GLU123,-1.0,0.0,0,-1.0
995,8,GLU182,-1.0,0.0,0,-1.0
995,9,ASP423,-1.0,0.0,0,-1.0
995,10,GLU123,-1.0,0.0,0,-1.0
996,1,ASP247,-1.0,0.0,0,-1.0
996,2,GLU62,-1.0,0.0,0,-1.0
996,3,HIS326,0.0,1.0,1,1.0
996,4,ASP41,-1.0,0.0,0,-1.0
996,5,HIS214,1.0,0.0,1,0.0
996,6,ASP143,-1.0,0.0,0,-1.0
996,7,ASP441,-1.0,0.0,0,-1.0
996,8,GLU323,-1.0,0.0,0,-1.0
996,9,LYS96,1.0,0.0,0,1.0
996,10,GLU342,-1.0,0.0,0,-1.0
997,1,GLU211,-1.0,0.0,0,-1.0
997,2,HIS253,0.0,1.0,0,0.0
997,3,GLU243,-1.0,0.0,0,-1.0
997,4,GLU171,-1.0,0.0,0,-1.0
997,5,TYR370,0.0,-1.0,0,0.0
997,6,TYR10,0.0,-1.0,0,0.0
997,7,LYS148,1.0,0.0,0,1.0
997,8,HIS213,1.0,0.0,1,0.0
997,9,GLU3,-1.0,0.0,0,-1.0
997,10,ASP161,-1.0,0.0,0,-1.0
998,1,HIS93,1.0,0.0,1,0.0
998,2,ARG5,1.0,0.0,0,1.0
998,3,HIS174,1.0,0.0,1,0.0
998,4,GLU91,-1.0,0.0,0,-1.0
998,5,HIS13,0.0,1.0,1,1.0
998,6,ARG365,1.0,0.0,0,1.0
998,7,HIS206,1.0,0.0,1,0.0
998,8,GLU222,-1.0,0.0,0,-1.0
998,9,HIS213,0.0,1.0,0,0.0
998,10,ARG445,1.0,0.0,0,1.0
999,1,HIS454,1.0,0.0,1,0.0
999,2,ASP423,-1.0,0.0,0,-1.0
999,3,HIS406,1.0,0.0,0,1.0
999,4,GLU262,-1.0,0.0,0,-1.0
999,5,HIS54,1.0,0.0,1,0.0
999,6,ASP441,-1.0,0.0,0,-1.0
999,7,HIS93,0.0,1.0,0,0.0
999,8,ASP321,-1.0,0.0,0,-1.0
999,9,HIS414,1.0,0.0,1,0.0
999,10,GLU43,-1.0,0.0,0,-1.0
1000,1,HIS293,0.0,1.0,0,0.0
1000,2,HIS374,0.0,1.0,0,0.0
1000,3,LYS296,1.0,0.0,0,1.0
1000,4,ASP407,-1.0,0.0,0,-1.0
1000,5,ASP207,-1.0,0.0,0,-1.0
1000,6,LYS96,1.0,0.0,0,1.0
1000,7,TYR50,0.0,-1.0,0,0.0
1000,8,HIS293,0.0,1.0,0,0.0
1000,9,ASP361,-1.0,0.0,0,-1.0
1000,10,HIS334,1.0,0.0,1,0.0
1001,1,ASP81,-1.0,0.0,0,-1.0
1001,2,GLU283,-1.0,0.0,0,-1.0
1001,3,HIS414,0.0,1.0,1,1.0
1001,4,GLU131,-1.0,0.0,0,-1.0
1001,5,LYS468,1.0,0.0,0,1.0
1001,6,LYS96,1.0,0.0,0,1.0
1001,7,TYR330,0.0,-1.0,0,0.0
1001,8,GLU251,-1.0,0.0,0,-1.0
1001,9,HIS6,0.0,1.0,1,1.0
1001,10,ASP241,-1.0,0.0,0,-1.0
1002,1,HIS453,1.0,0.0,1,0.0
1002,2,ASP161,-1.0,0.0,0,-1.0
1002,3,ASP223,-1.0,0.0,0,-1.0
1002,4,TYR370,0.0,-1.0,0,0.0
1002,5,HIS414,1.0,0.0,1,0.0
1002,6,LYS336,1.0,0.0,0,1.0
1002,7,TYR370,0.0,-1.0,0,0.0
1002,8,LYS428,1.0,0.0,0,1.0
1002,9,TYR50,0.0,-1.0,0,0.0
1002,10,HIS454,0.0,1.0,1,1.0
1003,1,GLU203,-1.0,0.0,0,-1.0
1003,2,HIS453,0.0,1.0,1,1.0
1003,3,ASP441,-1.0,0.0,0,-1.0
1003,4,GLU251,-1.0,0.0,0,-1.0
1003,5,ASP207,-1.0,0.0,0,-1.0
1003,6,HIS54,0.0,1.0,0,0.0
1003,7,GLU403,-1.0,0.0,0,-1.0
1003,8,HIS206,0.0,1.0,1,1.0
1003,9,ASP143,-1.0,0.0,0,-1.0
1003,10,LYS176,1.0,0.0,0,1.0
1004,1,ARG45,1.0,0.0,0,1.0
1004,2,LYS416,1.0,0.0,0,1.0
1004,3,HIS46,0.0,1.0,1,1.0
1004,4,HIS373,1.0,0.0,1,0.0
1004,5,ASP201,-1.0,0.0,0,-1.0
1004,6,ASP407,-1.0,0.0,0,-1.0
1004,7,GLU43,-1.0,0.0,0,-1.0
1004,8,TYR170,0.0,-1.0,0,0.0
1004,9,GLU291,-1.0,0.0,0,-1.0
1004,10,GLU3,-1.0,0.0,0,-1.0
1005,1,ARG165,1.0,0.0,0,1.0
1005,2,ARG405,1.0,0.0,0,1.0
1005,3,HIS253,0.0,1.0,1,1.0
1005,4,HIS206,1.0,0.0,1,0.0
1005,5,ASP423,-1.0,0.0,0,-1.0
1005,6,ASP423,-1.0,0.0,0,-1.0
1005,7,HIS13,1.0,0.0,1,0.0
1005,8,HIS93,0.0,1.0,0,0.0
1005,9,HIS334,0.0,1.0,1,1.0
1005,10,HIS294,0.0,1.0,1,1.0
1006,1,ASP343,-1.0,0.0,0,-1.0
1006,2,ARG365,1.0,0.0,0,1.0
1006,3,ARG5,1.0,0.0,0,1.0
1006,4,HIS413,0.0,1.0,0,0.0
1006,5,LYS56,1.0,0.0,0,1.0
1006,6,ARG165,1.0,0.0,0,1.0
1006,7,HIS294,1.0,0.0,1,0.0
1006,8,HIS54,0.0,1.0,0,0.0
1006,9,HIS53,0.0,1.0,0,0.0
1006,10,ASP47,-1.0,0.0,0,-1.0
1007,1,TYR450,0.0,-1.0,0,0.0
1007,2,TYR210,0.0,-1.0,0,0.0
1007,3,ASP1,-1.0,0.0,0,-1.0
1007,4,GLU91,-1.0,0.0,0,-1.0
1007,5,ASP81,-1.0,0.0,0,-1.0
1007,6,GLU43,-1.0,0.0,0,-1.0
1007,7,GLU371,-1.0,0.0,0,-1.0
1007,8,ASP1,-1.0,0.0,0,-1.0
1007,9,ASP441,-1.0,0.0,0,-1.0
1007,10,GLU131,-1.0,0.0,0,-1.0
1008,1,ASP81,-1.0,0.0,0,-1.0
1008,2,ASP183,-1.0,0.0,0,-1.0
1008,3,ASP463,-1.0,0.0,0,-1.0
1008,4,HIS254,1.0,0.0,1,0.0
1008,5,HIS173,1.0,0.0,1,0.0
1008,6,HIS174,0.0,1.0,0,0.0
1008,7,TYR170,0.0,-1.0,0,0.0
1008,8,TYR330,0.0,-1.0,0,0.0
1008,9,GLU203,-1.0,0.0,0,-1.0
1008,10,GLU443,-1.0,0.0,0,-1.0
1009,1,ASP87,-1.0,0.0,0,-1.0
1009,2,ASP407,-1.0,0.0,0,-1.0
1009,3,GLU3,-1.0,0.0,0,-1.0
1009,4,GLU342,-1.0,0.0,0,-1.0
1009,5,LYS148,1.0,0.0,0,1.0
1009,6,HIS334,1.0,0.0,1,0.0
1009,7,ASP463,-1.0,0.0,0,-1.0
1009,8,TYR250,0.0,-1.0,0,0.0
1009,9,ASP447,-1.0,0.0,0,-1.0
1009,10,LYS336,1.0,0.0,0,1.0
1010,1,LYS56,1.0,0.0,0,1.0
1010,2,ASP41,-1.0,0.0,0,-1.0
1010,3,GLU331,-1.0,0.0,0,-1.0
1010,4,GLU22,-1.0,0.0,0,-1.0
1010,5,TYR210,0.0,-1.0,0,0.0
1010,6,GLU11,-1.0,0.0,0,-1.0
1010,7,ASP161,-1.0,0.0,0,-1.0
1010,8,ASP401,-1.0,0.0,0,-1.0
1010,9,ARG365,1.0,0.0,0,1.0
1010,10,ASP263,-1.0,0.0,0,-1.0
1011,1,ASP423,-1.0,0.0,0,-1.0
1011,2,ARG205,1.0,0.0,0,1.0
1011,3,GLU11,-1.0,0.0,0,-1.0
1011,4,GLU102,-1.0,0.0,0,-1.0
1011,5,ASP447,-1.0,0.0,0,-1.0
1011,6,HIS126,0.0,1.0,1,1.0
1011,7,GLU262,-1.0,0.0,0,-1.0
1011,8,ASP47,-1.0,0.0,0,-1.0
1011,9,GLU203,-1.0,0.0,0,-1.0
1011,10,ASP263,-1.0,0.0,0,-1.0
1012,1,HIS14,0.0,1.0,1,1.0
1012,2,GLU102,-1.0,0.0,0,-1.0
1012,3,GLU182,-1.0,0.0,0,-1.0
1012,4,LYS468,1.0,0.0,0,1.0
1012,5,ASP407,-1.0,0.0,0,-1.0
1012,6,ASP81,-1.0,0.0,0,-1.0
1012,7,ASP63,-1.0,0.0,0,-1.0
1012,8,GLU283,-1.0,0.0,0,-1.0
1012,9,HIS13,0.0,1.0,1,1.0
1012,10,LYS256,1.0,0.0,0,1.0
1013,1,HIS446,1.0,0.0,1,0.0
1013,2,ASP463,-1.0,0.0,0,-1.0
1013,3,HIS366,0.0,1.0,1,1.0
1013,4,TYR250,0.0,-1.0,0,0.0
1013,5,ASP1,-1.0,0.0,0,-1.0
1013,6,LYS376,1.0,0.0,0,1.0
1013,7,GLU163,-1.0,0.0,0,-1.0
1013,8,HIS206,0.0,1.0,1,1.0
1013,9,LYS28,1.0,0.0,0,1.0
1013,10,ASP321,-1.0,0.0,0,-1.0
1014,1,ARG285,1.0,0.0,0,1.0
1014,2,GLU462,0.0,-1.0,0,0.0
1014,3,ASP47,-1.0,0.0,0,-1.0
1014,4,ASP23,-1.0,0.0,0,-1.0
1014,5,ASP81,-1.0,0.0,0,-1.0
1014,6,HIS286,0.0,1.0,1,1.0
1014,7,HIS86,1.0,0.0,0,1.0
1014,8,GLU91,-1.0,0.0,0,-1.0
1014,9,HIS246,1.0,0.0,1,0.0
1014,10,GLU163,-1.0,0.0,0,-1.0
1015,1,HIS414,0.0,1.0,1,1.0
1015,2,LYS216,1.0,0.0,0,1.0
1015,3,TYR370,0.0,-1.0,0,0.0
1015,4,HIS134,1.0,0.0,1,0.0
1015,5,GLU323,-1.0,0.0,0,-1.0
1015,6,GLU422,-1.0,0.0,1,0.0
1015,7,ASP327,-1.0,0.0,0,-1.0
1015,8,ASP87,-1.0,0.0,0,-1.0
1015,9,TYR130,0.0,-1.0,0,0.0
1015,10,GLU451,-1.0,0.0,0,-1.0
1016,1,TYR410,0.0,-1.0,0,0.0
1016,2,LYS416,1.0,0.0,0,1.0
1016,3,ASP441,-1.0,0.0,0,-1.0
1016,4,HIS414,1.0,0.0,1,0.0
1016,5,LYS416,1.0,0.0,0,1.0
1016,6,LYS348,1.0,0.0,0,1.0
1016,7,GLU83,-1.0,0.0,0,-1.0
1016,8,ASP361,-1.0,0.0,0,-1.0
1016,9,HIS293,0.0,1.0,1,1.0
1016,10,GLU411,-1.0,0.0,0,-1.0
1017,1,ASP7,-1.0,0.0,0,-1.0
1017,2,ARG5,1.0,0.0,0,1.0
1017,3,ASP263,-1.0,0.0,0,-1.0
1017,4,LYS308,1.0,0.0,0,1.0
1017,5,GLU203,-1.0,0.0,0,-1.0
1017,6,GLU451,-1.0,0.0,0,-1.0
1017,7,ASP383,-1.0,0.0,0,-1.0
1017,8,ASP281,-1.0,0.0,0,-1.0
1017,9,ASP1,-1.0,0.0,0,-1.0
1017,10,LYS56,1.0,0.0,0,1.0
1018,1,ASP81,-1.0,0.0,0,-1.0
1018,2,GLU371,-1.0,0.0,0,-1.0
1018,3,ARG445,1.0,0.0,0,1.0
1018,4,HIS54,0.0,1.0,1,1.0
1018,5,ARG285,1.0,0.0,0,1.0
1018,6,GLU443,-1.0,0.0,0,-1.0
1018,7,LYS56,1.0,0.0,0,1.0
1018,8,ASP207,-1.0,0.0,0,-1.0
1018,9,HIS286,1.0,0.0,1,0.0
1018,10,HIS414,0.0,1.0,1,1.0
1019,1,GLU411,-1.0,0.0,0,-1.0
1019,2,ASP423,-1.0,0.0,0,-1.0
1019,3,ASP47,-1.0,0.0,0,-1.0
1019,4,HIS326,1.0,0.0,1,0.0
1019,5,HIS214,0.0,1.0,1,1.0
1019,6,LYS136,1.0,0.0,0,1.0
1019,7,GLU123,-1.0,0.0,0,-1.0
1019,8,TYR370,0.0,-1.0,0,0.0
1019,9,ASP183,-1.0,0.0,0,-1.0
1019,10,HIS86,1.0,0.0,1,0.0
1020,1,ASP121,-1.0,0.0,0,-1.0
1020,2,HIS134,0.0,1.0,0,0.0
1020,3,GLU62,-1.0,0.0,0,-1.0
1020,4,LYS336,1.0,0.0,0,1.0
1020,5,HIS293,1.0,0.0,1,0.0
1020,6,ARG285,1.0,0.0,0,1.0
1020,7,ASP81,-1.0,0.0,0,-1.0
1020,8,HIS253,1.0,0.0,1,0.0
1020,9,ARG285,1.0,0.0,0,1.0
1020,10,LYS188,1.0,0.0,0,1.0
1021,1,HIS126,1.0,0.0,0,1.0
1021,2,HIS333,0.0,1.0,1,1.0
1021,3,LYS456,0.0,1.0,1,1.0
1021,4,LYS428,1.0,0.0,0,1.0
1021,5,HIS53,0.0,1.0,0,0.0
1021,6,HIS454,1.0,0.0,1,0.0
1021,7,LYS376,1.0,0.0,0,1.0
1021,8,ASP161,-1.0,0.0,0,-1.0
1021,9,LYS376,1.0,0.0,0,1.0
1021,10,ARG45,1.0,0.0,0,1.0
1022,1,LYS268,1.0,0.0,0,1.0
1022,2,LYS148,1.0,0.0,0,1.0
1022,3,HIS206,1.0,0.0,1,0.0
1022,4,ASP401,-1.0,0.0,0,-1.0
1022,5,ASP167,-1.0,0.0,0,-1.0
1022,6,HIS413,0.0,1.0,0,0.0
1022,7,HIS294,0.0,1.0,1,1.0
1022,8,HIS46,1.0,0.0,1,0.0
1022,9,ASP423,-1.0,0.0,0,-1.0
1022,10,GLU3,-1.0,0.0,0,-1.0
1023,1,GLU422,0.0,-1.0,1,-1.0
1023,2,GLU83,-1.0,0.0,0,-1.0
1023,3,HIS254,0.0,1.0,1,1.0
1023,4,HIS373,0.0,1.0,0,0.0
1023,5,LYS256,1.0,0.0,0,1.0
1023,6,HIS6,1.0,0.0,1,0.0
1023,7,ASP423,-1.0,0.0,0,-1.0
1023,8,LYS16,1.0,0.0,0,1.0
1023,9,HIS294,1.0,0.0,1,0.0
1023,10,GLU182,-1.0,0.0,0,-1.0
1024,1,HIS53,0.0,1.0,1,1.0
1024,2,LYS268,1.0,0.0,0,1.0
1024,3,ARG205,1.0,0.0,0,1.0
1024,4,ASP161,-1.0,0.0,0,-1.0
1024,5,GLU102,-1.0,0.0,0,-1.0
1024,6,LYS136,1.0,0.0,0,1.0
1024,7,GLU331,-1.0,0.0,0,-1.0
1024,8,ASP223,-1.0,0.0,0,-1.0
1024,9,ASP127,-1.0,0.0,0,-1.0
1024,10,ASP383,-1.0,0.0,0,-1.0
1025,1,ARG285,1.0,0.0,0,1.0
1025,2,LYS216,1.0,0.0,0,1.0
1025,3,LYS376,1.0,0.0,0,1.0
1025,4,ASP463,-1.0,0.0,0,-1.0
1025,5,HIS246,0.0,1.0,1,1.0
1025,6,GLU211,-1.0,0.0,0,-1.0
1025,7,LYS16,1.0,0.0,0,1.0
1025,8,HIS13,1.0,0.0,1,0.0
1025,9,ASP423,-1.0,0.0,0,-1.0
1025,10,LYS376,1.0,0.0,0,1.0
1026,1,ASP441,-1.0,0.0,0,-1.0
1026,2,GLU142,-1.0,0.0,0,-1.0
1026,3,HIS206,0.0,1.0,1,1.0
1026,4,LYS176,1.0,0.0,0,1.0
1026,5,HIS366,1.0,0.0,1,0.0
1026,6,GLU262,-1.0,0.0,0,-1.0
1026,7,ASP63,-1.0,0.0,0,-1.0
1026,8,TYR90,0.0,-1.0,0,0.0
1026,9,GLU422,-1.0,0.0,0,-1.0
1026,10,ASP223,-1.0,0.0,0,-1.0
1027,1,ASP81,-1.0,0.0,0,-1.0
1027,2,GLU363,-1.0,0.0,0,-1.0
1027,3,LYS188,1.0,0.0,0,1.0
1027,4,HIS373,0.0,1.0,0,0.0
1027,5,LYS108,1.0,0.0,0,1.0
1027,6,GLU323,-1.0,0.0,0,-1.0
1027,7,LYS456,1.0,0.0,0,1.0
1027,8,ASP287,-1.0,0.0,0,-1.0
1027,9,ARG285,1.0,0.0,0,1.0
1027,10,HIS134,0.0,1.0,1,1.0
1028,1,HIS453,1.0,0.0,1,0.0
1028,2,ASP247,-1.0,0.0,0,-1.0
1028,3,TYR10,0.0,-1.0,0,0.0
1028,4,GLU222,-1.0,0.0,0,-1.0
1028,5,LYS28,1.0,0.0,0,1.0
1028,6,GLU302,-1.0,0.0,0,-1.0
1028,7,GLU182,-1.0,0.0,0,-1.0
1028,8,HIS126,1.0,0.0,1,0.0
1028,9,ASP7,-1.0,0.0,0,-1.0
1028,10,TYR410,0.0,-1.0,0,0.0
1029,1,ASP161,-1.0,0.0,0,-1.0
1029,2,GLU411,-1.0,0.0,0,-1.0
1029,3,LYS388,1.0,0.0,0,1.0
1029,4,HIS46,0.0,1.0,1,1.0
1029,5,HIS6,0.0,1.0,1,1.0
1029,6,GLU411,-1.0,0.0,0,-1.0
1029,7,GLU331,-1.0,0.0,0,-1.0
1029,8,ARG445,1.0,0.0,0,1.0
1029,9,TYR330,0.0,-1.0,0,0.0
1029,10,GLU43,-1.0,0.0,0,-1.0
1030,1,ASP167,-1.0,0.0,0,-1.0
1030,2,GLU403,-1.0,0.0,0,-1.0
1030,3,GLU102,-1.0,0.0,0,-1.0
1030,4,LYS456,1.0,0.0,0,1.0
1030,5,ASP401,-1.0,0.0,0,-1.0
1030,6,LYS216,1.0,0.0,0,1.0
1030,7,TYR90,0.0,-1.0,0,0.0
1030,8,LYS336,1.0,0.0,0,1.0
1030,9,ASP423,-1.0,0.0,0,-1.0
1030,10,GLU363,-1.0,0.0,0,-1.0
1031,1,GLU22,-1.0,0.0,0,-1.0
1031,2,HIS414,1.0,0.0,1,0.0
1031,3,ASP303,-1.0,0.0,0,-1.0
1031,4,LYS256,1.0,0.0,0,1.0
1031,5,HIS166,1.0,0.0,1,0.0
1031,6,LYS28,1.0,0.0,0,1.0
1031,7,TYR330,0.0,-1.0,0,0.0
1031,8,ASP367,-1.0,0.0,0,-1.0
1031,9,LYS268,1.0,0.0,0,1.0
1031,10,LYS68,1.0,0.0,0,1.0
1032,1,HIS86,0.0,1.0,1,1.0
1032,2,ARG45,1.0,0.0,0,1.0
1032,3,HIS454,0.0,1.0,1,1.0
1032,4,ASP87,-1.0,0.0,0,-1.0
1032,5,LYS136,1.0,0.0,0,1.0
1032,6,GLU382,-1.0,0.0,0,-1.0
1032,7,LYS376,1.0,0.0,0,1.0
1032,8,ASP63,-1.0,0.0,0,-1.0
1032,9,ASP81,-1.0,0.0,0,-1.0
1032,10,HIS173,0.0,1.0,0,0.0
1033,1,LYS96,1.0,0.0,0,1.0
1033,2,HIS86,1.0,0.0,1,0.0
1033,3,ASP367,-1.0,0.0,0,-1.0
1033,4,GLU51,-1.0,0.0,0,-1.0
1033,5,LYS136,1.0,0.0,0,1.0
1033,6,TYR10,0.0,-1.0,0,0.0
1033,7,ASP241,-1.0,0.0,0,-1.0
1033,8,LYS228,1.0,0.0,0,1.0
1033,9,ARG205,1.0,0.0,0,1.0
1033,10,HIS414,0.0,1.0,0,0.0
1034,1,GLU83,-1.0,0.0,0,-1.0
1034,2,LYS108,1.0,0.0,0,1.0
1034,3,TYR90,0.0,-1.0,0,0.0
1034,4,ASP201,-1.0,0.0,0,-1.0
1034,5,HIS213,0.0,1.0,0,0.0
1034,6,ARG445,1.0,0.0,0,1.0
1034,7,ASP183,-1.0,0.0,0,-1.0
1034,8,ARG325,1.0,0.0,0,1.0
1034,9,GLU251,-1.0,0.0,0,-1.0
1034,10,ASP223,-1.0,0.0,0,-1.0
1035,1,HIS93,0.0,1.0,1,1.0
1035,2,ASP241,-1.0,0.0,0,-1.0
1035,3,HIS334,0.0,1.0,1,1.0
1035,4,ASP121,-1.0,0.0,0,-1.0
1035,5,HIS126,0.0,1.0,1,1.0
1035,6,ASP447,-1.0,0.0,0,-1.0
1035,7,ASP247,-1.0,0.0,0,-1.0
1035,8,LYS136,1.0,0.0,0,1.0
1035,9,TYR50,0.0,-1.0,0,0.0
1035,10,TYR130,0.0,-1.0,0,0.0
1036,1,HIS246,1.0,0.0,1,0.0
1036,2,ASP207,-1.0,0.0,0,-1.0
1036,3,ARG125,1.0,0.0,0,1.0
1036,4,GLU443,-1.0,0.0,0,-1.0
1036,5,HIS206,1.0,0.0,1,0.0
1036,6,GLU291,-1.0,0.0,0,-1.0
1036,7,LYS136,1.0,0.0,0,1.0
1036,8,GLU91,-1.0,0.0,0,-1.0
1036,9,GLU83,-1.0,0.0,0,-1.0
1036,10,ASP23,-1.0,0.0,0,-1.0
1037,1,ASP201,-1.0,0.0,0,-1.0
1037,2,LYS308,1.0,0.0,0,1.0
1037,3,LYS28,1.0,0.0,0,1.0
1037,4,ASP281,-1.0,0.0,0,-1.0
1037,5,GLU3,-1.0,0.0,0,-1.0
1037,6,HIS294,0.0,1.0,1,1.0
1037,7,GLU171,-1.0,0.0,0,-1.0
1037,8,ASP441,-1.0,0.0,0,-1.0
1037,9,HIS93,1.0,0.0,1,0.0
1037,10,LYS16,1.0,0.0,0,1.0
1038,1,HIS453,0.0,1.0,0,0.0
1038,2,ARG205,1.0,0.0,0,1.0
1038,3,HIS166,0.0,1.0,0,0.0
1038,4,LYS456,1.0,0.0,1,0.0
1038,5,GLU422,-1.0,0.0,0,-1.0
1038,6,ASP161,-1.0,0.0,0,-1.0
1038,7,GLU403,-1.0,0.0,0,-1.0
1038,8,GLU142,-1.0,0.0,0,-1.0
1038,9,ASP7,-1.0,0.0,0,-1.0
1038,10,HIS6,1.0,0.0,1,0.0
1039,1,GLU142,-1.0,0.0,0,-1.0
1039,2,GLU331,-1.0,0.0,0,-1.0
1039,3,LYS96,1.0,0.0,0,1.0
1039,4,GLU62,-1.0,0.0,0,-1.0
1039,5,GLU171,-1.0,0.0,0,-1.0
1039,6,TYR330,0.0,-1.0,0,0.0
1039,7,ARG85,1.0,0.0,0,1.0
1039,8,TYR210,0.0,-1.0,0,0.0
1039,9,ARG365,1.0,0.0,0,1.0
1039,10,ASP207,-1.0,0.0,0,-1.0
1040,1,ASP361,-1.0,0.0,0,-1.0
1040,2,HIS126,1.0,0.0,1,0.0
1040,3,HIS246,0.0,1.0,1,1.0
1040,4,HIS53,1.0,0.0,1,0.0
1040,5,LYS296,1.0,0.0,0,1.0
1040,6,GLU243,-1.0,0.0,0,-1.0
1040,7,LYS136,1.0,0.0,0,1.0
1040,8,ASP81,-1.0,0.0,0,-1.0
1040,9,HIS406,1.0,0.0,1,0.0
1040,10,HIS374,0.0,1.0,0,0.0
1041,1,LYS428,1.0,0.0,0,1.0
1041,2,LYS468,1.0,0.0,0,1.0
1041,3,HIS214,1.0,0.0,1,0.0
1041,4,TYR170,0.0,-1.0,0,0.0
1041,5,ARG205,1.0,0.0,0,1.0
1041,6,LYS296,1.0,0.0,0,1.0
1041,7,TYR370,0.0,-1.0,0,0.0
1041,8,GLU323,-1.0,0.0,0,-1.0
1041,9,ASP81,-1.0,0.0,0,-1.0
1041,10,GLU251,-1.0,0.0,0,-1.0
1042,1,ASP423,-1.0,0.0,0,-1.0
1042,2,HIS13,0.0,1.0,0,0.0
1042,3,GLU411,-1.0,0.0,0,-1.0
1042,4,HIS86,0.0,1.0,1,1.0
1042,5,LYS68,1.0,0.0,0,1.0
1042,6,LYS296,1.0,0.0,0,1.0
1042,7,GLU163,-1.0,0.0,0,-1.0
1042,8,LYS176,1.0,0.0,0,1.0
1042,9,ASP287,-1.0,0.0,0,-1.0
1042,10,ARG85,1.0,0.0,0,1.0
1043,1,ASP7,-1.0,0.0,0,-1.0
1043,2,HIS334,1.0,0.0,1,0.0
1043,3,GLU363,-1.0,0.0,0,-1.0
1043,4,ASP303,-1.0,0.0,0,-1.0
1043,5,HIS14,1.0,0.0,1,0.0
1043,6,ARG285,1.0,0.0,0,1.0
1043,7,ARG285,1.0,0.0,0,1.0
1043,8,TYR130,0.0,-1.0,0,0.0
1043,9,ASP263,-1.0,0.0,0,-1.0
1043,10,GLU382,-1.0,0.0,1,0.0
1044,1,GLU443,-1.0,0.0,0,-1.0
1044,2,ASP201,-1.0,0.0,0,-1.0
1044,3,LYS256,1.0,0.0,0,1.0
1044,4,LYS56,1.0,0.0,0,1.0
1044,5,LYS176,1.0,0.0,0,1.0
1044,6,ARG165,1.0,0.0,0,1.0
1044,7,ASP23,-1.0,0.0,0,-1.0
1044,8,ASP23,-1.0,0.0,0,-1.0
1044,9,ARG445,1.0,0.0,0,1.0
1044,10,ASP281,-1.0,0.0,0,-1.0
1045,1,ARG405,1.0,0.0,0,1.0
1045,2,LYS468,1.0,0.0,0,1.0
1045,3,ASP103,-1.0,0.0,0,-1.0
1045,4,ARG165,1.0,0.0,0,1.0
1045,5,ASP161,-1.0,0.0,0,-1.0
1045,6,ARG325,1.0,0.0,0,1.0
1045,7,HIS133,1.0,0.0,1,0.0
1045,8,HIS213,0.0,1.0,1,1.0
1045,9,TYR450,0.0,-1.0,0,0.0
1045,10,HIS133,0.0,1.0,1,1.0
1046,1,HIS134,1.0,0.0,1,0.0
1046,2,ARG5,1.0,0.0,0,1.0
1046,3,ASP161,-1.0,0.0,0,-1.0
1046,4,GLU251,-1.0,0.0,0,-1.0
1046,5,ASP7,-1.0,0.0,0,-1.0
1046,6,GLU451,-1.0,0.0,0,-1.0
1046,7,ASP161,-1.0,0.0,0,-1.0
1046,8,GLU43,-1.0,0.0,0,-1.0
1046,9,ASP441,-1.0,0.0,0,-1.0
1046,10,TYR330,0.0,-1.0,0,0.0
1047,1,ASP441,-1.0,0.0,0,-1.0
1047,2,HIS46,1.0,0.0,1,0.0
1047,3,GLU422,-1.0,0.0,0,-1.0
1047,4,LYS296,1.0,0.0,0,1.0
1047,5,LYS56,1.0,0.0,0,1.0
1047,6,ASP447,-1.0,0.0,0,-1.0
1047,7,ARG125,1.0,0.0,0,1.0
1047,8,ASP127,-1.0,0.0,0,-1.0
1047,9,ASP441,-1.0,0.0,0,-1.0
1047,10,ASP7,-1.0,0.0,0,-1.0
1048,1,ASP63,-1.0,0.0,0,-1.0
1048,2,GLU451,-1.0,0.0,0,-1.0
1048,3,ASP183,-1.0,0.0,0,-1.0
1048,4,ASP407,-1.0,0.0,0,-1.0
1048,5,LYS108,1.0,0.0,0,1.0
1048,6,ASP103,-1.0,0.0,0,-1.0
1048,7,GLU243,-1.0,0.0,0,-1.0
1048,8,HIS446,0.0,1.0,1,1.0
1048,9,ARG45,1.0,0.0,0,1.0
1048,10,HIS333,1.0,0.0,1,0.0
1049,1,ASP207,-1.0,0.0,0,-1.0
1049,2,HIS406,0.0,1.0,0,0.0
1049,3,ARG245,1.0,0.0,0,1.0
1049,4,LYS308,1.0,0.0,0,1.0
1049,5,ASP63,-1.0,0.0,0,-1.0
1049,6,HIS333,0.0,1.0,1,1.0
1049,7,HIS166,0.0,1.0,1,1.0
1049,8,HIS286,0.0,1.0,1,1.0
1049,9,LYS296,1.0,0.0,0,1.0
1049,10,GLU403,-1.0,0.0,0,-1.0
1050,1,TYR370,0.0,-1.0,0,0.0
1050,2,HIS453,0.0,1.0,0,0.0
1050,3,HIS206,0.0,1.0,1,1.0
1050,4,ASP7,-1.0,0.0,0,-1.0
1050,5,LYS16,1.0,0.0,0,1.0
1050,6,HIS213,1.0,0.0,1,0.0
1050,7,ASP447,-1.0,0.0,0,-1.0
1050,8,GLU131,-1.0,0.0,0,-1.0
1050,9,HIS46,0.0,1.0,1,1.0
1050,10,HIS454,1.0,0.0,1,0.0
1051,1,LYS376,1.0,0.0,0,1.0
1051,2,TYR290,0.0,-1.0,0,0.0
1051,3,TYR90,0.0,-1.0,0,0.0
1051,4,ARG245,1.0,0.0,0,1.0
1051,5,TYR50,0.0,-1.0,0,0.0
1051,6,HIS93,0.0,1.0,0,0.0
1051,7,TYR130,0.0,-1.0,0,0.0
1051,8,GLU91,-1.0,0.0,0,-1.0
1051,9,ASP441,-1.0,0.0,0,-1.0
1051,10,GLU83,-1.0,0.0,0,-1.0
1052,1,GLU283,-1.0,0.0,0,-1.0
1052,2,ARG5,1.0,0.0,0,1.0
1052,3,HIS286,1.0,0.0,1,0.0
1052,4,ASP463,-1.0,0.0,0,-1.0
1052,5,GLU131,-1.0,0.0,0,-1.0
1052,6,HIS13,0.0,1.0,0,0.0
1052,7,HIS213,0.0,1.0,1,1.0
1052,8,HIS133,1.0,0.0,1,0.0
1052,9,ASP223,-1.0,0.0,0,-1.0
1052,10,TYR50,0.0,-1.0,0,0.0
1053,1,GLU371,-1.0,0.0,0,-1.0
1053,2,LYS148,1.0,0.0,0,1.0
1053,3,ARG285,1.0,0.0,0,1.0
1053,4,GLU131,-1.0,0.0,0,-1.0
1053,5,LYS28,1.0,0.0,0,1.0
1053,6,ASP63,-1.0,0.0,0,-1.0
1053,7,ASP127,-1.0,0.0,0,-1.0
1053,8,HIS453,0.0,1.0,1,1.0
1053,9,TYR50,0.0,-1.0,0,0.0
1053,10,ASP247,-1.0,0.0,0,-1.0
1054,1,GLU182,-1.0,0.0,0,-1.0
1054,2,HIS293,0.0,1.0,0,0.0
1054,3,ASP1,-1.0,0.0,0,-1.0
1054,4,ARG365,1.0,0.0,0,1.0
1054,5,ASP407,-1.0,0.0,0,-1.0
1054,6,ASP87,-1.0,0.0,0,-1.0
1054,7,ASP121,-1.0,0.0,0,-1.0
1054,8,LYS468,1.0,0.0,0,1.0
1054,9,TYR90,0.0,-1.0,0,0.0
1054,10,HIS206,1.0,0.0,1,0.0
1055,1,ASP87,-1.0,0.0,0,-1.0
1055,2,ARG405,1.0,0.0,0,1.0
1055,3,ASP121,-1.0,0.0,0,-1.0
1055,4,LYS188,1.0,0.0,0,1.0
1055,5,LYS68,1.0,0.0,0,1.0
1055,6,ASP247,-1.0,0.0,0,-1.0
1055,7,LYS468,1.0,0.0,0,1.0
1055,8,HIS134,0.0,1.0,0,0.0
1055,9,HIS173,0.0,1.0,1,1.0
1055,10,GLU291,-1.0,0.0,0,-1.0
1056,1,LYS348,1.0,0.0,0,1.0
1056,2,TYR370,0.0,-1.0,0,0.0
1056,3,ASP303,-1.0,0.0,0,-1.0
1056,4,TYR170,0.0,-1.0,0,0.0
1056,5,GLU422,-1.0,0.0,1,0.0
1056,6,HIS254,1.0,0.0,1,0.0
1056,7,ASP447,-1.0,0.0,0,-1.0
1056,8,HIS46,1.0,0.0,1,0.0
1056,9,HIS133,0.0,1.0,1,1.0
1056,10,GLU83,-1.0,0.0,0,-1.0
1057,1,ASP143,-1.0,0.0,0,-1.0
1057,2,HIS173,1.0,0.0,1,0.0
1057,3,ASP327,-1.0,0.0,0,-1.0
1057,4,TYR50,0.0,-1.0,0,0.0
1057,5,GLU291,-1.0,0.0,0,-1.0
1057,6,ASP263,-1.0,0.0,0,-1.0
1057,7,LYS56,1.0,0.0,0,1.0
1057,8,GLU403,-1.0,0.0,0,-1.0
1057,9,LYS268,1.0,0.0,0,1.0
1057,10,HIS293,0.0,1.0,0,0.0
1058,1,LYS96,1.0,0.0,0,1.0
1058,2,HIS213,1.0,0.0,1,0.0
1058,3,TYR410,0.0,-1.0,0,0.0
1058,4,ASP167,-1.0,0.0,0,-1.0
1058,5,LYS336,1.0,0.0,0,1.0
1058,6,ASP407,-1.0,0.0,0,-1.0
1058,7,GLU323,-1.0,0.0,0,-1.0
1058,8,ARG405,1.0,0.0,0,1.0
1058,9,GLU83,-1.0,0.0,0,-1.0
1058,10,LYS16,1.0,0.0,0,1.0
1059,1,HIS366,0.0,1.0,1,1.0
1059,2,ASP247,-1.0,0.0,0,-1.0
1059,3,GLU363,-1.0,0.0,0,-1.0
1059,4,HIS214,0.0,1.0,0,0.0
1059,5,GLU123,-1.0,0.0,0,-1.0
1059,6,ASP247,-1.0,0.0,0,-1.0
1059,7,GLU243,-1.0,0.0,0,-1.0
1059,8,LYS388,1.0,0.0,0,1.0
1059,9,HIS374,0.0,1.0,0,0.0
1059,10,ASP327,-1.0,0.0,0,-1.0
1060,1,GLU142,-1.0,0.0,0,-1.0
1060,2,LYS188,1.0,0.0,0,1.0
1060,3,GLU91,-1.0,0.0,0,-1.0
1060,4,ASP241,-1.0,0.0,0,-1.0
1060,5,GLU363,-1.0,0.0,0,-1.0
1060,6,ASP81,-1.0,0.0,0,-1.0
1060,7,LYS108,1.0,0.0,0,1.0
1060,8,LYS216,1.0,0.0,0,1.0
1060,9,HIS174,0.0,1.0,1,1.0
1060,10,GLU422,0.0,-1.0,1,-1.0
1061,1,ASP87,-1.0,0.0,0,-1.0
1061,2,GLU203,-1.0,0.0,0,-1.0
1061,3,ASP361,-1.0,0.0,0,-1.0
1061,4,GLU342,-1.0,0.0,0,-1.0
1061,5,ASP343,-1.0,0.0,0,-1.0
1061,6,LYS336,1.0,0.0,0,1.0
1061,7,ASP41,-1.0,0.0,0,-1.0
1061,8,TYR250,0.0,-1.0,0,0.0
1061,9,TYR410,0.0,-1.0,0,0.0
1061,10,ASP201,-1.0,0.0,0,-1.0
1062,1,GLU331,-1.0,0.0,0,-1.0
1062,2,GLU83,-1.0,0.0,0,-1.0
1062,3,HIS293,0.0,1.0,0,0.0
1062,4,HIS374,0.0,1.0,0,0.0
1062,5,ASP321,-1.0,0.0,0,-1.0
1062,6,TYR10,0.0,-1.0,0,0.0
1062,7,TYR450,0.0,-1.0,0,0.0
1062,8,ARG445,1.0,0.0,0,1.0
1062,9,GLU123,-1.0,0.0,0,-1.0
1062,10,HIS174,1.0,0.0,1,0.0
1063,1,LYS388,1.0,0.0,0,1.0
1063,2,ASP263,-1.0,0.0,0,-1.0
1063,3,GLU302,-1.0,0.0,0,-1.0
1063,4,GLU363,-1.0,0.0,0,-1.0
1063,5,GLU443,-1.0,0.0,0,-1.0
1063,6,ASP247,-1.0,0.0,0,-1.0
1063,7,LYS268,1.0,0.0,0,1.0
1063,8,HIS133,1.0,0.0,1,0.0
1063,9,LYS428,1.0,0.0,0,1.0
1063,10,HIS326,0.0,1.0,1,1.0
1064,1,LYS308,1.0,0.0,0,1.0
1064,2,GLU3,-1.0,0.0,0,-1.0
1064,3,LYS308,1.0,0.0,0,1.0
1064,4,ASP241,-1.0,0.0,0,-1.0
1064,5,ASP167,-1.0,0.0,0,-1.0
1064,6,HIS326,1.0,0.0,1,0.0
1064,7,ARG245,1.0,0.0,0,1.0
1064,8,ARG325,1.0,0.0,0,1.0
1064,9,GLU211,-1.0,0.0,0,-1.0
1064,10,TYR370,0.0,-1.0,0,0.0
1065,1,ASP327,-1.0,0.0,0,-1.0
1065,2,GLU123,-1.0,0.0,0,-1.0
1065,3,ASP263,-1.0,0.0,0,-1.0
1065,4,HIS6,0.0,1.0,1,1.0
1065,5,ASP103,-1.0,0.0,0,-1.0
1065,6,GLU11,-1.0,0.0,0,-1.0
1065,7,TYR450,0.0,-1.0,0,0.0
1065,8,ASP401,-1.0,0.0,0,-1.0
1065,9,HIS246,1.0,0.0,1,0.0
1065,10,LYS16,1.0,0.0,0,1.0
1066,1,GLU43,-1.0,0.0,0,-1.0
1066,2,GLU422,-1.0,0.0,0,-1.0
1066,3,GLU11,-1.0,0.0,0,-1.0
1066,4,ASP121,-1.0,0.0,0,-1.0
1066,5,HIS174,0.0,1.0,1,1.0
1066,6,ASP63,-1.0,0.0,0,-1.0
1066,7,GLU211,-1.0,0.0,0,-1.0
1066,8,TYR10,0.0,-1.0,0,0.0
1066,9,GLU211,-1.0,0.0,0,-1.0
1066,10,HIS214,0.0,1.0,0,0.0
1067,1,ASP7,-1.0,0.0,0,-1.0
1067,2,TYR290,0.0,-1.0,0,0.0
1067,3,GLU451,-1.0,0.0,0,-1.0
1067,4,ASP441,-1.0,0.0,0,-1.0
1067,5,LYS228,1.0,0.0,0,1.0
1067,6,HIS54,1.0,0.0,0,1.0
1067,7,ARG245,1.0,0.0,0,1.0
1067,8,ARG245,1.0,0.0,0,1.0
1067,9,ASP207,-1.0,0.0,0,-1.0
1067,10,GLU171,-1.0,0.0,0,-1.0
1068,1,GLU291,-1.0,0.0,0,-1.0
1068,2,ASP121,-1.0,0.0,0,-1.0
1068,3,HIS326,0.0,1.0,1,1.0
1068,4,LYS348,1.0,0.0,0,1.0
1068,5,HIS134,0.0,1.0,1,1.0
1068,6,LYS296,1.0,0.0,0,1.0
1068,7,LYS348,1.0,0.0,0,1.0
1068,8,TYR130,0.0,-1.0,0,0.0
1068,9,ARG205,1.0,0.0,0,1.0
1068,10,GLU363,-1.0,0.0,0,-1.0
1069,1,TYR250,0.0,-1.0,0,0.0
1069,2,GLU123,-1.0,0.0,0,-1.0
1069,3,GLU3,-1.0,0.0,0,-1.0
1069,4,GLU283,-1.0,0.0,0,-1.0
1069,5,HIS126,0.0,1.0,1,1.0
1069,6,HIS454,0.0,1.0,0,0.0
1069,7,LYS216,1.0,0.0,0,1.0
1069,8,LYS108,1.0,0.0,0,1.0
1069,9,LYS256,1.0,0.0,0,1.0
1069,10,GLU382,0.0,-1.0,1,-1.0
1070,1,GLU91,-1.0,0.0,0,-1.0
1070,2,GLU403,-1.0,0.0,0,-1.0
1070,3,ARG45,1.0,0.0,0,1.0
1070,4,LYS256,1.0,0.0,0,1.0
1070,5,GLU443,-1.0,0.0,0,-1.0
1070,6,GLU363,-1.0,0.0,0,-1.0
1070,7,LYS136,1.0,0.0,0,1.0
1070,8,GLU422,-1.0,0.0,0,-1.0
1070,9,GLU331,-1.0,0.0,0,-1.0
1070,10,ASP423,-1.0,0.0,0,-1.0
1071,1,ARG245,1.0,0.0,0,1.0
1071,2,TYR10,0.0,-1.0,0,0.0
1071,3,HIS406,0.0,1.0,1,1.0
1071,4,GLU251,-1.0,0.0,0,-1.0
1071,5,ASP183,-1.0,0.0,0,-1.0
1071,6,ARG285,1.0,0.0,0,1.0
1071,7,LYS256,1.0,0.0,0,1.0
1071,8,ASP463,-1.0,0.0,0,-1.0
1071,9,HIS406,1.0,0.0,1,0.0
1071,10,GLU243,-1.0,0.0,0,-1.0
1072,1,GLU291,-1.0,0.0,0,-1.0
1072,2,HIS293,0.0,1.0,0,0.0
1072,3,HIS413,0.0,1.0,0,0.0
1072,4,ASP343,-1.0,0.0,0,-1.0
1072,5,LYS16,1.0,0.0,0,1.0
1072,6,HIS326,1.0,0.0,0,1.0
1072,7,GLU302,-1.0,0.0,0,-1.0
1072,8,LYS456,0.0,1.0,1,1.0
1072,9,LYS188,1.0,0.0,0,1.0
1072,10,TYR90,0.0,-1.0,0,0.0
1073,1,HIS294,1.0,0.0,1,0.0
1073,2,HIS254,0.0,1.0,1,1.0
1073,3,TYR10,0.0,-1.0,0,0.0
1073,4,TYR170,0.0,-1.0,0,0.0
1073,5,ASP361,-1.0,0.0,0,-1.0
1073,6,ASP127,-1.0,0.0,0,-1.0
1073,7,GLU342,-1.0,0.0,0,-1.0
1073,8,HIS54,1.0,0.0,1,0.0
1073,9,HIS133,0.0,1.0,0,0.0
1073,10,GLU62,-1.0,0.0,0,-1.0
1074,1,HIS334,0.0,1.0,0,0.0
1074,2,ARG365,1.0,0.0,0,1.0
1074,3,LYS388,1.0,0.0,0,1.0
1074,4,ASP247,-1.0,0.0,0,-1.0
1074,5,GLU62,-1.0,0.0,0,-1.0
1074,6,HIS53,0.0,1.0,0,0.0
1074,7,ASP281,-1.0,0.0,0,-1.0
1074,8,GLU83,-1.0,0.0,0,-1.0
1074,9,HIS254,1.0,0.0,1,0.0
1074,10,HIS14,0.0,1.0,0,0.0
1075,1,ASP63,-1.0,0.0,0,-1.0
1075,2,ASP87,-1.0,0.0,0,-1.0
1075,3,ASP247,-1.0,0.0,0,-1.0
1075,4,ASP223,-1.0,0.0,0,-1.0
1075,5,ASP87,-1.0,0.0,0,-1.0
1075,6,LYS228,1.0,0.0,0,1.0
1075,7,ARG245,1.0,0.0,0,1.0
1075,8,HIS366,1.0,0.0,1,0.0
1075,9,ASP447,-1.0,0.0,0,-1.0
1075,10,GLU3,-1.0,0.0,0,-1.0
1076,1,ASP321,-1.0,0.0,0,-1.0
1076,2,ASP7,-1.0,0.0,0,-1.0
1076,3,ASP223,-1.0,0.0,0,-1.0
1076,4,LYS428,1.0,0.0,0,1.0
1076,5,GLU443,-1.0,0.0,0,-1.0
1076,6,LYS336,1.0,0.0,0,1.0
1076,7,HIS6,1.0,0.0,0,1.0
1076,8,GLU163,-1.0,0.0,0,-1.0
1076,9,GLU283,-1.0,0.0,0,-1.0
1076,10,GLU22,-1.0,0.0,0,-1.0
1077,1,GLU211,-1.0,0.0,0,-1.0
1077,2,HIS94,1.0,0.0,1,0.0
1077,3,ASP407,-1.0,0.0,0,-1.0
1077,4,GLU422,-1.0,0.0,0,-1.0
1077,5,GLU422,-1.0,0.0,0,-1.0
1077,6,HIS213,0.0,1.0,0,0.0
1077,7,TYR250,0.0,-1.0,0,0.0
1077,8,LYS68,1.0,0.0,0,1.0
1077,9,HIS326,1.0,0.0,1,0.0
1077,10,HIS254,0.0,1.0,0,0.0
1078,1,GLU243,-1.0,0.0,0,-1.0
1078,2,GLU11,-1.0,0.0,0,-1.0
1078,3,HIS334,0.0,1.0,0,0.0
1078,4,HIS293,0.0,1.0,1,1.0
1078,5,HIS254,0.0,1.0,1,1.0
1078,6,ASP87,-1.0,0.0,0,-1.0
1078,7,ASP361,-1.0,0.0,0,-1.0
1078,8,HIS293,1.0,0.0,1,0.0
1078,9,ASP383,-1.0,0.0,0,-1.0
1078,10,GLU3,-1.0,0.0,0,-1.0
1079,1,HIS366,0.0,1.0,1,1.0
1079,2,HIS206,0.0,1.0,0,0.0
1079,3,ASP103,-1.0,0.0,0,-1.0
1079,4,TYR290,0.0,-1.0,0,0.0
1079,5,LYS176,1.0,0.0,0,1.0
1079,6,TYR330,0.0,-1.0,0,0.0
1079,7,LYS16,1.0,0.0,0,1.0
1079,8,TYR330,0.0,-1.0,0,0.0
1079,9,HIS414,0.0,1.0,0,0.0
1079,10,GLU211,-1.0,0.0,0,-1.0
1080,1,HIS54,0.0,1.0,1,1.0
1080,2,ASP281,-1.0,0.0,0,-1.0
1080,3,GLU422,-1.0,0.0,0,-1.0
1080,4,ASP63,-1.0,0.0,0,-1.0
1080,5,TYR10,0.0,-1.0,0,0.0
1080,6,ARG165,1.0,0.0,0,1.0
1080,7,TYR370,0.0,-1.0,0,0.0
1080,8,HIS254,1.0,0.0,1,0.0
1080,9,ASP401,-1.0,0.0,0,-1.0
1080,10,LYS456,1.0,0.0,0,1.0
1081,1,HIS54,1.0,0.0,1,0.0
1081,2,GLU382,-1.0,0.0,0,-1.0
1081,3,LYS56,1.0,0.0,0,1.0
1081,4,LYS428,1.0,0.0,0,1.0
1081,5,HIS133,0.0,1.0,0,0.0
1081,6,HIS133,0.0,1.0,0,0.0
1081,7,ASP127,-1.0,0.0,0,-1.0
1081,8,GLU171,-1.0,0.0,0,-1.0
1081,9,TYR410,0.0,-1.0,0,0.0
1081,10,LYS256,1.0,0.0,0,1.0
1082,1,TYR330,0.0,-1.0,0,0.0
1082,2,LYS228,1.0,0.0,0,1.0
1082,3,GLU203,-1.0,0.0,0,-1.0
1082,4,GLU262,-1.0,0.0,0,-1.0
1082,5,LYS456,1.0,0.0,0,1.0
1082,6,ASP167,-1.0,0.0,0,-1.0
1082,7,TYR130,0.0,-1.0,0,0.0
1082,8,HIS166,1.0,0.0,1,0.0
1082,9,ASP247,-1.0,0.0,0,-1.0
1082,10,GLU371,-1.0,0.0,0,-1.0
1083,1,LYS188,1.0,0.0,0,1.0
1083,2,HIS93,0.0,1.0,1,1.0
1083,3,HIS86,1.0,0.0,1,0.0
1083,4,HIS14,0.0,1.0,1,1.0
1083,5,ASP263,-1.0,0.0,0,-1.0
1083,6,GLU331,-1.0,0.0,0,-1.0
1083,7,GLU403,-1.0,0.0,0,-1.0
1083,8,TYR250,0.0,-1.0,0,0.0
1083,9,GLU203,-1.0,0.0,0,-1.0
1083,10,LYS216,1.0,0.0,0,1.0
1084,1,TYR90,0.0,-1.0,0,0.0
1084,2,ASP63,-1.0,0.0,0,-1.0
1084,3,ASP247,-1.0,0.0,0,-1.0
1084,4,LYS176,1.0,0.0,0,1.0
1084,5,ASP361,-1.0,0.0,0,-1.0
1084,6,LYS176,1.0,0.0,0,1.0
1084,7,ASP183,-1.0,0.0,0,-1.0
1084,8,TYR250,0.0,-1.0,0,0.0
1084,9,LYS308,1.0,0.0,0,1.0
1084,10,LYS16,1.0,0.0,0,1.0
1085,1,LYS108,1.0,0.0,0,1.0
1085,2,ARG125,1.0,0.0,0,1.0
1085,3,TYR410,0.0,-1.0,0,0.0
1085,4,HIS126,1.0,0.0,1,0.0
1085,5,GLU91,-1.0,0.0,0,-1.0
1085,6,HIS13,0.0,1.0,1,1.0
1085,7,LYS468,1.0,0.0,0,1.0
1085,8,GLU251,-1.0,0.0,0,-1.0
1085,9,TYR370,0.0,-1.0,0,0.0
1085,10,ASP401,-1.0,0.0,0,-1.0
1086,1,ASP201,-1.0,0.0,0,-1.0
1086,2,GLU451,-1.0,0.0,0,-1.0
1086,3,LYS96,1.0,0.0,0,1.0
1086,4,GLU22,-1.0,0.0,0,-1.0
1086,5,LYS296,1.0,0.0,0,1.0
1086,6,TYR170,0.0,-1.0,0,0.0
1086,7,GLU102,-1.0,0.0,0,-1.0
1086,8,LYS308,1.0,0.0,0,1.0
1086,9,LYS376,1.0,0.0,0,1.0
1086,10,ASP463,-1.0,0.0,0,-1.0
1087,1,GLU51,-1.0,0.0,0,-1.0
1087,2,HIS134,1.0,0.0,1,0.0
1087,3,TYR10,0.0,-1.0,0,0.0
1087,4,HIS126,0.0,1.0,1,1.0
1087,5,GLU3,-1.0,0.0,0,-1.0
1087,6,HIS246,0.0,1.0,0,0.0
1087,7,LYS336,1.0,0.0,0,1.0
1087,8,GLU102,-1.0,0.0,0,-1.0
1087,9,TYR290,0.0,-1.0,0,0.0
1087,10,ARG5,1.0,0.0,0,1.0
1088,1,HIS254,0.0,1.0,0,0.0
1088,2,ASP327,-1.0,0.0,0,-1.0
1088,3,HIS94,0.0,1.0,0,0.0
1088,4,GLU22,-1.0,0.0,0,-1.0
1088,5,ASP87,-1.0,0.0,0,-1.0
1088,6,ASP303,-1.0,0.0,0,-1.0
1088,7,ASP143,-1.0,0.0,0,-1.0
1088,8,LYS308,1.0,0.0,0,1.0
1088,9,ARG405,1.0,0.0,0,1.0
1088,10,HIS213,0.0,1.0,1,1.0
1089,1,TYR210,0.0,-1.0,0,0.0
1089,2,LYS456,1.0,0.0,0,1.0
1089,3,TYR330,0.0,-1.0,0,0.0
1089,4,HIS173,0.0,1.0,0,0.0
1089,5,ASP407,-1.0,0.0,0,-1.0
1089,6,LYS148,1.0,0.0,0,1.0
1089,7,LYS308,1.0,0.0,0,1.0
1089,8,GLU251,-1.0,0.0,0,-1.0
1089,9,LYS176,1.0,0.0,0,1.0
1089,10,TYR130,0.0,-1.0,0,0.0
1090,1,HIS54,0.0,1.0,1,1.0
1090,2,GLU331,-1.0,0.0,0,-1.0
1090,3,ARG165,1.0,0.0,0,1.0
1090,4,ASP263,-1.0,0.0,0,-1.0
1090,5,LYS468,1.0,0.0,0,1.0
1090,6,LYS336,1.0,0.0,0,1.0
1090,7,ASP383,-1.0,0.0,0,-1.0
1090,8,GLU163,-1.0,0.0,0,-1.0
1090,9,ASP367,-1.0,0.0,0,-1.0
1090,10,TYR50,0.0,-1.0,0,0.0
1091,1,TYR170,0.0,-1.0,0,0.0
1091,2,LYS108,1.0,0.0,0,1.0
1091,3,GLU91,-1.0,0.0,0,-1.0
1091,4,GLU203,-1.0,0.0,0,-1.0
1091,5,ARG85,1.0,0.0,0,1.0
1091,6,HIS373,0.0,1.0,0,0.0
1091,7,HIS6,1.0,0.0,0,1.0
1091,8,GLU123,-1.0,0.0,0,-1.0
1091,9,ARG5,1.0,0.0,0,1.0
1091,10,ASP383,-1.0,0.0,0,-1.0
1092,1,ARG405,1.0,0.0,0,1.0
1092,2,HIS446,1.0,0.0,1,0.0
1092,3,LYS188,1.0,0.0,0,1.0
1092,4,GLU62,-1.0,0.0,0,-1.0
1092,5,LYS428,1.0,0.0,0,1.0
1092,6,LYS148,1.0,0.0,0,1.0
1092,7,HIS86,0.0,1.0,1,1.0
1092,8,LYS388,1.0,0.0,0,1.0
1092,9,ASP281,-1.0,0.0,0,-1.0
1092,10,HIS414,0.0,1.0,1,1.0
1093,1,GLU283,-1.0,0.0,0,-1.0
1093,2,ASP303,-1.0,0.0,0,-1.0
1093,3,TYR410,0.0,-1.0,0,0.0
1093,4,HIS454,0.0,1.0,1,1.0
1093,5,ASP407,-1.0,0.0,0,-1.0
1093,6,HIS414,1.0,0.0,1,0.0
1093,7,ASP103,-1.0,0.0,0,-1.0
1093,8,LYS428,1.0,0.0,0,1.0
1093,9,LYS468,1.0,0.0,0,1.0
1093,10,GLU83,-1.0,0.0,0,-1.0
1094,1,ASP423,-1.0,0.0,0,-1.0
1094,2,HIS54,1.0,0.0,1,0.0
1094,3,GLU403,-1.0,0.0,0,-1.0
1094,4,TYR250,0.0,-1.0,0,0.0
1094,5,GLU251,-1.0,0.0,0,-1.0
1094,6,ASP7,-1.0,0.0,0,-1.0
1094,7,LYS68,1.0,0.0,0,1.0
1094,8,ASP121,-1.0,0.0,0,-1.0
1094,9,ASP263,-1.0,0.0,0,-1.0
1094,10,HIS54,0.0,1.0,1,1.0
1095,1,TYR250,0.0,-1.0,0,0.0
1095,2,HIS254,0.0,1.0,0,0.0
1095,3,ASP407,-1.0,0.0,0,-1.0
1095,4,TYR170,0.0,-1.0,0,0.0
1095,5,ASP247,-1.0,0.0,0,-1.0
1095,6,ARG5,1.0,0.0,0,1.0
1095,7,LYS428,1.0,0.0,0,1.0
1095,8,HIS414,0.0,1.0,0,0.0
1095,9,ASP447,-1.0,0.0,0,-1.0
1095,10,LYS268,1.0,0.0,0,1.0
1096,1,LYS348,1.0,0.0,0,1.0
1096,2,ASP407,-1.0,0.0,0,-1.0
1096,3,GLU131,-1.0,0.0,0,-1.0
1096,4,GLU131,-1.0,0.0,0,-1.0
1096,5,ASP223,-1.0,0.0,0,-1.0
1096,6,GLU62,-1.0,0.0,0,-1.0
1096,7,ARG325,1.0,0.0,0,1.0
1096,8,HIS366,1.0,0.0,1,0.0
1096,9,TYR290,0.0,-1.0,0,0.0
1096,10,HIS166,0.0,1.0,1,1.0
1097,1,HIS13,1.0,0.0,1,0.0
1097,2,GLU182,-1.0,0.0,0,-1.0
1097,3,ASP167,-1.0,0.0,0,-1.0
1097,4,ASP281,-1.0,0.0,0,-1.0
1097,5,HIS254,0.0,1.0,0,0.0
1097,6,GLU3,-1.0,0.0,0,-1.0
1097,7,HIS93,1.0,0.0,1,0.0
1097,8,TYR330,0.0,-1.0,0,0.0
1097,9,ARG245,1.0,0.0,0,1.0
1097,10,GLU451,-1.0,0.0,0,-1.0
1098,1,HIS334,0.0,1.0,1,1.0
1098,2,GLU462,0.0,-1.0,0,0.0
1098,3,HIS446,0.0,1.0,1,1.0
1098,4,GLU222,-1.0,0.0,0,-1.0
1098,5,TYR450,0.0,-1.0,0,0.0
1098,6,ASP367,-1.0,0.0,0,-1.0
1098,7,ASP361,-1.0,0.0,0,-1.0
1098,8,GLU222,-1.0,0.0,0,-1.0
1098,9,ASP383,-1.0,0.0,0,-1.0
1098,10,GLU222,-1.0,0.0,0,-1.0
1099,1,HIS406,0.0,1.0,1,1.0
1099,2,GLU443,-1.0,0.0,0,-1.0
1099,3,ARG445,1.0,0.0,0,1.0
1099,4,ASP287,-1.0,0.0,0,-1.0
1099,5,ARG5,1.0,0.0,0,1.0
1099,6,HIS286,0.0,1.0,1,1.0
1099,7,ARG205,1.0,0.0,0,1.0
1099,8,TYR210,0.0,-1.0,0,0.0
1099,9,GLU323,-1.0,0.0,0,-1.0
1099,10,ASP201,-1.0,0.0,0,-1.0
1100,1,HIS454,1.0,0.0,1,0.0
1100,2,LYS68,1.0,0.0,0,1.0
1100,3,HIS213,1.0,0.0,1,0.0
1100,4,ARG285,1.0,0.0,0,1.0
1100,5,GLU363,-1.0,0.0,0,-1.0
1100,6,ASP343,-1.0,0.0,0,-1.0
1100,7,GLU171,-1.0,0.0,0,-1.0
1100,8,GLU291,-1.0,0.0,0,-1.0
1100,9,ASP343,-1.0,0.0,0,-1.0
1100,10,TYR10,0.0,-1.0,0,0.0
1101,1,ASP127,-1.0,0.0,0,-1.0
1101,2,HIS93,0.0,1.0,0,0.0
1101,3,LYS428,1.0,0.0,0,1.0
1101,4,LYS136,1.0,0.0,0,1.0
1101,5,GLU142,-1.0,0.0,0,-1.0
1101,6,LYS148,1.0,0.0,0,1.0
1101,7,HIS334,1.0,0.0,1,0.0
1101,8,GLU323,-1.0,0.0,0,-1.0
1101,9,GLU163,-1.0,0.0,0,-1.0
1101,10,GLU422,-1.0,0.0,0,-1.0
1102,1,LYS108,1.0,0.0,0,1.0
1102,2,HIS213,0.0,1.0,0,0.0
1102,3,HIS53,0.0,1.0,1,1.0
1102,4,HIS334,0.0,1.0,0,0.0
1102,5,ASP23,-1.0,0.0,0,-1.0
1102,6,ASP361,-1.0,0.0,0,-1.0
1102,7,GLU363,-1.0,0.0,0,-1.0
1102,8,ASP143,-1.0,0.0,0,-1.0
1102,9,HIS14,1.0,0.0,1,0.0
1102,10,LYS336,1.0,0.0,0,1.0
1103,1,ARG5,1.0,0.0,0,1.0
1103,2,ASP367,-1.0,0.0,0,-1.0
1103,3,GLU422,-1.0,0.0,0,-1.0
1103,4,ASP441,-1.0,0.0,0,-1.0
1103,5,HIS206,0.0,1.0,1,1.0
1103,6,HIS14,0.0,1.0,1,1.0
1103,7,ASP121,-1.0,0.0,0,-1.0
1103,8,LYS256,1.0,0.0,0,1.0
1103,9,LYS136,1.0,0.0,0,1.0
1103,10,HIS213,0.0,1.0,1,1.0
1104,1,TYR170,0.0,-1.0,0,0.0
1104,2,ARG125,1.0,0.0,0,1.0
1104,3,GLU443,-1.0,0.0,0,-1.0
1104,4,ASP401,-1.0,0.0,0,-1.0
1104,5,LYS188,1.0,0.0,0,1.0
1104,6,GLU291,-1.0,0.0,0,-1.0
1104,7,TYR370,0.0,-1.0,0,0.0
1104,8,HIS93,0.0,1.0,0,0.0
1104,9,ASP183,-1.0,0.0,0,-1.0
1104,10,TYR250,0.0,-1.0,0,0.0
1105,1,LYS108,1.0,0.0,0,1.0
1105,2,ASP207,-1.0,0.0,0,-1.0
1105,3,ASP161,-1.0,0.0,0,-1.0
1105,4,TYR370,0.0,-1.0,0,0.0
1105,5,TYR410,0.0,-1.0,0,0.0
1105,6,GLU291,-1.0,0.0,0,-1.0
1105,7,TYR410,0.0,-1.0,0,0.0
1105,8,ASP447,-1.0,0.0,0,-1.0
1105,9,HIS253,0.0,1.0,1,1.0
1105,10,TYR410,0.0,-1.0,0,0.0
1106,1,GLU102,-1.0,0.0,0,-1.0
1106,2,TYR170,0.0,-1.0,0,0.0
1106,3,LYS268,1.0,0.0,0,1.0
1106,4,GLU3,-1.0,0.0,0,-1.0
1106,5,ARG85,1.0,0.0,0,1.0
1106,6,GLU142,-1.0,0.0,0,-1.0
1106,7,LYS456,1.0,0.0,1,0.0
1106,8,GLU171,-1.0,0.0,0,-1.0
1106,9,HIS206,1.0,0.0,1,0.0
1106,10,ASP103,-1.0,0.0,0,-1.0
1107,1,ASP247,-1.0,0.0,0,-1.0
1107,2,HIS334,0.0,1.0,1,1.0
1107,3,LYS188,1.0,0.0,0,1.0
1107,4,HIS253,1.0,0.0,1,0.0
1107,5,HIS453,1.0,0.0,1,0.0
1107,6,GLU3,-1.0,0.0,0,-1.0
1107,7,ASP207,-1.0,0.0,0,-1.0
1107,8,ARG5,1.0,0.0,0,1.0
1107,9,HIS174,1.0,0.0,1,0.0
1107,10,LYS176,1.0,0.0,0,1.0
1108,1,HIS54,1.0,0.0,1,0.0
1108,2,TYR370,0.0,-1.0,0,0.0
1108,3,GLU83,-1.0,0.0,0,-1.0
1108,4,TYR450,0.0,-1.0,0,0.0
1108,5,HIS214,0.0,1.0,0,0.0
1108,6,TYR170,0.0,-1.0,0,0.0
1108,7,ASP1,-1.0,0.0,0,-1.0
1108,8,ARG445,1.0,0.0,0,1.0
1108,9,ARG85,1.0,0.0,0,1.0
1108,10,ASP401,-1.0,0.0,0,-1.0
1109,1,GLU182,-1.0,0.0,0,-1.0
1109,2,ARG285,1.0,0.0,0,1.0
1109,3,LYS468,1.0,0.0,0,1.0
1109,4,GLU62,-1.0,0.0,0,-1.0
1109,5,LYS68,1.0,0.0,0,1.0
1109,6,HIS406,1.0,0.0,1,0.0
1109,7,GLU182,-1.0,0.0,0,-1.0
1109,8,TYR50,0.0,-1.0,0,0.0
1109,9,ASP463,-1.0,0.0,0,-1.0
1109,10,GLU331,-1.0,0.0,0,-1.0
1110,1,GLU411,-1.0,0.0,0,-1.0
1110,2,LYS68,1.0,0.0,0,1.0
1110,3,GLU382,-1.0,0.0,0,-1.0
1110,4,ARG85,1.0,0.0,0,1.0
1110,5,ASP207,-1.0,0.0,0,-1.0
1110,6,GLU51,-1.0,0.0,0,-1.0
1110,7,ASP63,-1.0,0.0,0,-1.0
1110,8,ASP1,-1.0,0.0,0,-1.0
1110,9,LYS188,1.0,0.0,0,1.0
1110,10,ASP201,-1.0,0.0,0,-1.0
1111,1,ASP401,-1.0,0.0,0,-1.0
1111,2,LYS148,1.0,0.0,0,1.0
1111,3,LYS296,1.0,0.0,0,1.0
1111,4,ASP303,-1.0,0.0,0,-1.0
1111,5,TYR130,0.0,-1.0,0,0.0
1111,6,HIS133,0.0,1.0,1,1.0
1111,7,GLU131,-1.0,0.0,0,-1.0
1111,8,GLU443,-1.0,0.0,0,-1.0
1111,9,ARG125,1.0,0.0,0,1.0
1111,10,HIS326,0.0,1.0,1,1.0
1112,1,HIS333,1.0,0.0,1,0.0
1112,2,GLU43,-1.0,0.0,0,-1.0
1112,3,GLU371,-1.0,0.0,0,-1.0
1112,4,HIS293,0.0,1.0,1,1.0
1112,5,ARG125,1.0,0.0,0,1.0
1112,6,ASP463,-1.0,0.0,0,-1.0
1112,7,LYS256,1.0,0.0,0,1.0
1112,8,ASP143,-1.0,0.0,0,-1.0
1112,9,HIS93,0.0,1.0,0,0.0
1112,10,GLU102,-1.0,0.0,0,-1.0
1113,1,LYS56,1.0,0.0,0,1.0
1113,2,LYS228,1.0,0.0,0,1.0
1113,3,ASP361,-1.0,0.0,0,-1.0
1113,4,ASP161,-1.0,0.0,0,-1.0
1113,5,GLU291,-1.0,0.0,0,-1.0
1113,6,LYS428,1.0,0.0,0,1.0
1113,7,ASP463,-1.0,0.0,0,-1.0
1113,8,HIS374,0.0,1.0,1,1.0
1113,9,ASP121,-1.0,0.0,0,-1.0
1113,10,LYS376,1.0,0.0,0,1.0
1114,1,LYS16,1.0,0.0,0,1.0
1114,2,HIS366,0.0,1.0,1,1.0
1114,3,ASP143,-1.0,0.0,0,-1.0
1114,4,ASP463,-1.0,0.0,0,-1.0
1114,5,GLU182,-1.0,0.0,0,-1.0
1114,6,ARG325,1.0,0.0,0,1.0
1114,7,LYS256,1.0,0.0,0,1.0
1114,8,GLU291,-1.0,0.0,0,-1.0
1114,9,TYR330,0.0,-1.0,0,0.0
1114,10,HIS246,0.0,1.0,1,1.0
1115,1,GLU3,-1.0,0.0,0,-1.0
1115,2,LYS16,1.0,0.0,0,1.0
1115,3,GLU131,-1.0,0.0,0,-1.0
1115,4,TYR290,0.0,-1.0,0,0.0
1115,5,ASP287,-1.0,0.0,0,-1.0
1115,6,HIS206,0.0,1.0,1,1.0
1115,7,GLU342,-1.0,0.0,0,-1.0
1115,8,GLU363,-1.0,0.0,0,-1.0
1115,9,LYS136,1.0,0.0,0,1.0
1115,10,GLU3,-1.0,0.0,0,-1.0
1116,1,ASP247,-1.0,0.0,0,-1.0
1116,2,GLU22,-1.0,0.0,0,-1.0
1116,3,LYS376,1.0,0.0,0,1.0
1116,4,ASP383,-1.0,0.0,0,-1.0
1116,5,GLU102,-1.0,0.0,0,-1.0
1116,6,HIS453,0.0,1.0,1,1.0
1116,7,LYS428,1.0,0.0,0,1.0
1116,8,HIS413,0.0,1.0,1,1.0
1116,9,LYS108,1.0,0.0,0,1.0
1116,10,TYR450,0.0,-1.0,0,0.0
1117,1,ASP463,-1.0,0.0,0,-1.0
1117,2,TYR210,0.0,-1.0,0,0.0
1117,3,GLU51,-1.0,0.0,0,-1.0
1117,4,ASP383,-1.0,0.0,0,-1.0
1117,5,HIS206,1.0,0.0,1,0.0
1117,6,GLU51,-1.0,0.0,0,-1.0
1117,7,ASP287,-1.0,0.0,0,-1.0
1117,8,GLU142,-1.0,0.0,0,-1.0
1117,9,GLU302,-1.0,0.0,0,-1.0
1117,10,HIS326,1.0,0.0,1,0.0
1118,1,TYR450,0.0,-1.0,0,0.0
1118,2,TYR370,0.0,-1.0,0,0.0
1118,3,GLU382,-1.0,0.0,0,-1.0
1118,4,HIS246,1.0,0.0,1,0.0
1118,5,LYS268,1.0,0.0,0,1.0
1118,6,HIS206,0.0,1.0,1,1.0
1118,7,ASP1,-1.0,0.0,0,-1.0
1118,8,LYS56,1.0,0.0,0,1.0
1118,9,GLU203,-1.0,0.0,0,-1.0
1118,10,GLU451,-1.0,0.0,0,-1.0
1119,1,ASP321,-1.0,0.0,0,-1.0
1119,2,GLU62,-1.0,0.0,0,-1.0
1119,3,GLU51,-1.0,0.0,0,-1.0
1119,4,ASP281,-1.0,0.0,0,-1.0
1119,5,GLU363,-1.0,0.0,0,-1.0
1119,6,ARG405,1.0,0.0,0,1.0
1119,7,TYR10,0.0,-1.0,0,0.0
1119,8,ASP241,-1.0,0.0,0,-1.0
1119,9,ASP303,-1.0,0.0,0,-1.0
1119,10,ARG245,1.0,0.0,0,1.0
1120,1,HIS206,1.0,0.0,1,0.0
1120,2,LYS16,1.0,0.0,0,1.0
1120,3,LYS148,1.0,0.0,0,1.0
1120,4,ASP287,-1.0,0.0,0,-1.0
1120,5,HIS93,0.0,1.0,0,0.0
1120,6,HIS333,0.0,1.0,1,1.0
1120,7,ARG325,1.0,0.0,0,1.0
1120,8,GLU123,-1.0,0.0,0,-1.0
1120,9,LYS456,0.0,1.0,1,1.0
1120,10,ASP383,-1.0,0.0,0,-1.0
1121,1,GLU291,-1.0,0.0,0,-1.0
1121,2,GLU371,-1.0,0.0,0,-1.0
1121,3,ARG125,1.0,0.0,0,1.0
1121,4,ASP23,-1.0,0.0,0,-1.0
1121,5,ARG125,1.0,0.0,0,1.0
1121,6,ARG85,1.0,0.0,0,1.0
1121,7,ASP447,-1.0,0.0,0,-1.0
1121,8,LYS388,1.0,0.0,0,1.0
1121,9,HIS453,1.0,0.0,1,0.0
1121,10,GLU291,-1.0,0.0,0,-1.0
1122,1,HIS166,1.0,0.0,1,0.0
1122,2,ARG325,1.0,0.0,0,1.0
1122,3,HIS46,0.0,1.0,1,1.0
1122,4,LYS96,1.0,0.0,0,1.0
1122,5,ASP263,-1.0,0.0,0,-1.0
1122,6,TYR170,0.0,-1.0,0,0.0
1122,7,TYR10,0.0,-1.0,0,0.0
1122,8,ARG85,1.0,0.0,0,1.0
1122,9,ARG445,1.0,0.0,0,1.0
1122,10,LYS176,1.0,0.0,0,1.0
1123,1,TYR210,0.0,-1.0,0,0.0
1123,2,HIS6,1.0,0.0,1,0.0
1123,3,HIS46,1.0,0.0,1,0.0
1123,4,HIS294,0.0,1.0,0,0.0
1123,5,GLU203,-1.0,0.0,0,-1.0
1123,6,TYR10,0.0,-1.0,0,0.0
1123,7,HIS86,1.0,0.0,1,0.0
1123,8,HIS93,0.0,1.0,0,0.0
1123,9,HIS166,0.0,1.0,0,0.0
1123,10,GLU211,-1.0,0.0,0,-1.0
1124,1,GLU422,-1.0,0.0,0,-1.0
1124,2,GLU422,-1.0,0.0,0,-1.0
1124,3,GLU211,-1.0,0.0,0,-1.0
1124,4,ARG165,1.0,0.0,0,1.0
1124,5,HIS414,0.0,1.0,0,0.0
1124,6,LYS216,1.0,0.0,0,1.0
1124,7,ARG245,1.0,0.0,0,1.0
1124,8,LYS308,1.0,0.0,0,1.0
1124,9,ASP121,-1.0,0.0,0,-1.0
1124,10,HIS133,1.0,0.0,1,0.0
1125,1,GLU182,-1.0,0.0,0,-1.0
1125,2,LYS256,1.0,0.0,0,1.0
1125,3,HIS414,0.0,1.0,0,0.0
1125,4,HIS86,0.0,1.0,0,0.0
1125,5,HIS173,0.0,1.0,0,0.0
1125,6,ARG405,1.0,0.0,0,1.0
1125,7,GLU462,0.0,-1.0,1,-1.0
1125,8,HIS374,1.0,0.0,1,0.0
1125,9,HIS53,1.0,0.0,1,0.0
1125,10,HIS214,0.0,1.0,0,0.0
1126,1,ASP287,-1.0,0.0,0,-1.0
1126,2,GLU251,-1.0,0.0,0,-1.0
1126,3,ARG45,1.0,0.0,0,1.0
1126,4,ARG5,1.0,0.0,0,1.0
1126,5,GLU91,-1.0,0.0,0,-1.0
1126,6,HIS293,1.0,0.0,1,0.0
1126,7,GLU102,-1.0,0.0,0,-1.0
1126,8,TYR370,0.0,-1.0,0,0.0
1126,9,HIS454,0.0,1.0,1,1.0
1126,10,ASP407,-1.0,0.0,0,-1.0
1127,1,GLU262,-1.0,0.0,0,-1.0
1127,2,HIS14,1.0,0.0,1,0.0
1127,3,HIS414,0.0,1.0,0,0.0
1127,4,GLU43,-1.0,0.0,0,-1.0
1127,5,LYS108,1.0,0.0,0,1.0
1127,6,TYR370,0.0,-1.0,0,0.0
1127,7,TYR250,0.0,-1.0,0,0.0
1127,8,TYR330,0.0,-1.0,0,0.0
1127,9,ASP407,-1.0,0.0,0,-1.0
1127,10,HIS373,0.0,1.0,0,0.0
1128,1,ASP121,-1.0,0.0,0,-1.0
1128,2,GLU91,-1.0,0.0,0,-1.0
1128,3,HIS253,0.0,1.0,0,0.0
1128,4,HIS413,1.0,0.0,1,0.0
1128,5,ASP383,-1.0,0.0,0,-1.0
1128,6,HIS46,0.0,1.0,1,1.0
1128,7,GLU203,-1.0,0.0,0,-1.0
1128,8,HIS413,0.0,1.0,0,0.0
1128,9,LYS108,1.0,0.0,0,1.0
1128,10,ARG245,1.0,0.0,0,1.0
1129,1,ASP247,-1.0,0.0,0,-1.0
1129,2,GLU251,-1.0,0.0,0,-1.0
1129,3,HIS373,0.0,1.0,1,1.0
1129,4,LYS268,1.0,0.0,0,1.0
1129,5,ARG245,1.0,0.0,0,1.0
1129,6,TYR330,0.0,-1.0,0,0.0
1129,7,HIS406,0.0,1.0,1,1.0
1129,8,GLU251,-1.0,0.0,0,-1.0
1129,9,LYS296,1.0,0.0,0,1.0
1129,10,HIS166,0.0,1.0,0,0.0
1130,1,GLU171,-1.0,0.0,0,-1.0
1130,2,GLU43,-1.0,0.0,0,-1.0
1130,3,ASP423,-1.0,0.0,0,-1.0
1130,4,GLU371,-1.0,0.0,0,-1.0
1130,5,HIS53,0.0,1.0,1,1.0
1130,6,LYS308,1.0,0.0,0,1.0
1130,7,ARG285,1.0,0.0,0,1.0
1130,8,LYS428,1.0,0.0,0,1.0
1130,9,ASP361,-1.0,0.0,0,-1.0
1130,10,HIS373,1.0,0.0,1,0.0
1131,1,GLU211,-1.0,0.0,0,-1.0
1131,2,ASP223,-1.0,0.0,0,-1.0
1131,3,ASP207,-1.0,0.0,0,-1.0
1131,4,ASP441,-1.0,0.0,0,-1.0
1131,5,GLU11,-1.0,0.0,0,-1.0
1131,6,GLU62,-1.0,0.0,0,-1.0
1131,7,GLU451,-1.0,0.0,0,-1.0
1131,8,ARG5,1.0,0.0,0,1.0
1131,9,ASP63,-1.0,0.0,0,-1.0
1131,10,ASP441,-1.0,0.0,0,-1.0
1132,1,ASP327,-1.0,0.0,0,-1.0
1132,2,ASP401,-1.0,0.0,0,-1.0
1132,3,GLU331,-1.0,0.0,0,-1.0
1132,4,HIS406,1.0,0.0,1,0.0
1132,5,HIS333,1.0,0.0,1,0.0
1132,6,LYS28,1.0,0.0,0,1.0
1132,7,HIS253,0.0,1.0,1,1.0
1132,8,ARG205,1.0,0.0,0,1.0
1132,9,HIS133,0.0,1.0,0,0.0
1132,10,ASP343,-1.0,0.0,0,-1.0
1133,1,ASP441,-1.0,0.0,0,-1.0
1133,2,ARG125,1.0,0.0,0,1.0
1133,3,LYS456,1.0,0.0,0,1.0
1133,4,GLU342,-1.0,0.0,0,-1.0
1133,5,LYS228,1.0,0.0,0,1.0
1133,6,TYR370,0.0,-1.0,0,0.0
1133,7,ARG445,1.0,0.0,0,1.0
1133,8,HIS213,1.0,0.0,1,0.0
1133,9,LYS188,1.0,0.0,0,1.0
1133,10,ASP447,-1.0,0.0,0,-1.0
1134,1,HIS453,0.0,1.0,0,0.0
1134,2,ASP143,-1.0,0.0,0,-1.0
1134,3,HIS173,0.0,1.0,0,0.0
1134,4,GLU382,-1.0,0.0,0,-1.0
1134,5,ASP463,-1.0,0.0,0,-1.0
1134,6,GLU323,-1.0,0.0,0,-1.0
1134,7,ARG405,1.0,0.0,0,1.0
1134,8,LYS308,1.0,0.0,0,1.0
1134,9,GLU182,-1.0,0.0,0,-1.0
1134,10,LYS348,1.0,0.0,0,1.0
1135,1,GLU131,-1.0,0.0,0,-1.0
1135,2,GLU291,-1.0,0.0,0,-1.0
1135,3,HIS253,1.0,0.0,1,0.0
1135,4,LYS348,1.0,0.0,0,1.0
1135,5,LYS456,1.0,0.0,0,1.0
1135,6,ASP167,-1.0,0.0,0,-1.0
1135,7,GLU422,-1.0,0.0,0,-1.0
1135,8,ASP287,-1.0,0.0,0,-1.0
1135,9,ASP321,-1.0,0.0,0,-1.0
1135,10,GLU102,-1.0,0.0,0,-1.0
1136,1,ASP401,-1.0,0.0,0,-1.0
1136,2,HIS293,0.0,1.0,1,1.0
1136,3,TYR130,0.0,-1.0,0,0.0
1136,4,ASP143,-1.0,0.0,0,-1.0
1136,5,HIS134,0.0,1.0,1,1.0
1136,6,TYR250,0.0,-1.0,0,0.0
1136,7,LYS216,1.0,0.0,0,1.0
1136,8,ASP7,-1.0,0.0,0,-1.0
1136,9,HIS54,0.0,1.0,0,0.0
1136,10,ASP441,-1.0,0.0,0,-1.0
1137,1,GLU102,-1.0,0.0,0,-1.0
1137,2,GLU163,-1.0,0.0,0,-1.0
1137,3,ASP423,-1.0,0.0,0,-1.0
1137,4,HIS454,1.0,0.0,1,0.0
1137,5,GLU403,-1.0,0.0,0,-1.0
1137,6,TYR210,0.0,-1.0,0,0.0
1137,7,GLU91,-1.0,0.0,0,-1.0
1137,8,GLU171,-1.0,0.0,0,-1.0
1137,9,GLU462,-1.0,0.0,0,-1.0
1137,10,GLU443,-1.0,0.0,0,-1.0
1138,1,LYS308,1.0,0.0,0,1.0
1138,2,HIS286,1.0,0.0,1,0.0
1138,3,ASP463,-1.0,0.0,0,-1.0
1138,4,HIS93,0.0,1.0,1,1.0
1138,5,TYR130,0.0,-1.0,0,0.0
1138,6,LYS176,1.0,0.0,0,1.0
1138,7,ASP201,-1.0,0.0,0,-1.0
1138,8,ARG405,1.0,0.0,0,1.0
1138,9,GLU171,-1.0,0.0,0,-1.0
1138,10,ASP361,-1.0,0.0,0,-1.0
1139,1,LYS296,1.0,0.0,0,1.0
1139,2,GLU403,-1.0,0.0,0,-1.0
1139,3,HIS333,0.0,1.0,0,0.0
1139,4,HIS374,0.0,1.0,0,0.0
1139,5,HIS213,0.0,1.0,1,1.0
1139,6,GLU403,-1.0,0.0,0,-1.0
1139,7,ASP367,-1.0,0.0,0,-1.0
1139,8,ASP167,-1.0,0.0,0,-1.0
1139,9,ASP183,-1.0,0.0,0,-1.0
1139,10,HIS254,0.0,1.0,1,1.0
1140,1,HIS406,0.0,1.0,1,1.0
1140,2,LYS228,1.0,0.0,0,1.0
1140,3,HIS174,0.0,1.0,0,0.0
1140,4,GLU11,-1.0,0.0,0,-1.0
1140,5,GLU211,-1.0,0.0,0,-1.0
1140,6,ASP143,-1.0,0.0,0,-1.0
1140,7,HIS413,0.0,1.0,1,1.0
1140,8,HIS134,1.0,0.0,1,0.0
1140,9,HIS54,0.0,1.0,0,0.0
1140,10,GLU131,-1.0,0.0,0,-1.0
1141,1,ARG205,1.0,0.0,0,1.0
1141,2,GLU403,-1.0,0.0,0,-1.0
1141,3,ASP121,-1.0,0.0,0,-1.0
1141,4,TYR170,0.0,-1.0,0,0.0
1141,5,ARG5,1.0,0.0,0,1.0
1141,6,HIS13,0.0,1.0,1,1.0
1141,7,HIS206,0.0,1.0,0,0.0
1141,8,HIS13,1.0,0.0,1,0.0
1141,9,HIS46,1.0,0.0,1,0.0
1141,10,TYR10,0.0,-1.0,0,0.0
1142,1,HIS133,0.0,1.0,0,0.0
1142,2,HIS126,1.0,0.0,1,0.0
1142,3,ARG5,1.0,0.0,0,1.0
1142,4,ASP161,-1.0,0.0,0,-1.0
1142,5,HIS246,0.0,1.0,1,1.0
1142,6,HIS326,0.0,1.0,1,1.0
1142,7,ARG325,1.0,0.0,0,1.0
1142,8,GLU62,-1.0,0.0,0,-1.0
1142,9,TYR210,0.0,-1.0,0,0.0
1142,10,ASP103,-1.0,0.0,0,-1.0
1143,1,GLU211,-1.0,0.0,0,-1.0
1143,2,ARG445,1.0,0.0,0,1.0
1143,3,ASP247,-1.0,0.0,0,-1.0
1143,4,ARG5,1.0,0.0,0,1.0
1143,5,HIS406,1.0,0.0,1,0.0
1143,6,GLU323,-1.0,0.0,0,-1.0
1143,7,ARG165,1.0,0.0,0,1.0
1143,8,LYS468,1.0,0.0,0,1.0
1143,9,ASP463,-1.0,0.0,0,-1.0
1143,10,ASP127,-1.0,0.0,0,-1.0
1144,1,ARG285,1.0,0.0,0,1.0
1144,2,LYS96,1.0,0.0,0,1.0
1144,3,LYS256,1.0,0.0,0,1.0
1144,4,GLU51,-1.0,0.0,0,-1.0
1144,5,ASP81,-1.0,0.0,0,-1.0
1144,6,HIS294,0.0,1.0,0,0.0
1144,7,LYS188,1.0,0.0,0,1.0
1144,8,GLU382,-1.0,0.0,0,-1.0
1144,9,ASP361,-1.0,0.0,0,-1.0
1144,10,HIS246,1.0,0.0,1,0.0
1145,1,GLU283,-1.0,0.0,0,-1.0
1145,2,GLU11,-1.0,0.0,0,-1.0
1145,3,GLU462,-1.0,0.0,1,0.0
1145,4,LYS108,1.0,0.0,0,1.0
1145,5,HIS406,0.0,1.0,1,1.0
1145,6,ASP361,-1.0,0.0,0,-1.0
1145,7,HIS374,0.0,1.0,0,0.0
1145,8,GLU451,-1.0,0.0,0,-1.0
1145,9,ASP183,-1.0,0.0,0,-1.0
1145,10,GLU291,-1.0,0.0,0,-1.0
1146,1,ASP223,-1.0,0.0,0,-1.0
1146,2,GLU451,-1.0,0.0,0,-1.0
1146,3,ASP103,-1.0,0.0,0,-1.0
1146,4,ASP447,-1.0,0.0,0,-1.0
1146,5,GLU43,-1.0,0.0,0,-1.0
1146,6,HIS133,0.0,1.0,1,1.0
1146,7,GLU342,-1.0,0.0,0,-1.0
1146,8,HIS173,0.0,1.0,1,1.0
1146,9,LYS428,1.0,0.0,0,1.0
1146,10,ASP47,-1.0,0.0,0,-1.0
1147,1,LYS456,1.0,0.0,0,1.0
1147,2,LYS268,1.0,0.0,0,1.0
1147,3,LYS336,1.0,0.0,0,1.0
1147,4,ASP361,-1.0,0.0,0,-1.0
1147,5,GLU62,-1.0,0.0,0,-1.0
1147,6,ASP383,-1.0,0.0,0,-1.0
1147,7,GLU142,-1.0,0.0,0,-1.0
1147,8,LYS256,1.0,0.0,0,1.0
1147,9,HIS13,0.0,1.0,1,1.0
1147,10,ASP81,-1.0,0.0,0,-1.0
1148,1,ASP361,-1.0,0.0,0,-1.0
1148,2,HIS453,0.0,1.0,0,0.0
1148,3,ASP327,-1.0,0.0,0,-1.0
1148,4,HIS246,0.0,1.0,1,1.0
1148,5,ASP321,-1.0,0.0,0,-1.0
1148,6,ASP361,-1.0,0.0,0,-1.0
1148,7,ASP1,-1.0,0.0,0,-1.0
1148,8,GLU62,-1.0,0.0,0,-1.0
1148,9,GLU131,-1.0,0.0,0,-1.0
1148,10,HIS254,1.0,0.0,1,0.0
1149,1,GLU462,0.0,-1.0,1,-1.0
1149,2,TYR330,0.0,-1.0,0,0.0
1149,3,HIS174,0.0,1.0,0,0.0
1149,4,HIS286,0.0,1.0,1,1.0
1149,5,HIS374,0.0,1.0,0,0.0
1149,6,ASP423,-1.0,0.0,0,-1.0
1149,7,GLU203,-1.0,0.0,0,-1.0
1149,8,ASP463,-1.0,0.0,0,-1.0
1149,9,TYR370,0.0,-1.0,0,0.0
1149,10,HIS374,0.0,1.0,0,0.0
1150,1,TYR410,0.0,-1.0,0,0.0
1150,2,ASP383,-1.0,0.0,0,-1.0
1150,3,ASP343,-1.0,0.0,0,-1.0
1150,4,LYS188,1.0,0.0,0,1.0
1150,5,GLU123,-1.0,0.0,0,-1.0
1150,6,ASP127,-1.0,0.0,0,-1.0
1150,7,ASP7,-1.0,0.0,0,-1.0
1150,8,HIS454,0.0,1.0,1,1.0
1150,9,ASP87,-1.0,0.0,0,-1.0
1150,10,ASP401,-1.0,0.0,0,-1.0
1151,1,ASP367,-1.0,0.0,0,-1.0
1151,2,ASP247,-1.0,0.0,0,-1.0
1151,3,ASP167,-1.0,0.0,0,-1.0
1151,4,HIS293,1.0,0.0,1,0.0
1151,5,HIS366,1.0,0.0,1,0.0
1151,6,ARG325,1.0,0.0,0,1.0
1151,7,GLU3,-1.0,0.0,0,-1.0
1151,8,HIS326,1.0,0.0,0,1.0
1151,9,HIS46,0.0,1.0,0,0.0
1151,10,HIS53,1.0,0.0,1,0.0
1152,1,HIS254,0.0,1.0,1,1.0
1152,2,ASP183,-1.0,0.0,0,-1.0
1152,3,LYS388,1.0,0.0,0,1.0
1152,4,HIS13,1.0,0.0,1,0.0
1152,5,LYS296,1.0,0.0,0,1.0
1152,6,TYR210,0.0,-1.0,0,0.0
1152,7,ARG125,1.0,0.0,0,1.0
1152,8,TYR290,0.0,-1.0,0,0.0
1152,9,ASP103,-1.0,0.0,0,-1.0
1152,10,ASP281,-1.0,0.0,0,-1.0
1153,1,TYR90,0.0,-1.0,0,0.0
1153,2,HIS54,0.0,1.0,1,1.0
1153,3,ASP1,-1.0,0.0,0,-1.0
1153,4,GLU123,-1.0,0.0,0,-1.0
1153,5,LYS228,1.0,0.0,0,1.0
1153,6,HIS53,0.0,1.0,0,0.0
1153,7,LYS176,1.0,0.0,0,1.0
1153,8,ASP23,-1.0,0.0,0,-1.0
1153,9,LYS256,1.0,0.0,0,1.0
1153,10,ARG285,1.0,0.0,0,1.0
1154,1,TYR210,0.0,-1.0,0,0.0
1154,2,HIS166,0.0,1.0,1,1.0
1154,3,ASP281,-1.0,0.0,0,-1.0
1154,4,ASP423,-1.0,0.0,0,-1.0
1154,5,GLU443,-1.0,0.0,0,-1.0
1154,6,GLU102,-1.0,0.0,0,-1.0
1154,7,TYR170,0.0,-1.0,0,0.0
1154,8,LYS108,1.0,0.0,0,1.0
1154,9,ARG125,1.0,0.0,0,1.0
1154,10,LYS268,1.0,0.0,0,1.0
1155,1,ASP207,-1.0,0.0,0,-1.0
1155,2,GLU51,-1.0,0.0,0,-1.0
1155,3,HIS214,0.0,1.0,0,0.0
1155,4,LYS416,1.0,0.0,0,1.0
1155,5,LYS336,1.0,0.0,0,1.0
1155,6,GLU451,-1.0,0.0,0,-1.0
1155,7,ASP281,-1.0,0.0,0,-1.0
1155,8,GLU102,-1.0,0.0,0,-1.0
1155,9,ARG125,1.0,0.0,0,1.0
1155,10,HIS46,0.0,1.0,1,1.0
1156,1,ASP441,-1.0,0.0,0,-1.0
1156,2,GLU3,-1.0,0.0,0,-1.0
1156,3,HIS293,0.0,1.0,1,1.0
1156,4,TYR50,0.0,-1.0,0,0.0
1156,5,GLU363,-1.0,0.0,0,-1.0
1156,6,GLU451,-1.0,0.0,0,-1.0
1156,7,ARG85,1.0,0.0,0,1.0
1156,8,GLU371,-1.0,0.0,0,-1.0
1156,9,GLU83,-1.0,0.0,0,-1.0
1156,10,ARG365,1.0,0.0,0,1.0
1157,1,ASP367,-1.0,0.0,0,-1.0
1157,2,LYS256,1.0,0.0,0,1.0
1157,3,GLU43,-1.0,0.0,0,-1.0
1157,4,LYS336,1.0,0.0,0,1.0
1157,5,ASP263,-1.0,0.0,0,-1.0
1157,6,TYR210,0.0,-1.0,0,0.0
1157,7,GLU91,-1.0,0.0,0,-1.0
1157,8,LYS188,1.0,0.0,0,1.0
1157,9,ASP87,-1.0,0.0,0,-1.0
1157,10,ASP23,-1.0,0.0,0,-1.0
1158,1,HIS54,1.0,0.0,1,0.0
1158,2,GLU211,-1.0,0.0,0,-1.0
1158,3,ARG165,1.0,0.0,0,1.0
1158,4,TYR130,0.0,-1.0,0,0.0
1158,5,HIS166,1.0,0.0,1,0.0
1158,6,GLU91,-1.0,0.0,0,-1.0
1158,7,LYS176,1.0,0.0,0,1.0
1158,8,GLU422,-1.0,0.0,0,-1.0
1158,9,HIS173,1.0,0.0,1,0.0
1158,10,HIS174,0.0,1.0,1,1.0
1159,1,ASP281,-1.0,0.0,0,-1.0
1159,2,HIS166,0.0,1.0,1,1.0
1159,3,GLU211,-1.0,0.0,0,-1.0
1159,4,TYR10,0.0,-1.0,0,0.0
1159,5,TYR10,0.0,-1.0,0,0.0
1159,6,HIS406,1.0,0.0,1,0.0
1159,7,ASP247,-1.0,0.0,0,-1.0
1159,8,GLU142,-1.0,0.0,0,-1.0
1159,9,ASP161,-1.0,0.0,0,-1.0
1159,10,GLU22,-1.0,0.0,0,-1.0
1160,1,HIS254,1.0,0.0,1,0.0
1160,2,LYS296,1.0,0.0,0,1.0
1160,3,HIS14,0.0,1.0,0,0.0
1160,4,ASP287,-1.0,0.0,0,-1.0
1160,5,TYR10,0.0,-1.0,0,0.0
1160,6,TYR250,0.0,-1.0,0,0.0
1160,7,TYR330,0.0,-1.0,0,0.0
1160,8,HIS446,1.0,0.0,1,0.0
1160,9,ARG165,1.0,0.0,0,1.0
1160,10,GLU123,-1.0,0.0,0,-1.0
1161,1,HIS93,1.0,0.0,1,0.0
1161,2,GLU363,-1.0,0.0,0,-1.0
1161,3,LYS308,1.0,0.0,0,1.0
1161,4,GLU163,-1.0,0.0,0,-1.0
1161,5,HIS334,1.0,0.0,1,0.0
1161,6,LYS108,1.0,0.0,0,1.0
1161,7,LYS308,1.0,0.0,0,1.0
1161,8,TYR130,0.0,-1.0,0,0.0
1161,9,LYS56,1.0,0.0,0,1.0
1161,10,LYS216,1.0,0.0,0,1.0
1162,1,LYS296,1.0,0.0,0,1.0
1162,2,ASP401,-1.0,0.0,0,-1.0
1162,3,GLU3,-1.0,0.0,0,-1.0
1162,4,ARG325,1.0,0.0,0,1.0
1162,5,HIS246,1.0,0.0,1,0.0
1162,6,HIS373,0.0,1.0,1,1.0
1162,7,HIS294,0.0,1.0,0,0.0
1162,8,TYR330,0.0,-1.0,0,0.0
1162,9,GLU22,-1.0,0.0,0,-1.0
1162,10,GLU22,-1.0,0.0,0,-1.0
1163,1,HIS254,0.0,1.0,0,0.0
1163,2,GLU243,-1.0,0.0,0,-1.0
1163,3,LYS348,1.0,0.0,0,1.0
1163,4,GLU451,-1.0,0.0,0,-1.0
1163,5,ARG205,1.0,0.0,0,1.0
1163,6,TYR10,0.0,-1.0,0,0.0
1163,7,LYS456,1.0,0.0,0,1.0
1163,8,ARG405,1.0,0.0,0,1.0
1163,9,GLU3,-1.0,0.0,0,-1.0
1163,10,HIS246,0.0,1.0,0,0.0
1164,1,HIS134,0.0,1.0,1,1.0
1164,2,HIS6,0.0,1.0,1,1.0
1164,3,HIS293,1.0,0.0,1,0.0
1164,4,HIS166,1.0,0.0,1,0.0
1164,5,HIS374,0.0,1.0,0,0.0
1164,6,LYS68,1.0,0.0,0,1.0
1164,7,ASP383,-1.0,0.0,0,-1.0
1164,8,GLU171,-1.0,0.0,0,-1.0
1164,9,HIS293,0.0,1.0,1,1.0
1164,10,LYS268,1.0,0.0,0,1.0
1165,1,TYR330,0.0,-1.0,0,0.0
1165,2,TYR210,0.0,-1.0,0,0.0
1165,3,HIS93,0.0,1.0,0,0.0
1165,4,GLU43,-1.0,0.0,0,-1.0
1165,5,TYR170,0.0,-1.0,0,0.0
1165,6,HIS454,1.0,0.0,1,0.0
1165,7,HIS214,0.0,1.0,1,1.0
1165,8,LYS228,1.0,0.0,0,1.0
1165,9,HIS334,0.0,1.0,1,1.0
1165,10,GLU331,-1.0,0.0,0,-1.0
1166,1,GLU3,-1.0,0.0,0,-1.0
1166,2,HIS54,0.0,1.0,1,1.0
1166,3,ASP183,-1.0,0.0,0,-1.0
1166,4,HIS93,0.0,1.0,1,1.0
1166,5,LYS148,1.0,0.0,0,1.0
1166,6,LYS28,1.0,0.0,0,1.0
1166,7,ASP447,-1.0,0.0,0,-1.0
1166,8,ASP7,-1.0,0.0,0,-1.0
1166,9,GLU302,-1.0,0.0,0,-1.0
1166,10,TYR290,0.0,-1.0,0,0.0
1167,1,GLU331,-1.0,0.0,0,-1.0
1167,2,ASP161,-1.0,0.0,0,-1.0
1167,3,HIS406,0.0,1.0,1,1.0
1167,4,GLU422,-1.0,0.0,0,-1.0
1167,5,GLU222,-1.0,0.0,0,-1.0
1167,6,GLU203,-1.0,0.0,0,-1.0
1167,7,GLU462,-1.0,0.0,1,0.0
1167,8,ASP223,-1.0,0.0,0,-1.0
1167,9,ASP183,-1.0,0.0,0,-1.0
1167,10,GLU403,-1.0,0.0,0,-1.0
1168,1,ASP81,-1.0,0.0,0,-1.0
1168,2,GLU182,-1.0,0.0,0,-1.0
1168,3,HIS13,0.0,1.0,1,1.0
1168,4,ARG285,1.0,0.0,0,1.0
1168,5,LYS348,1.0,0.0,0,1.0
1168,6,ASP201,-1.0,0.0,0,-1.0
1168,7,GLU443,-1.0,0.0,0,-1.0
1168,8,LYS468,1.0,0.0,0,1.0
1168,9,GLU462,0.0,-1.0,0,0.0
1168,10,LYS348,1.0,0.0,0,1.0
1169,1,HIS253,0.0,1.0,0,0.0
1169,2,HIS214,1.0,0.0,1,0.0
1169,3,ASP447,-1.0,0.0,0,-1.0
1169,4,HIS413,1.0,0.0,1,0.0
1169,5,GLU22,-1.0,0.0,0,-1.0
1169,6,LYS176,1.0,0.0,0,1.0
1169,7,HIS254,0.0,1.0,0,0.0
1169,8,LYS456,1.0,0.0,0,1.0
1169,9,ASP1,-1.0,0.0,0,-1.0
1169,10,ASP223,-1.0,0.0,0,-1.0
1170,1,HIS333,0.0,1.0,1,1.0
1170,2,LYS456,1.0,0.0,0,1.0
1170,3,GLU251,-1.0,0.0,0,-1.0
1170,4,LYS136,1.0,0.0,0,1.0
1170,5,LYS136,1.0,0.0,0,1.0
1170,6,ASP47,-1.0,0.0,0,-1.0
1170,7,HIS86,0.0,1.0,1,1.0
1170,8,ASP241,-1.0,0.0,0,-1.0
1170,9,HIS413,0.0,1.0,0,0.0
1170,10,LYS16,1.0,0.0,0,1.0
1171,1,HIS286,1.0,0.0,1,0.0
1171,2,ASP201,-1.0,0.0,0,-1.0
1171,3,TYR410,0.0,-1.0,0,0.0
1171,4,TYR170,0.0,-1.0,0,0.0
1171,5,HIS94,0.0,1.0,0,0.0
1171,6,TYR50,0.0,-1.0,0,0.0
1171,7,LYS428,1.0,0.0,0,1.0
1171,8,TYR450,0.0,-1.0,0,0.0
1171,9,HIS93,1.0,0.0,1,0.0
1171,10,ASP87,-1.0,0.0,0,-1.0
1172,1,ASP407,-1.0,0.0,0,-1.0
1172,2,HIS13,1.0,0.0,1,0.0
1172,3,ARG405,1.0,0.0,0,1.0
1172,4,HIS53,0.0,1.0,1,1.0
1172,5,ASP87,-1.0,0.0,0,-1.0
1172,6,ASP87,-1.0,0.0,0,-1.0
1172,7,ASP81,-1.0,0.0,0,-1.0
1172,8,ARG5,1.0,0.0,0,1.0
1172,9,GLU62,-1.0,0.0,0,-1.0
1172,10,ARG205,1.0,0.0,0,1.0
1173,1,GLU222,-1.0,0.0,0,-1.0
1173,2,ASP263,-1.0,0.0,0,-1.0
1173,3,GLU211,-1.0,0.0,0,-1.0
1173,4,GLU283,-1.0,0.0,0,-1.0
1173,5,GLU163,-1.0,0.0,0,-1.0
1173,6,HIS286,0.0,1.0,1,1.0
1173,7,GLU11,-1.0,0.0,0,-1.0
1173,8,HIS93,0.0,1.0,0,0.0
1173,9,ARG5,1.0,0.0,0,1.0
1173,10,GLU163,-1.0,0.0,0,-1.0
1174,1,ASP361,-1.0,0.0,0,-1.0
1174,2,ASP241,-1.0,0.0,0,-1.0
1174,3,GLU182,-1.0,0.0,0,-1.0
1174,4,GLU323,-1.0,0.0,0,-1.0
1174,5,ARG5,1.0,0.0,0,1.0
1174,6,ASP127,-1.0,0.0,0,-1.0
1174,7,LYS176,1.0,0.0,0,1.0
1174,8,LYS228,1.0,0.0,0,1.0
1174,9,HIS333,1.0,0.0,1,0.0
1174,10,TYR90,0.0,-1.0,0,0.0
1175,1,ARG285,1.0,0.0,0,1.0
1175,2,ASP121,-1.0,0.0,0,-1.0
1175,3,ASP1,-1.0,0.0,0,-1.0
1175,4,ASP127,-1.0,0.0,0,-1.0
1175,5,ASP441,-1.0,0.0,0,-1.0
1175,6,GLU182,-1.0,0.0,0,-1.0
1175,7,ASP127,-1.0,0.0,0,-1.0
1175,8,LYS28,1.0,0.0,0,1.0
1175,9,ASP303,-1.0,0.0,0,-1.0
1175,10,ASP321,-1.0,0.0,0,-1.0
1176,1,HIS173,0.0,1.0,0,0.0
1176,2,ASP103,-1.0,0.0,0,-1.0
1176,3,LYS428,1.0,0.0,0,1.0
1176,4,HIS86,1.0,0.0,1,0.0
1176,5,ASP287,-1.0,0.0,0,-1.0
1176,6,GLU283,-1.0,0.0,0,-1.0
1176,7,ASP327,-1.0,0.0,0,-1.0
1176,8,TYR370,0.0,-1.0,0,0.0
1176,9,ASP287,-1.0,0.0,0,-1.0
1176,10,ASP121,-1.0,0.0,0,-1.0
1177,1,ASP23,-1.0,0.0,0,-1.0
1177,2,HIS413,0.0,1.0,1,1.0
1177,3,HIS133,1.0,0.0,1,0.0
1177,4,HIS373,1.0,0.0,1,0.0
1177,5,GLU203,-1.0,0.0,0,-1.0
1177,6,ASP1,-1.0,0.0,0,-1.0
1177,7,GLU323,-1.0,0.0,0,-1.0
1177,8,HIS134,1.0,0.0,1,0.0
1177,9,TYR170,0.0,-1.0,0,0.0
1177,10,HIS374,0.0,1.0,0,0.0
1178,1,HIS133,0.0,1.0,1,1.0
1178,2,HIS326,1.0,0.0,1,0.0
1178,3,ASP463,-1.0,0.0,0,-1.0
1178,4,ARG285,1.0,0.0,0,1.0
1178,5,GLU62,-1.0,0.0,0,-1.0
1178,6,LYS456,1.0,0.0,0,1.0
1178,7,HIS406,1.0,0.0,1,0.0
1178,8,HIS446,0.0,1.0,0,0.0
1178,9,HIS254,0.0,1.0,0,0.0
1178,10,GLU3,-1.0,0.0,0,-1.0
1179,1,LYS256,1.0,0.0,0,1.0
1179,2,HIS453,0.0,1.0,0,0.0
1179,3,TYR210,0.0,-1.0,0,0.0
1179,4,ASP41,-1.0,0.0,0,-1.0
1179,5,HIS174,1.0,0.0,1,0.0
1179,6,ASP183,-1.0,0.0,0,-1.0
1179,7,GLU382,-1.0,0.0,0,-1.0
1179,8,ARG245,1.0,0.0,0,1.0
1179,9,ARG165,1.0,0.0,0,1.0
1179,10,TYR50,0.0,-1.0,0,0.0
1180,1,TYR10,0.0,-1.0,0,0.0
1180,2,GLU43,-1.0,0.0,0,-1.0
1180,3,ASP407,-1.0,0.0,0,-1.0
1180,4,HIS134,0.0,1.0,1,1.0
1180,5,GLU403,-1.0,0.0,0,-1.0
1180,6,LYS388,1.0,0.0,0,1.0
1180,7,GLU83,-1.0,0.0,0,-1.0
1180,8,LYS376,1.0,0.0,0,1.0
1180,9,ASP183,-1.0,0.0,0,-1.0
1180,10,GLU382,-1.0,0.0,0,-1.0
1181,1,LYS216,1.0,0.0,0,1.0
1181,2,LYS136,1.0,0.0,0,1.0
1181,3,ASP7,-1.0,0.0,0,-1.0
1181,4,ASP423,-1.0,0.0,0,-1.0
1181,5,GLU163,-1.0,0.0,0,-1.0
1181,6,ASP321,-1.0,0.0,0,-1.0
1181,7,LYS108,1.0,0.0,0,1.0
1181,8,GLU43,-1.0,0.0,0,-1.0
1181,9,TYR370,0.0,-1.0,0,0.0
1181,10,ASP207,-1.0,0.0,0,-1.0
1182,1,HIS454,0.0,1.0,1,1.0
1182,2,HIS6,1.0,0.0,1,0.0
1182,3,TYR210,0.0,-1.0,0,0.0
1182,4,ARG445,1.0,0.0,0,1.0
1182,5,LYS136,1.0,0.0,0,1.0
1182,6,ARG325,1.0,0.0,0,1.0
1182,7,GLU83,-1.0,0.0,0,-1.0
1182,8,GLU22,-1.0,0.0,0,-1.0
1182,9,HIS374,0.0,1.0,1,1.0
1182,10,HIS166,0.0,1.0,1,1.0
1183,1,ASP447,-1.0,0.0,0,-1.0
1183,2,HIS373,0.0,1.0,1,1.0
1183,3,ASP401,-1.0,0.0,0,-1.0
1183,4,TYR370,0.0,-1.0,0,0.0
1183,5,ARG245,1.0,0.0,0,1.0
1183,6,ASP367,-1.0,0.0,0,-1.0
1183,7,LYS56,1.0,0.0,0,1.0
1183,8,ASP167,-1.0,0.0,0,-1.0
1183,9,LYS148,1.0,0.0,0,1.0
1183,10,GLU411,-1.0,0.0,0,-1.0
1184,1,HIS253,0.0,1.0,1,1.0
1184,2,LYS68,1.0,0.0,0,1.0
1184,3,GLU22,-1.0,0.0,0,-1.0
1184,4,HIS454,1.0,0.0,1,0.0
1184,5,GLU243,-1.0,0.0,0,-1.0
1184,6,ASP463,-1.0,0.0,0,-1.0
1184,7,HIS6,0.0,1.0,1,1.0
1184,8,HIS133,1.0,0.0,1,0.0
1184,9,HIS246,0.0,1.0,1,1.0
1184,10,TYR250,0.0,-1.0,0,0.0
1185,1,HIS53,1.0,0.0,1,0.0
1185,2,HIS253,1.0,0.0,1,0.0
1185,3,TYR170,0.0,-1.0,0,0.0
1185,4,TYR290,0.0,-1.0,0,0.0
1185,5,ASP121,-1.0,0.0,0,-1.0
1185,6,GLU11,-1.0,0.0,0,-1.0
1185,7,ASP463,-1.0,0.0,0,-1.0
1185,8,GLU243,-1.0,0.0,0,-1.0
1185,9,HIS454,0.0,1.0,1,1.0
1185,10,HIS366,0.0,1.0,1,1.0
1186,1,LYS376,1.0,0.0,0,1.0
1186,2,ASP87,-1.0,0.0,0,-1.0
1186,3,HIS366,1.0,0.0,1,0.0
1186,4,ASP287,-1.0,0.0,0,-1.0
1186,5,GLU342,-1.0,0.0,0,-1.0
1186,6,ASP63,-1.0,0.0,0,-1.0
1186,7,ASP167,-1.0,0.0,0,-1.0
1186,8,GLU83,-1.0,0.0,0,-1.0
1186,9,ASP41,-1.0,0.0,0,-1.0
1186,10,ASP143,-1.0,0.0,0,-1.0
1187,1,LYS68,1.0,0.0,0,1.0
1187,2,ASP1,-1.0,0.0,0,-1.0
1187,3,ARG45,1.0,0.0,0,1.0
1187,4,HIS94,0.0,1.0,1,1.0
1187,5,ASP463,-1.0,0.0,0,-1.0
1187,6,GLU211,-1.0,0.0,0,-1.0
1187,7,ASP201,-1.0,0.0,0,-1.0
1187,8,ASP303,-1.0,0.0,0,-1.0
1187,9,LYS228,1.0,0.0,0,1.0
1187,10,HIS166,1.0,0.0,1,0.0
1188,1,LYS428,1.0,0.0,0,1.0
1188,2,LYS176,1.0,0.0,0,1.0
1188,3,GLU443,-1.0,0.0,0,-1.0
1188,4,GLU51,-1.0,0.0,0,-1.0
1188,5,GLU411,-1.0,0.0,0,-1.0
1188,6,GLU283,-1.0,0.0,0,-1.0
1188,7,LYS188,1.0,0.0,0,1.0
1188,8,ASP367,-1.0,0.0,0,-1.0
1188,9,GLU203,-1.0,0.0,0,-1.0
1188,10,LYS388,1.0,0.0,0,1.0
1189,1,HIS334,1.0,0.0,1,0.0
1189,2,ASP423,-1.0,0.0,0,-1.0
1189,3,LYS108,1.0,0.0,0,1.0
1189,4,HIS373,1.0,0.0,1,0.0
1189,5,GLU203,-1.0,0.0,0,-1.0
1189,6,ASP161,-1.0,0.0,0,-1.0
1189,7,GLU422,-1.0,0.0,0,-1.0
1189,8,HIS453,0.0,1.0,0,0.0
1189,9,HIS293,1.0,0.0,1,0.0
1189,10,HIS54,1.0,0.0,1,0.0
1190,1,ASP41,-1.0,0.0,0,-1.0
1190,2,HIS126,0.0,1.0,1,1.0
1190,3,LYS468,1.0,0.0,0,1.0
1190,4,GLU382,-1.0,0.0,0,-1.0
1190,5,GLU131,-1.0,0.0,0,-1.0
1190,6,LYS428,1.0,0.0,0,1.0
1190,7,GLU323,-1.0,0.0,0,-1.0
1190,8,ARG285,1.0,0.0,0,1.0
1190,9,ARG325,1.0,0.0,0,1.0
1190,10,ARG245,1.0,0.0,0,1.0
1191,1,HIS133,0.0,1.0,0,0.0
1191,2,ASP121,-1.0,0.0,0,-1.0
1191,3,ASP23,-1.0,0.0,0,-1.0
1191,4,LYS416,1.0,0.0,0,1.0
1191,5,LYS56,1.0,0.0,0,1.0
1191,6,HIS213,1.0,0.0,1,0.0
1191,7,LYS28,1.0,0.0,0,1.0
1191,8,ARG285,1.0,0.0,0,1.0
1191,9,GLU262,-1.0,0.0,0,-1.0
1191,10,ARG405,1.0,0.0,0,1.0
1192,1,HIS373,0.0,1.0,0,0.0
1192,2,GLU371,-1.0,0.0,0,-1.0
1192,3,LYS456,1.0,0.0,0,1.0
1192,4,TYR90,0.0,-1.0,0,0.0
1192,5,ASP447,-1.0,0.0,0,-1.0
1192,6,HIS293,0.0,1.0,1,1.0
1192,7,GLU382,-1.0,0.0,0,-1.0
1192,8,ASP41,-1.0,0.0,0,-1.0
1192,9,ASP327,-1.0,0.0,0,-1.0
1192,10,TYR330,0.0,-1.0,0,0.0
1193,1,LYS428,1.0,0.0,0,1.0
1193,2,LYS376,1.0,0.0,0,1.0
1193,3,ASP367,-1.0,0.0,0,-1.0
1193,4,ASP247,-1.0,0.0,0,-1.0
1193,5,GLU403,-1.0,0.0,0,-1.0
1193,6,HIS413,1.0,0.0,1,0.0
1193,7,GLU142,-1.0,0.0,0,-1.0
1193,8,LYS376,1.0,0.0,0,1.0
1193,9,ASP321,-1.0,0.0,0,-1.0
1193,10,ARG85,1.0,0.0,0,1.0
1194,1,ARG125,1.0,0.0,0,1.0
1194,2,TYR410,0.0,-1.0,0,0.0
1194,3,LYS376,1.0,0.0,0,1.0
1194,4,ARG445,1.0,0.0,0,1.0
1194,5,GLU51,-1.0,0.0,0,-1.0
1194,6,ASP303,-1.0,0.0,0,-1.0
1194,7,ARG5,1.0,0.0,0,1.0
1194,8,ASP327,-1.0,0.0,0,-1.0
1194,9,HIS286,1.0,0.0,1,0.0
1194,10,ASP367,-1.0,0.0,0,-1.0
1195,1,ASP223,-1.0,0.0,0,-1.0
1195,2,GLU51,-1.0,0.0,0,-1.0
1195,3,GLU371,-1.0,0.0,0,-1.0
1195,4,HIS413,0.0,1.0,0,0.0
1195,5,GLU363,-1.0,0.0,0,-1.0
1195,6,TYR210,0.0,-1.0,0,0.0
1195,7,HIS414,0.0,1.0,1,1.0
1195,8,HIS254,0.0,1.0,1,1.0
1195,9,LYS16,1.0,0.0,0,1.0
1195,10,HIS406,0.0,1.0,1,1.0
1196,1,HIS54,0.0,1.0,1,1.0
1196,2,GLU211,-1.0,0.0,0,-1.0
1196,3,GLU422,-1.0,0.0,0,-1.0
1196,4,GLU451,-1.0,0.0,0,-1.0
1196,5,ARG285,1.0,0.0,0,1.0
1196,6,GLU371,-1.0,0.0,0,-1.0
1196,7,GLU51,-1.0,0.0,0,-1.0
1196,8,HIS326,0.0,1.0,1,1.0
1196,9,HIS254,1.0,0.0,1,0.0
1196,10,TYR250,0.0,-1.0,0,0.0
1197,1,ASP41,-1.0,0.0,0,-1.0
1197,2,ASP441,-1.0,0.0,0,-1.0
1197,3,LYS416,1.0,0.0,0,1.0
1197,4,ARG205,1.0,0.0,0,1.0
1197,5,ASP361,-1.0,0.0,0,-1.0
1197,6,HIS46,1.0,0.0,1,0.0
1197,7,TYR370,0.0,-1.0,0,0.0
1197,8,HIS166,0.0,1.0,1,1.0
1197,9,LYS108,1.0,0.0,0,1.0
1197,10,HIS86,0.0,1.0,1,1.0
1198,1,LYS148,1.0,0.0,0,1.0
1198,2,HIS286,0.0,1.0,1,1.0
1198,3,HIS254,0.0,1.0,1,1.0
1198,4,ARG325,1.0,0.0,0,1.0
1198,5,HIS294,0.0,1.0,0,0.0
1198,6,GLU51,-1.0,0.0,0,-1.0
1198,7,GLU302,-1.0,0.0,0,-1.0
1198,8,ASP343,-1.0,0.0,0,-1.0
1198,9,ASP81,-1.0,0.0,0,-1.0
1198,10,ARG445,1.0,0.0,0,1.0
1199,1,HIS13,0.0,1.0,1,1.0
1199,2,GLU163,-1.0,0.0,0,-1.0
1199,3,HIS166,1.0,0.0,1,0.0
1199,4,ASP303,-1.0,0.0,0,-1.0
1199,5,LYS348,1.0,0.0,0,1.0
1199,6,GLU211,-1.0,0.0,0,-1.0
1199,7,HIS6,1.0,0.0,1,0.0
1199,8,ASP183,-1.0,0.0,0,-1.0
1199,9,ASP441,-1.0,0.0,0,-1.0
1199,10,TYR170,0.0,-1.0,0,0.0
1200,1,LYS416,1.0,0.0,0,1.0
1200,2,HIS166,0.0,1.0,1,1.0
1200,3,HIS366,0.0,1.0,1,1.0
1200,4,HIS254,1.0,0.0,1,0.0
1200,5,GLU203,-1.0,0.0,0,-1.0
1200,6,GLU203,-1.0,0.0,0,-1.0
1200,7,ASP367,-1.0,0.0,0,-1.0
1200,8,TYR50,0.0,-1.0,0,0.0
1200,9,LYS348,1.0,0.0,0,1.0
1200,10,GLU102,-1.0,0.0,0,-1.0
1201,1,HIS173,0.0,1.0,1,1.0
1201,2,GLU51,-1.0,0.0,0,-1.0
1201,3,LYS216,1.0,0.0,0,1.0
1201,4,GLU342,-1.0,0.0,0,-1.0
1201,5,HIS246,1.0,0.0,1,0.0
1201,6,GLU102,-1.0,0.0,0,-1.0
1201,7,ASP223,-1.0,0.0,0,-1.0
1201,8,ASP103,-1.0,0.0,0,-1.0
1201,9,HIS253,0.0,1.0,0,0.0
1201,10,LYS308,1.0,0.0,0,1.0
1202,1,LYS428,1.0,0.0,0,1.0
1202,2,GLU451,-1.0,0.0,0,-1.0
1202,3,HIS333,0.0,1.0,1,1.0
1202,4,TYR370,0.0,-1.0,0,0.0
1202,5,ASP41,-1.0,0.0,0,-1.0
1202,6,LYS376,1.0,0.0,0,1.0
1202,7,GLU243,-1.0,0.0,0,-1.0
1202,8,LYS468,1.0,0.0,0,1.0
1202,9,ARG85,1.0,0.0,0,1.0
1202,10,ARG365,1.0,0.0,0,1.0
1203,1,HIS366,1.0,0.0,1,0.0
1203,2,HIS166,1.0,0.0,1,0.0
1203,3,ASP167,-1.0,0.0,0,-1.0
1203,4,ASP343,-1.0,0.0,0,-1.0
1203,5,HIS454,1.0,0.0,1,0.0
1203,6,LYS296,1.0,0.0,0,1.0
1203,7,ASP327,-1.0,0.0,0,-1.0
1203,8,ASP201,-1.0,0.0,0,-1.0
1203,9,LYS468,1.0,0.0,0,1.0
1203,10,LYS148,1.0,0.0,0,1.0
1204,1,LYS28,1.0,0.0,0,1.0
1204,2,TYR210,0.0,-1.0,0,0.0
1204,3,HIS366,0.0,1.0,1,1.0
1204,4,TYR90,0.0,-1.0,0,0.0
1204,5,GLU222,-1.0,0.0,0,-1.0
1204,6,GLU163,-1.0,0.0,0,-1.0
1204,7,HIS94,1.0,0.0,1,0.0
1204,8,HIS54,1.0,0.0,1,0.0
1204,9,LYS468,1.0,0.0,0,1.0
1204,10,TYR130,0.0,-1.0,0,0.0
1205,1,LYS148,1.0,0.0,0,1.0
1205,2,HIS366,1.0,0.0,1,0.0
1205,3,GLU83,-1.0,0.0,0,-1.0
1205,4,GLU371,-1.0,0.0,0,-1.0
1205,5,GLU403,-1.0,0.0,0,-1.0
1205,6,GLU331,-1.0,0.0,0,-1.0
1205,7,LYS148,1.0,0.0,0,1.0
1205,8,GLU243,-1.0,0.0,0,-1.0
1205,9,ASP263,-1.0,0.0,0,-1.0
1205,10,HIS373,0.0,1.0,1,1.0
1206,1,ASP7,-1.0,0.0,0,-1.0
1206,2,HIS453,0.0,1.0,0,0.0
1206,3,HIS54,0.0,1.0,1,1.0
1206,4,GLU62,-1.0,0.0,0,-1.0
1206,5,ARG325,1.0,0.0,0,1.0
1206,6,HIS286,1.0,0.0,1,0.0
1206,7,ARG125,1.0,0.0,0,1.0
1206,8,ASP81,-1.0,0.0,0,-1.0
1206,9,LYS136,1.0,0.0,0,1.0
1206,10,ASP87,-1.0,0.0,0,-1.0
1207,1,GLU462,0.0,-1.0,0,0.0
1207,2,HIS46,0.0,1.0,1,1.0
1207,3,HIS46,1.0,0.0,1,0.0
1207,4,ARG45,1.0,0.0,0,1.0
1207,5,GLU131,-1.0,0.0,0,-1.0
1207,6,ASP263,-1.0,0.0,0,-1.0
1207,7,HIS213,0.0,1.0,1,1.0
1207,8,ARG165,1.0,0.0,0,1.0
1207,9,GLU422,-1.0,0.0,0,-1.0
1207,10,GLU211,-1.0,0.0,0,-1.0
1208,1,ARG325,1.0,0.0,0,1.0
1208,2,LYS256,1.0,0.0,0,1.0
1208,3,LYS28,1.0,0.0,0,1.0
1208,4,HIS326,1.0,0.0,1,0.0
1208,5,ASP287,-1.0,0.0,0,-1.0
1208,6,HIS246,0.0,1.0,1,1.0
1208,7,LYS416,1.0,0.0,0,1.0
1208,8,GLU363,-1.0,0.0,0,-1.0
1208,9,GLU83,-1.0,0.0,0,-1.0
1208,10,ARG405,1.0,0.0,0,1.0
1209,1,LYS376,1.0,0.0,0,1.0
1209,2,ARG405,1.0,0.0,0,1.0
1209,3,GLU331,-1.0,0.0,0,-1.0
1209,4,ARG325,1.0,0.0,0,1.0
1209,5,HIS134,1.0,0.0,1,0.0
1209,6,GLU91,-1.0,0.0,0,-1.0
1209,7,ARG445,1.0,0.0,0,1.0
1209,8,ARG285,1.0,0.0,0,1.0
1209,9,HIS174,0.0,1.0,0,0.0
1209,10,GLU142,-1.0,0.0,0,-1.0
1210,1,ASP321,-1.0,0.0,0,-1.0
1210,2,HIS166,0.0,1.0,1,1.0
1210,3,TYR450,0.0,-1.0,0,0.0
1210,4,ASP143,-1.0,0.0,0,-1.0
1210,5,LYS148,1.0,0.0,0,1.0
1210,6,HIS366,0.0,1.0,1,1.0
1210,7,ASP241,-1.0,0.0,0,-1.0
1210,8,ARG445,1.0,0.0,0,1.0
1210,9,ARG125,1.0,0.0,0,1.0
1210,10,ASP223,-1.0,0.0,0,-1.0
1211,1,ASP343,-1.0,0.0,0,-1.0
1211,2,GLU3,-1.0,0.0,0,-1.0
1211,3,HIS286,0.0,1.0,0,0.0
1211,4,TYR210,0.0,-1.0,0,0.0
1211,5,GLU163,-1.0,0.0,0,-1.0
1211,6,HIS173,1.0,0.0,1,0.0
1211,7,ASP447,-1.0,0.0,0,-1.0
1211,8,ARG85,1.0,0.0,0,1.0
1211,9,GLU142,-1.0,0.0,0,-1.0
1211,10,GLU342,-1.0,0.0,0,-1.0
1212,1,ASP121,-1.0,0.0,0,-1.0
1212,2,ASP143,-1.0,0.0,0,-1.0
1212,3,ARG365,1.0,0.0,0,1.0
1212,4,GLU51,-1.0,0.0,0,-1.0
1212,5,TYR170,0.0,-1.0,0,0.0
1212,6,LYS228,1.0,0.0,0,1.0
1212,7,GLU243,-1.0,0.0,0,-1.0
1212,8,LYS268,1.0,0.0,0,1.0
1212,9,LYS56,1.0,0.0,0,1.0
1212,10,ASP87,-1.0,0.0,0,-1.0
1213,1,LYS96,1.0,0.0,0,1.0
1213,2,ARG245,1.0,0.0,0,1.0
1213,3,ASP103,-1.0,0.0,0,-1.0
1213,4,ARG45,1.0,0.0,0,1.0
1213,5,ASP441,-1.0,0.0,0,-1.0
1213,6,ARG285,1.0,0.0,0,1.0
1213,7,GLU211,-1.0,0.0,0,-1.0
1213,8,ASP361,-1.0,0.0,0,-1.0
1213,9,ARG405,1.0,0.0,0,1.0
1213,10,HIS93,0.0,1.0,0,0.0
1214,1,LYS416,1.0,0.0,0,1.0
1214,2,GLU462,0.0,-1.0,1,-1.0
1214,3,GLU283,-1.0,0.0,0,-1.0
1214,4,HIS366,1.0,0.0,1,0.0
1214,5,LYS148,1.0,0.0,0,1.0
1214,6,LYS308,1.0,0.0,0,1.0
1214,7,ASP361,-1.0,0.0,0,-1.0
1214,8,HIS373,1.0,0.0,1,0.0
1214,9,HIS174,0.0,1.0,0,0.0
1214,10,HIS134,0.0,1.0,0,0.0
1215,1,ASP127,-1.0,0.0,0,-1.0
1215,2,ASP47,-1.0,0.0,0,-1.0
1215,3,ARG5,1.0,0.0,0,1.0
1215,4,LYS308,1.0,0.0,0,1.0
1215,5,GLU462,-1.0,0.0,1,0.0
1215,6,HIS254,0.0,1.0,0,0.0
1215,7,HIS173,0.0,1.0,1,1.0
1215,8,HIS326,0.0,1.0,1,1.0
1215,9,HIS446,0.0,1.0,0,0.0
1215,10,LYS336,1.0,0.0,0,1.0
1216,1,GLU403,-1.0,0.0,0,-1.0
1216,2,GLU302,-1.0,0.0,0,-1.0
1216,3,GLU83,-1.0,0.0,0,-1.0
1216,4,HIS374,1.0,0.0,1,0.0
1216,5,ASP241,-1.0,0.0,0,-1.0
1216,6,GLU163,-1.0,0.0,0,-1.0
1216,7,ASP407,-1.0,0.0,0,-1.0
1216,8,LYS348,1.0,0.0,0,1.0
1216,9,ASP343,-1.0,0.0,0,-1.0
1216,10,HIS374,0.0,1.0,1,1.0
1217,1,ASP7,-1.0,0.0,0,-1.0
1217,2,GLU142,-1.0,0.0,0,-1.0
1217,3,ASP87,-1.0,0.0,0,-1.0
1217,4,ASP423,-1.0,0.0,0,-1.0
1217,5,GLU222,-1.0,0.0,0,-1.0
1217,6,ASP223,-1.0,0.0,0,-1.0
1217,7,LYS28,1.0,0.0,0,1.0
1217,8,HIS166,1.0,0.0,1,0.0
1217,9,ASP423,-1.0,0.0,0,-1.0
1217,10,GLU331,-1.0,0.0,0,-1.0
1218,1,ASP23,-1.0,0.0,0,-1.0
1218,2,TYR450,0.0,-1.0,0,0.0
1218,3,HIS93,0.0,1.0,0,0.0
1218,4,ASP23,-1.0,0.0,0,-1.0
1218,5,LYS376,1.0,0.0,0,1.0
1218,6,GLU462,0.0,-1.0,0,0.0
1218,7,ARG445,1.0,0.0,0,1.0
1218,8,LYS216,1.0,0.0,0,1.0
1218,9,HIS133,0.0,1.0,0,0.0
1218,10,ASP1,-1.0,0.0,0,-1.0
1219,1,LYS148,1.0,0.0,0,1.0
1219,2,HIS254,0.0,1.0,1,1.0
1219,3,ARG365,1.0,0.0,0,1.0
1219,4,HIS406,1.0,0.0,1,0.0
1219,5,ASP343,-1.0,0.0,0,-1.0
1219,6,ASP87,-1.0,0.0,0,-1.0
1219,7,TYR130,0.0,-1.0,0,0.0
1219,8,LYS348,1.0,0.0,0,1.0
1219,9,HIS54,1.0,0.0,1,0.0
1219,10,HIS6,0.0,1.0,0,0.0
1220,1,LYS268,1.0,0.0,0,1.0
1220,2,ARG445,1.0,0.0,0,1.0
1220,3,ASP423,-1.0,0.0,0,-1.0
1220,4,GLU222,-1.0,0.0,0,-1.0
1220,5,ASP161,-1.0,0.0,0,-1.0
1220,6,LYS16,1.0,0.0,0,1.0
1220,7,ASP463,-1.0,0.0,0,-1.0
1220,8,ASP161,-1.0,0.0,0,-1.0
1220,9,LYS296,1.0,0.0,0,1.0
1220,10,HIS334,0.0,1.0,1,1.0
1221,1,GLU102,-1.0,0.0,0,-1.0
1221,2,GLU262,-1.0,0.0,0,-1.0
1221,3,LYS348,1.0,0.0,0,1.0
1221,4,ASP81,-1.0,0.0,0,-1.0
1221,5,ASP201,-1.0,0.0,0,-1.0
1221,6,GLU291,-1.0,0.0,0,-1.0
1221,7,ASP167,-1.0,0.0,0,-1.0
1221,8,LYS336,1.0,0.0,0,1.0
1221,9,ASP327,-1.0,0.0,0,-1.0
1221,10,ASP361,-1.0,0.0,0,-1.0
1222,1,HIS366,0.0,1.0,1,1.0
1222,2,LYS228,1.0,0.0,0,1.0
1222,3,ASP41,-1.0,0.0,0,-1.0
1222,4,ASP401,-1.0,0.0,0,-1.0
1222,5,HIS133,0.0,1.0,0,0.0
1222,6,ASP143,-1.0,0.0,0,-1.0
1222,7,ASP81,-1.0,0.0,0,-1.0
1222,8,ASP303,-1.0,0.0,0,-1.0
1222,9,GLU182,-1.0,0.0,0,-1.0
1222,10,HIS413,0.0,1.0,1,1.0
1223,1,ASP327,-1.0,0.0,0,-1.0
1223,2,GLU11,-1.0,0.0,0,-1.0
1223,3,GLU403,-1.0,0.0,0,-1.0
1223,4,ASP407,-1.0,0.0,0,-1.0
1223,5,ASP167,-1.0,0.0,0,-1.0
1223,6,GLU123,-1.0,0.0,0,-1.0
1223,7,HIS173,1.0,0.0,1,0.0
1223,8,TYR330,0.0,-1.0,0,0.0
1223,9,LYS336,1.0,0.0,0,1.0
1223,10,HIS134,0.0,1.0,0,0.0
1224,1,ASP23,-1.0,0.0,0,-1.0
1224,2,GLU203,-1.0,0.0,0,-1.0
1224,3,ASP287,-1.0,0.0,0,-1.0
1224,4,GLU3,-1.0,0.0,0,-1.0
1224,5,HIS373,0.0,1.0,0,0.0
1224,6,HIS94,0.0,1.0,1,1.0
1224,7,HIS93,0.0,1.0,0,0.0
1224,8,ASP247,-1.0,0.0,0,-1.0
1224,9,ARG245,1.0,0.0,0,1.0
1224,10,ARG245,1.0,0.0,0,1.0
1225,1,GLU243,-1.0,0.0,0,-1.0
1225,2,ARG285,1.0,0.0,0,1.0
1225,3,LYS388,1.0,0.0,0,1.0
1225,4,HIS406,0.0,1.0,1,1.0
1225,5,ASP463,-1.0,0.0,0,-1.0
1225,6,GLU171,-1.0,0.0,0,-1.0
1225,7,GLU62,-1.0,0.0,0,-1.0
1225,8,ASP361,-1.0,0.0,0,-1.0
1225,9,HIS333,1.0,0.0,1,0.0
1225,10,ASP401,-1.0,0.0,0,-1.0
1226,1,GLU323,-1.0,0.0,0,-1.0
1226,2,LYS336,1.0,0.0,0,1.0
1226,3,GLU451,-1.0,0.0,0,-1.0
1226,4,ARG365,1.0,0.0,0,1.0
1226,5,ARG445,1.0,0.0,0,1.0
1226,6,HIS374,1.0,0.0,1,0.0
1226,7,GLU422,-1.0,0.0,0,-1.0
1226,8,ASP183,-1.0,0.0,0,-1.0
1226,9,ARG85,1.0,0.0,0,1.0
1226,10,GLU83,-1.0,0.0,0,-1.0
1227,1,GLU251,-1.0,0.0,0,-1.0
1227,2,ASP241,-1.0,0.0,0,-1.0
1227,3,HIS366,1.0,0.0,1,0.0
1227,4,GLU203,-1.0,0.0,0,-1.0
1227,5,HIS133,0.0,1.0,1,1.0
1227,6,ASP87,-1.0,0.0,0,-1.0
1227,7,HIS93,0.0,1.0,1,1.0
1227,8,ASP367,-1.0,0.0,0,-1.0
1227,9,HIS254,1.0,0.0,1,0.0
1227,10,HIS14,0.0,1.0,0,0.0
1228,1,ARG405,1.0,0.0,0,1.0
1228,2,ASP81,-1.0,0.0,0,-1.0
1228,3,GLU51,-1.0,0.0,0,-1.0
1228,4,LYS428,1.0,0.0,0,1.0
1228,5,GLU83,-1.0,0.0,0,-1.0
1228,6,HIS46,0.0,1.0,1,1.0
1228,7,LYS428,1.0,0.0,0,1.0
1228,8,LYS456,1.0,0.0,0,1.0
1228,9,ASP463,-1.0,0.0,0,-1.0
1228,10,GLU102,-1.0,0.0,0,-1.0
1229,1,ASP167,-1.0,0.0,0,-1.0
1229,2,ASP63,-1.0,0.0,0,-1.0
1229,3,LYS28,1.0,0.0,0,1.0
1229,4,HIS373,0.0,1.0,0,0.0
1229,5,HIS53,0.0,1.0,0,0.0
1229,6,LYS376,1.0,0.0,0,1.0
1229,7,TYR10,0.0,-1.0,0,0.0
1229,8,ARG405,1.0,0.0,0,1.0
1229,9,LYS416,1.0,0.0,0,1.0
1229,10,GLU211,-1.0,0.0,0,-1.0
1230,1,LYS28,1.0,0.0,0,1.0
1230,2,TYR410,0.0,-1.0,0,0.0
1230,3,GLU342,-1.0,0.0,0,-1.0
1230,4,LYS308,1.0,0.0,0,1.0
1230,5,GLU91,-1.0,0.0,0,-1.0
1230,6,LYS468,1.0,0.0,0,1.0
1230,7,HIS46,1.0,0.0,1,0.0
1230,8,HIS446,0.0,1.0,1,1.0
1230,9,HIS213,1.0,0.0,1,0.0
1230,10,LYS216,1.0,0.0,0,1.0
1231,1,HIS333,0.0,1.0,0,0.0
1231,2,ASP121,-1.0,0.0,0,-1.0
1231,3,HIS94,1.0,0.0,1,0.0
1231,4,HIS453,0.0,1.0,1,1.0
1231,5,LYS456,1.0,0.0,1,0.0
1231,6,HIS253,0.0,1.0,0,0.0
1231,7,ASP121,-1.0,0.0,0,-1.0
1231,8,GLU131,-1.0,0.0,0,-1.0
1231,9,TYR10,0.0,-1.0,0,0.0
1231,10,HIS326,1.0,0.0,1,0.0
1232,1,GLU123,-1.0,0.0,0,-1.0
1232,2,HIS333,0.0,1.0,1,1.0
1232,3,HIS214,0.0,1.0,1,1.0
1232,4,ARG365,1.0,0.0,0,1.0
1232,5,LYS416,1.0,0.0,0,1.0
1232,6,ARG325,1.0,0.0,0,1.0
1232,7,GLU403,-1.0,0.0,0,-1.0
1232,8,ARG405,1.0,0.0,0,1.0
1232,9,TYR50,0.0,-1.0,0,0.0
1232,10,ASP447,-1.0,0.0,0,-1.0
1233,1,ASP247,-1.0,0.0,0,-1.0
1233,2,HIS133,1.0,0.0,1,0.0
1233,3,ASP223,-1.0,0.0,0,-1.0
1233,4,LYS468,1.0,0.0,0,1.0
1233,5,ASP441,-1.0,0.0,0,-1.0
1233,6,LYS296,1.0,0.0,0,1.0
1233,7,ASP87,-1.0,0.0,0,-1.0
1233,8,ASP343,-1.0,0.0,0,-1.0
1233,9,LYS268,1.0,0.0,0,1.0
1233,10,ASP1,-1.0,0.0,0,-1.0
1234,1,HIS53,0.0,1.0,1,1.0
1234,2,HIS246,1.0,0.0,1,0.0
1234,3,ASP41,-1.0,0.0,0,-1.0
1234,4,TYR90,0.0,-1.0,0,0.0
1234,5,HIS454,0.0,1.0,0,0.0
1234,6,ASP201,-1.0,0.0,0,-1.0
1234,7,HIS166,0.0,1.0,0,0.0
1234,8,HIS286,0.0,1.0,1,1.0
1234,9,LYS256,1.0,0.0,0,1.0
1234,10,HIS94,0.0,1.0,1,1.0
1235,1,ASP447,-1.0,0.0,0,-1.0
1235,2,GLU171,-1.0,0.0,0,-1.0
1235,3,GLU22,-1.0,0.0,0,-1.0
1235,4,HIS6,0.0,1.0,0,0.0
1235,5,HIS53,1.0,0.0,1,0.0
1235,6,ASP41,-1.0,0.0,0,-1.0
1235,7,TYR10,0.0,-1.0,0,0.0
1235,8,GLU411,-1.0,0.0,0,-1.0
1235,9,LYS388,1.0,0.0,0,1.0
1235,10,GLU403,-1.0,0.0,0,-1.0
1236,1,ASP1,-1.0,0.0,0,-1.0
1236,2,TYR50,0.0,-1.0,0,0.0
1236,3,ASP207,-1.0,0.0,0,-1.0
1236,4,GLU83,-1.0,0.0,0,-1.0
1236,5,LYS376,1.0,0.0,0,1.0
1236,6,ARG325,1.0,0.0,0,1.0
1236,7,LYS456,0.0,1.0,1,1.0
1236,8,GLU323,-1.0,0.0,0,-1.0
1236,9,GLU62,-1.0,0.0,0,-1.0
1236,10,HIS174,0.0,1.0,1,1.0
1237,1,HIS334,1.0,0.0,1,0.0
1237,2,ASP223,-1.0,0.0,0,-1.0
1237,3,LYS56,1.0,0.0,0,1.0
1237,4,LYS308,1.0,0.0,0,1.0
1237,5,GLU331,-1.0,0.0,0,-1.0
1237,6,HIS173,0.0,1.0,1,1.0
1237,7,LYS428,1.0,0.0,0,1.0
1237,8,LYS468,1.0,0.0,0,1.0
1237,9,LYS28,1.0,0.0,0,1.0
1237,10,TYR330,0.0,-1.0,0,0.0
1238,1,GLU3,-1.0,0.0,0,-1.0
1238,2,GLU342,-1.0,0.0,0,-1.0
1238,3,GLU163,-1.0,0.0,0,-1.0
1238,4,TYR370,0.0,-1.0,0,0.0
1238,5,ASP81,-1.0,0.0,0,-1.0
1238,6,ASP441,-1.0,0.0,0,-1.0
1238,7,LYS388,1.0,0.0,0,1.0
1238,8,LYS468,1.0,0.0,0,1.0
1238,9,HIS134,0.0,1.0,1,1.0
1238,10,HIS53,0.0,1.0,1,1.0
1239,1,LYS308,1.0,0.0,0,1.0
1239,2,HIS54,0.0,1.0,0,0.0
1239,3,HIS53,1.0,0.0,1,0.0
1239,4,ARG445,1.0,0.0,0,1.0
1239,5,GLU102,-1.0,0.0,0,-1.0
1239,6,ASP161,-1.0,0.0,0,-1.0
1239,7,TYR170,0.0,-1.0,0,0.0
1239,8,HIS126,1.0,0.0,1,0.0
1239,9,ASP1,-1.0,0.0,0,-1.0
1239,10,HIS413,1.0,0.0,1,0.0
1240,1,ASP23,-1.0,0.0,0,-1.0
1240,2,GLU302,-1.0,0.0,0,-1.0
1240,3,HIS374,0.0,1.0,1,1.0
1240,4,HIS173,1.0,0.0,1,0.0
1240,5,ASP161,-1.0,0.0,0,-1.0
1240,6,LYS256,1.0,0.0,0,1.0
1240,7,ASP407,-1.0,0.0,0,-1.0
1240,8,GLU443,-1.0,0.0,0,-1.0
1240,9,ASP263,-1.0,0.0,0,-1.0
1240,10,LYS268,1.0,0.0,0,1.0
1241,1,TYR50,0.0,-1.0,0,0.0
1241,2,LYS456,1.0,0.0,0,1.0
1241,3,ASP183,-1.0,0.0,0,-1.0
1241,4,ASP81,-1.0,0.0,0,-1.0
1241,5,GLU451,-1.0,0.0,0,-1.0
1241,6,HIS406,1.0,0.0,1,0.0
1241,7,TYR250,0.0,-1.0,0,0.0
1241,8,TYR50,0.0,-1.0,0,0.0
1241,9,ASP143,-1.0,0.0,0,-1.0
1241,10,GLU251,-1.0,0.0,0,-1.0
1242,1,GLU3,-1.0,0.0,0,-1.0
1242,2,GLU3,-1.0,0.0,0,-1.0
1242,3,ARG125,1.0,0.0,0,1.0
1242,4,ASP343,-1.0,0.0,0,-1.0
1242,5,HIS413,0.0,1.0,0,0.0
1242,6,LYS388,1.0,0.0,0,1.0
1242,7,LYS296,1.0,0.0,0,1.0
1242,8,ARG165,1.0,0.0,0,1.0
1242,9,ASP207,-1.0,0.0,0,-1.0
1242,10,HIS254,0.0,1.0,1,1.0
1243,1,HIS454,0.0,1.0,1,1.0
1243,2,HIS93,1.0,0.0,1,0.0
1243,3,ASP447,-1.0,0.0,0,-1.0
1243,4,GLU342,-1.0,0.0,0,-1.0
1243,5,HIS94,1.0,0.0,1,0.0
1243,6,GLU422,-1.0,0.0,0,-1.0
1243,7,HIS94,0.0,1.0,1,1.0
1243,8,TYR450,0.0,-1.0,0,0.0
1243,9,HIS454,1.0,0.0,1,0.0
1243,10,ASP81,-1.0,0.0,0,-1.0
1244,1,ARG405,1.0,0.0,0,1.0
1244,2,ASP81,-1.0,0.0,0,-1.0
1244,3,LYS376,1.0,0.0,0,1.0
1244,4,LYS388,1.0,0.0,0,1.0
1244,5,LYS468,1.0,0.0,0,1.0
1244,6,HIS246,0.0,1.0,1,1.0
1244,7,TYR210,0.0,-1.0,0,0.0
1244,8,HIS254,1.0,0.0,1,0.0
1244,9,ARG245,1.0,0.0,0,1.0
1244,10,HIS54,0.0,1.0,0,0.0
1245,1,GLU22,-1.0,0.0,0,-1.0
1245,2,GLU251,-1.0,0.0,0,-1.0
1245,3,GLU251,-1.0,0.0,0,-1.0
1245,4,LYS68,1.0,0.0,0,1.0
1245,5,GLU203,-1.0,0.0,0,-1.0
1245,6,HIS134,1.0,0.0,1,0.0
1245,7,GLU302,-1.0,0.0,0,-1.0
1245,8,GLU83,-1.0,0.0,0,-1.0
1245,9,ARG45,1.0,0.0,0,1.0
1245,10,ARG165,1.0,0.0,0,1.0
1246,1,ASP383,-1.0,0.0,0,-1.0
1246,2,TYR130,0.0,-1.0,0,0.0
1246,3,LYS108,1.0,0.0,0,1.0
1246,4,GLU291,-1.0,0.0,0,-1.0
1246,5,ASP441,-1.0,0.0,0,-1.0
1246,6,ASP263,-1.0,0.0,0,-1.0
1246,7,ARG45,1.0,0.0,0,1.0
1246,8,ASP103,-1.0,0.0,0,-1.0
1246,9,GLU43,-1.0,0.0,0,-1.0
1246,10,TYR250,0.0,-1.0,0,0.0
1247,1,ARG125,1.0,0.0,0,1.0
1247,2,GLU403,-1.0,0.0,0,-1.0
1247,3,GLU363,-1.0,0.0,0,-1.0
1247,4,LYS336,1.0,0.0,0,1.0
1247,5,ASP343,-1.0,0.0,0,-1.0
1247,6,ASP321,-1.0,0.0,0,-1.0
1247,7,LYS296,1.0,0.0,0,1.0
1247,8,ASP343,-1.0,0.0,0,-1.0
1247,9,HIS46,0.0,1.0,1,1.0
1247,10,ARG325,1.0,0.0,0,1.0
1248,1,ASP63,-1.0,0.0,0,-1.0
1248,2,LYS268,1.0,0.0,0,1.0
1248,3,ASP423,-1.0,0.0,0,-1.0
1248,4,LYS336,1.0,0.0,0,1.0
1248,5,ARG125,1.0,0.0,0,1.0
1248,6,GLU262,-1.0,0.0,0,-1.0
1248,7,ASP41,-1.0,0.0,0,-1.0
1248,8,ASP263,-1.0,0.0,0,-1.0
1248,9,GLU182,-1.0,0.0,0,-1.0
1248,10,GLU371,-1.0,0.0,0,-1.0
1249,1,ASP47,-1.0,0.0,0,-1.0
1249,2,HIS253,0.0,1.0,1,1.0
1249,3,HIS134,0.0,1.0,1,1.0
1249,4,ASP401,-1.0,0.0,0,-1.0
1249,5,ASP321,-1.0,0.0,0,-1.0
1249,6,LYS336,1.0,0.0,0,1.0
1249,7,ASP223,-1.0,0.0,0,-1.0
1249,8,LYS96,1.0,0.0,0,1.0
1249,9,ASP87,-1.0,0.0,0,-1.0
1249,10,GLU323,-1.0,0.0,0,-1.0
1250,1,HIS293,1.0,0.0,1,0.0
1250,2,HIS173,0.0,1.0,0,0.0
1250,3,ASP47,-1.0,0.0,0,-1.0
1250,4,ASP63,-1.0,0.0,0,-1.0
1250,5,ASP441,-1.0,0.0,0,-1.0
1250,6,HIS13,1.0,0.0,1,0.0
1250,7,HIS253,1.0,0.0,1,0.0
1250,8,LYS108,1.0,0.0,0,1.0
1250,9,GLU203,-1.0,0.0,0,-1.0
1250,10,GLU291,-1.0,0.0,0,-1.0
1251,1,GLU302,-1.0,0.0,0,-1.0
1251,2,HIS453,1.0,0.0,1,0.0
1251,3,GLU43,-1.0,0.0,0,-1.0
1251,4,ASP143,-1.0,0.0,0,-1.0
1251,5,TYR330,0.0,-1.0,0,0.0
1251,6,ASP247,-1.0,0.0,0,-1.0
1251,7,TYR450,0.0,-1.0,0,0.0
1251,8,GLU283,-1.0,0.0,0,-1.0
1251,9,GLU142,-1.0,0.0,0,-1.0
1251,10,ARG125,1.0,0.0,0,1.0
1252,1,LYS96,1.0,0.0,0,1.0
1252,2,HIS413,0.0,1.0,0,0.0
1252,3,ASP87,-1.0,0.0,0,-1.0
1252,4,HIS286,1.0,0.0,1,0.0
1252,5,ASP223,-1.0,0.0,0,-1.0
1252,6,LYS96,1.0,0.0,0,1.0
1252,7,ASP183,-1.0,0.0,0,-1.0
1252,8,ARG405,1.0,0.0,0,1.0
1252,9,LYS188,1.0,0.0,0,1.0
1252,10,HIS94,1.0,0.0,1,0.0
1253,1,HIS94,0.0,1.0,0,0.0
1253,2,HIS326,0.0,1.0,1,1.0
1253,3,LYS416,1.0,0.0,0,1.0
1253,4,ARG365,1.0,0.0,0,1.0
1253,5,HIS454,0.0,1.0,1,1.0
1253,6,ASP241,-1.0,0.0,0,-1.0
1253,7,ASP47,-1.0,0.0,0,-1.0
1253,8,GLU91,-1.0,0.0,0,-1.0
1253,9,GLU251,-1.0,0.0,0,-1.0
1253,10,LYS256,1.0,0.0,0,1.0
1254,1,ASP327,-1.0,0.0,0,-1.0
1254,2,LYS468,1.0,0.0,0,1.0
1254,3,GLU83,-1.0,0.0,0,-1.0
1254,4,GLU302,-1.0,0.0,0,-1.0
1254,5,HIS94,0.0,1.0,0,0.0
1254,6,GLU291,-1.0,0.0,0,-1.0
1254,7,ASP167,-1.0,0.0,0,-1.0
1254,8,GLU11,-1.0,0.0,0,-1.0
1254,9,LYS256,1.0,0.0,0,1.0
1254,10,HIS53,0.0,1.0,0,0.0
1255,1,HIS293,0.0,1.0,1,1.0
1255,2,GLU382,-1.0,0.0,0,-1.0
1255,3,ASP463,-1.0,0.0,0,-1.0
1255,4,ASP463,-1.0,0.0,0,-1.0
1255,5,GLU62,-1.0,0.0,0,-1.0
1255,6,LYS96,1.0,0.0,0,1.0
1255,7,GLU443,-1.0,0.0,0,-1.0
1255,8,GLU411,-1.0,0.0,0,-1.0
1255,9,LYS296,1.0,0.0,0,1.0
1255,10,GLU411,-1.0,0.0,0,-1.0
1256,1,GLU251,-1.0,0.0,0,-1.0
1256,2,LYS188,1.0,0.0,0,1.0
1256,3,HIS13,0.0,1.0,1,1.0
1256,4,TYR130,0.0,-1.0,0,0.0
1256,5,TYR130,0.0,-1.0,0,0.0
1256,6,HIS53,0.0,1.0,0,0.0
1256,7,LYS28,1.0,0.0,0,1.0
1256,8,LYS136,1.0,0.0,0,1.0
1256,9,ASP47,-1.0,0.0,0,-1.0
1256,10,GLU422,-1.0,0.0,0,-1.0
1257,1,GLU342,-1.0,0.0,0,-1.0
1257,2,GLU243,-1.0,0.0,0,-1.0
1257,3,ASP201,-1.0,0.0,0,-1.0
1257,4,TYR330,0.0,-1.0,0,0.0
1257,5,ASP263,-1.0,0.0,0,-1.0
1257,6,HIS94,0.0,1.0,1,1.0
1257,7,GLU211,-1.0,0.0,0,-1.0
1257,8,ASP161,-1.0,0.0,0,-1.0
1257,9,TYR330,0.0,-1.0,0,0.0
1257,10,HIS414,1.0,0.0,1,0.0
1258,1,HIS93,0.0,1.0,1,1.0
1258,2,ASP207,-1.0,0.0,0,-1.0
1258,3,HIS6,0.0,1.0,0,0.0
1258,4,ASP263,-1.0,0.0,0,-1.0
1258,5,ASP263,-1.0,0.0,0,-1.0
1258,6,GLU91,-1.0,0.0,0,-1.0
1258,7,HIS293,1.0,0.0,1,0.0
1258,8,ASP327,-1.0,0.0,0,-1.0
1258,9,LYS16,1.0,0.0,0,1.0
1258,10,ARG5,1.0,0.0,0,1.0
1259,1,GLU291,-1.0,0.0,0,-1.0
1259,2,LYS176,1.0,0.0,0,1.0
1259,3,TYR250,0.0,-1.0,0,0.0
1259,4,HIS54,0.0,1.0,0,0.0
1259,5,TYR450,0.0,-1.0,0,0.0
1259,6,HIS6,0.0,1.0,0,0.0
1259,7,LYS136,1.0,0.0,0,1.0
1259,8,GLU91,-1.0,0.0,0,-1.0
1259,9,ARG125,1.0,0.0,0,1.0
1259,10,HIS14,0.0,1.0,0,0.0
1260,1,LYS188,1.0,0.0,0,1.0
1260,2,LYS256,1.0,0.0,0,1.0
1260,3,GLU142,-1.0,0.0,0,-1.0
1260,4,TYR370,0.0,-1.0,0,0.0
1260,5,GLU422,-1.0,0.0,0,-1.0
1260,6,GLU243,-1.0,0.0,0,-1.0
1260,7,HIS286,0.0,1.0,1,1.0
1260,8,LYS136,1.0,0.0,0,1.0
1260,9,HIS214,1.0,0.0,1,0.0
1260,10,GLU243,-1.0,0.0,0,-1.0
1261,1,ARG325,1.0,0.0,0,1.0
1261,2,ASP103,-1.0,0.0,0,-1.0
1261,3,ASP41,-1.0,0.0,0,-1.0
1261,4,GLU3,-1.0,0.0,0,-1.0
1261,5,LYS348,1.0,0.0,0,1.0
1261,6,HIS86,1.0,0.0,1,0.0
1261,7,ASP47,-1.0,0.0,0,-1.0
1261,8,GLU262,-1.0,0.0,0,-1.0
1261,9,LYS136,1.0,0.0,0,1.0
1261,10,HIS46,1.0,0.0,1,0.0
1262,1,ASP441,-1.0,0.0,0,-1.0
1262,2,ARG5,1.0,0.0,0,1.0
1262,3,ASP143,-1.0,0.0,0,-1.0
1262,4,HIS14,0.0,1.0,0,0.0
1262,5,TYR130,0.0,-1.0,0,0.0
1262,6,LYS96,1.0,0.0,0,1.0
1262,7,ARG45,1.0,0.0,0,1.0
1262,8,LYS28,1.0,0.0,0,1.0
1262,9,GLU283,-1.0,0.0,0,-1.0
1262,10,ARG125,1.0,0.0,0,1.0
1263,1,ASP441,-1.0,0.0,0,-1.0
1263,2,LYS296,1.0,0.0,0,1.0
1263,3,ASP7,-1.0,0.0,0,-1.0
1263,4,GLU102,-1.0,0.0,0,-1.0
1263,5,LYS136,1.0,0.0,0,1.0
1263,6,GLU251,-1.0,0.0,0,-1.0
1263,7,LYS268,1.0,0.0,0,1.0
1263,8,LYS28,1.0,0.0,0,1.0
1263,9,ASP383,-1.0,0.0,0,-1.0
1263,10,GLU91,-1.0,0.0,0,-1.0
1264,1,LYS468,1.0,0.0,0,1.0
1264,2,ASP401,-1.0,0.0,0,-1.0
1264,3,HIS406,0.0,1.0,1,1.0
1264,4,HIS6,0.0,1.0,1,1.0
1264,5,TYR50,0.0,-1.0,0,0.0
1264,6,TYR370,0.0,-1.0,0,0.0
1264,7,HIS406,1.0,0.0,1,0.0
1264,8,HIS414,0.0,1.0,0,0.0
1264,9,ASP241,-1.0,0.0,0,-1.0
1264,10,ASP247,-1.0,0.0,0,-1.0
1265,1,TYR170,0.0,-1.0,0,0.0
1265,2,LYS16,1.0,0.0,0,1.0
1265,3,LYS348,1.0,0.0,0,1.0
1265,4,HIS446,1.0,0.0,1,0.0
1265,5,ASP327,-1.0,0.0,0,-1.0
1265,6,HIS286,1.0,0.0,1,0.0
1265,7,ASP201,-1.0,0.0,0,-1.0
1265,8,GLU3,-1.0,0.0,0,-1.0
1265,9,ARG285,1.0,0.0,0,1.0
1265,10,ASP303,-1.0,0.0,0,-1.0
1266,1,HIS134,1.0,0.0,1,0.0
1266,2,GLU262,-1.0,0.0,0,-1.0
1266,3,HIS373,0.0,1.0,0,0.0
1266,4,HIS213,0.0,1.0,1,1.0
1266,5,ASP1,-1.0,0.0,0,-1.0
1266,6,ARG405,1.0,0.0,0,1.0
1266,7,GLU262,-1.0,0.0,0,-1.0
1266,8,ASP1,-1.0,0.0,0,-1.0
1266,9,ASP321,-1.0,0.0,0,-1.0
1266,10,HIS254,0.0,1.0,1,1.0
1267,1,ASP401,-1.0,0.0,0,-1.0
1267,2,HIS334,0.0,1.0,0,0.0
1267,3,LYS216,1.0,0.0,0,1.0
1267,4,LYS468,1.0,0.0,0,1.0
1267,5,HIS14,0.0,1.0,0,0.0
1267,6,GLU462,0.0,-1.0,0,0.0
1267,7,GLU422,-1.0,0.0,0,-1.0
1267,8,GLU163,-1.0,0.0,0,-1.0
1267,9,GLU323,-1.0,0.0,0,-1.0
1267,10,LYS108,1.0,0.0,0,1.0
1268,1,LYS136,1.0,0.0,0,1.0
1268,2,GLU291,-1.0,0.0,0,-1.0
1268,3,GLU62,-1.0,0.0,0,-1.0
1268,4,HIS406,0.0,1.0,1,1.0
1268,5,TYR290,0.0,-1.0,0,0.0
1268,6,GLU363,-1.0,0.0,0,-1.0
1268,7,HIS93,1.0,0.0,1,0.0
1268,8,ARG285,1.0,0.0,0,1.0
1268,9,LYS416,1.0,0.0,0,1.0
1268,10,HIS94,1.0,0.0,1,0.0
1269,1,ASP7,-1.0,0.0,0,-1.0
1269,2,ASP447,-1.0,0.0,0,-1.0
1269,3,ASP263,-1.0,0.0,0,-1.0
1269,4,LYS56,1.0,0.0,0,1.0
1269,5,LYS56,1.0,0.0,0,1.0
1269,6,ASP343,-1.0,0.0,0,-1.0
1269,7,HIS174,1.0,0.0,1,0.0
1269,8,ASP143,-1.0,0.0,0,-1.0
1269,9,GLU443,-1.0,0.0,0,-1.0
1269,10,HIS86,0.0,1.0,1,1.0
1270,1,LYS376,1.0,0.0,0,1.0
1270,2,LYS348,1.0,0.0,0,1.0
1270,3,GLU262,-1.0,0.0,0,-1.0
1270,4,GLU182,-1.0,0.0,0,-1.0
1270,5,LYS148,1.0,0.0,0,1.0
1270,6,GLU451,-1.0,0.0,0,-1.0
1270,7,ARG365,1.0,0.0,0,1.0
1270,8,ASP103,-1.0,0.0,0,-1.0
1270,9,HIS173,0.0,1.0,1,1.0
1270,10,HIS54,0.0,1.0,0,0.0
1271,1,GLU302,-1.0,0.0,0,-1.0
1271,2,ARG365,1.0,0.0,0,1.0
1271,3,GLU222,-1.0,0.0,0,-1.0
1271,4,ASP7,-1.0,0.0,0,-1.0
1271,5,ASP303,-1.0,0.0,0,-1.0
1271,6,HIS214,0.0,1.0,0,0.0
1271,7,TYR90,0.0,-1.0,0,0.0
1271,8,ASP63,-1.0,0.0,0,-1.0
1271,9,LYS28,1.0,0.0,0,1.0
1271,10,ASP463,-1.0,0.0,0,-1.0
1272,1,ARG165,1.0,0.0,0,1.0
1272,2,ASP167,-1.0,0.0,0,-1.0
1272,3,TYR370,0.0,-1.0,0,0.0
1272,4,HIS214,0.0,1.0,1,1.0
1272,5,LYS228,1.0,0.0,0,1.0
1272,6,ARG445,1.0,0.0,0,1.0
1272,7,ASP321,-1.0,0.0,0,-1.0
1272,8,HIS213,1.0,0.0,1,0.0
1272,9,HIS294,0.0,1.0,1,1.0
1272,10,ARG45,1.0,0.0,0,1.0
1273,1,ASP161,-1.0,0.0,0,-1.0
1273,2,ASP161,-1.0,0.0,0,-1.0
1273,3,HIS414,0.0,1.0,1,1.0
1273,4,HIS214,1.0,0.0,1,0.0
1273,5,GLU91,-1.0,0.0,0,-1.0
1273,6,ASP223,-1.0,0.0,0,-1.0
1273,7,ASP327,-1.0,0.0,0,-1.0
1273,8,HIS13,1.0,0.0,1,0.0
1273,9,GLU91,-1.0,0.0,0,-1.0
1273,10,GLU102,-1.0,0.0,0,-1.0
1274,1,GLU22,-1.0,0.0,0,-1.0
1274,2,GLU11,-1.0,0.0,0,-1.0
1274,3,HIS333,1.0,0.0,1,0.0
1274,4,ASP81,-1.0,0.0,0,-1.0
1274,5,ASP167,-1.0,0.0,0,-1.0
1274,6,LYS376,1.0,0.0,0,1.0
1274,7,HIS54,0.0,1.0,1,1.0
1274,8,LYS416,1.0,0.0,0,1.0
1274,9,HIS374,1.0,0.0,1,0.0
1274,10,HIS13,0.0,1.0,1,1.0
1275,1,LYS28,1.0,0.0,0,1.0
1275,2,ARG445,1.0,0.0,0,1.0
1275,3,ASP327,-1.0,0.0,0,-1.0
1275,4,ASP7,-1.0,0.0,0,-1.0
1275,5,HIS6,1.0,0.0,1,0.0
1275,6,TYR10,0.0,-1.0,0,0.0
1275,7,HIS214,0.0,1.0,0,0.0
1275,8,HIS6,0.0,1.0,0,0.0
1275,9,GLU251,-1.0,0.0,0,-1.0
1275,10,ASP327,-1.0,0.0,0,-1.0
1276,1,ASP463,-1.0,0.0,0,-1.0
1276,2,GLU262,-1.0,0.0,0,-1.0
1276,3,ARG245,1.0,0.0,0,1.0
1276,4,ASP183,-1.0,0.0,0,-1.0
1276,5,HIS406,1.0,0.0,1,0.0
1276,6,HIS453,0.0,1.0,1,1.0
1276,7,TYR450,0.0,-1.0,0,0.0
1276,8,GLU462,0.0,-1.0,0,0.0
1276,9,ASP303,-1.0,0.0,0,-1.0
1276,10,GLU182,-1.0,0.0,0,-1.0
1277,1,GLU403,-1.0,0.0,0,-1.0
1277,2,LYS268,1.0,0.0,0,1.0
1277,3,GLU43,-1.0,0.0,0,-1.0
1277,4,LYS108,1.0,0.0,0,1.0
1277,5,HIS414,1.0,0.0,1,0.0
1277,6,HIS213,0.0,1.0,1,1.0
1277,7,GLU291,-1.0,0.0,0,-1.0
1277,8,ARG405,1.0,0.0,0,1.0
1277,9,HIS213,1.0,0.0,1,0.0
1277,10,ASP463,-1.0,0.0,0,-1.0
1278,1,ASP407,-1.0,0.0,0,-1.0
1278,2,HIS174,0.0,1.0,0,0.0
1278,3,GLU203,-1.0,0.0,0,-1.0
1278,4,GLU163,-1.0,0.0,0,-1.0
1278,5,HIS174,0.0,1.0,0,0.0
1278,6,TYR210,0.0,-1.0,0,0.0
1278,7,GLU411,-1.0,0.0,0,-1.0
1278,8,GLU142,-1.0,0.0,0,-1.0
1278,9,ASP207,-1.0,0.0,0,-1.0
1278,10,GLU262,-1.0,0.0,0,-1.0
1279,1,ASP343,-1.0,0.0,0,-1.0
1279,2,HIS213,0.0,1.0,1,1.0
1279,3,HIS46,0.0,1.0,0,0.0
1279,4,LYS336,1.0,0.0,0,1.0
1279,5,GLU62,-1.0,0.0,0,-1.0
1279,6,LYS336,1.0,0.0,0,1.0
1279,7,HIS54,1.0,0.0,1,0.0
1279,8,GLU262,-1.0,0.0,0,-1.0
1279,9,GLU222,-1.0,0.0,0,-1.0
1279,10,ASP383,-1.0,0.0,0,-1.0
1280,1,HIS246,1.0,0.0,1,0.0
1280,2,HIS374,0.0,1.0,1,1.0
1280,3,HIS453,1.0,0.0,1,0.0
1280,4,HIS286,0.0,1.0,1,1.0
1280,5,LYS228,1.0,0.0,0,1.0
1280,6,HIS286,1.0,0.0,0,1.0
1280,7,ARG285,1.0,0.0,0,1.0
1280,8,GLU11,-1.0,0.0,0,-1.0
1280,9,ASP287,-1.0,0.0,0,-1.0
1280,10,TYR10,0.0,-1.0,0,0.0
1281,1,ASP121,-1.0,0.0,0,-1.0
1281,2,HIS206,0.0,1.0,1,1.0
1281,3,ASP407,-1.0,0.0,0,-1.0
1281,4,ASP361,-1.0,0.0,0,-1.0
1281,5,HIS246,0.0,1.0,1,1.0
1281,6,TYR170,0.0,-1.0,0,0.0
1281,7,ARG245,1.0,0.0,0,1.0
1281,8,ASP1,-1.0,0.0,0,-1.0
1281,9,GLU171,-1.0,0.0,0,-1.0
1281,10,ASP287,-1.0,0.0,0,-1.0
1282,1,ASP41,-1.0,0.0,0,-1.0
1282,2,ASP1,-1.0,0.0,0,-1.0
1282,3,ARG85,1.0,0.0,0,1.0
1282,4,ASP321,-1.0,0.0,0,-1.0
1282,5,GLU171,-1.0,0.0,0,-1.0
1282,6,LYS56,1.0,0.0,0,1.0
1282,7,LYS108,1.0,0.0,0,1.0
1282,8,HIS334,0.0,1.0,1,1.0
1282,9,ASP367,-1.0,0.0,0,-1.0
1282,10,HIS293,0.0,1.0,0,0.0
1283,1,HIS206,1.0,0.0,1,0.0
1283,2,GLU243,-1.0,0.0,0,-1.0
1283,3,ASP41,-1.0,0.0,0,-1.0
1283,4,LYS468,1.0,0.0,0,1.0
1283,5,GLU3,-1.0,0.0,0,-1.0
1283,6,ASP447,-1.0,0.0,0,-1.0
1283,7,HIS334,1.0,0.0,1,0.0
1283,8,HIS54,0.0,1.0,1,1.0
1283,9,ASP303,-1.0,0.0,0,-1.0
1283,10,ARG405,1.0,0.0,0,1.0
1284,1,GLU102,-1.0,0.0,0,-1.0
1284,2,HIS53,0.0,1.0,1,1.0
1284,3,ASP7,-1.0,0.0,0,-1.0
1284,4,TYR330,0.0,-1.0,0,0.0
1284,5,TYR290,0.0,-1.0,0,0.0
1284,6,GLU22,-1.0,0.0,0,-1.0
1284,7,HIS326,1.0,0.0,1,0.0
1284,8,GLU291,-1.0,0.0,0,-1.0
1284,9,GLU171,-1.0,0.0,0,-1.0
1284,10,ASP183,-1.0,0.0,0,-1.0
1285,1,HIS326,0.0,1.0,0,0.0
1285,2,ASP463,-1.0,0.0,0,-1.0
1285,3,HIS86,1.0,0.0,1,0.0
1285,4,HIS326,0.0,1.0,1,1.0
1285,5,ASP241,-1.0,0.0,0,-1.0
1285,6,ASP23,-1.0,0.0,0,-1.0
1285,7,ASP383,-1.0,0.0,0,-1.0
1285,8,HIS133,0.0,1.0,0,0.0
1285,9,HIS94,0.0,1.0,0,0.0
1285,10,ASP103,-1.0,0.0,0,-1.0
1286,1,LYS428,1.0,0.0,0,1.0
1286,2,GLU283,-1.0,0.0,0,-1.0
1286,3,ASP441,-1.0,0.0,0,-1.0
1286,4,GLU83,-1.0,0.0,0,-1.0
1286,5,ASP401,-1.0,0.0,0,-1.0
1286,6,HIS54,1.0,0.0,1,0.0
1286,7,GLU91,-1.0,0.0,0,-1.0
1286,8,LYS216,1.0,0.0,0,1.0
1286,9,ASP81,-1.0,0.0,0,-1.0
1286,10,GLU131,-1.0,0.0,0,-1.0
1287,1,LYS348,1.0,0.0,0,1.0
1287,2,HIS366,0.0,1.0,1,1.0
1287,3,GLU171,-1.0,0.0,0,-1.0
1287,4,ASP1,-1.0,0.0,0,-1.0
1287,5,ASP327,-1.0,0.0,0,-1.0
1287,6,ARG325,1.0,0.0,0,1.0
1287,7,ARG325,1.0,0.0,0,1.0
1287,8,HIS134,0.0,1.0,0,0.0
1287,9,ASP223,-1.0,0.0,0,-1.0
1287,10,LYS388,1.0,0.0,0,1.0
1288,1,TYR130,0.0,-1.0,0,0.0
1288,2,ASP207,-1.0,0.0,0,-1.0
1288,3,GLU323,-1.0,0.0,0,-1.0
1288,4,GLU262,-1.0,0.0,0,-1.0
1288,5,TYR250,0.0,-1.0,0,0.0
1288,6,ARG245,1.0,0.0,0,1.0
1288,7,LYS416,1.0,0.0,0,1.0
1288,8,LYS268,1.0,0.0,0,1.0
1288,9,GLU123,-1.0,0.0,0,-1.0
1288,10,LYS108,1.0,0.0,0,1.0
1289,1,ASP327,-1.0,0.0,0,-1.0
1289,2,GLU91,-1.0,0.0,0,-1.0
1289,3,ARG205,1.0,0.0,0,1.0
1289,4,ASP367,-1.0,0.0,0,-1.0
1289,5,ARG125,1.0,0.0,0,1.0
1289,6,GLU403,-1.0,0.0,0,-1.0
1289,7,ASP47,-1.0,0.0,0,-1.0
1289,8,TYR290,0.0,-1.0,0,0.0
1289,9,TYR450,0.0,-1.0,0,0.0
1289,10,TYR410,0.0,-1.0,0,0.0
1290,1,LYS96,1.0,0.0,0,1.0
1290,2,LYS228,1.0,0.0,0,1.0
1290,3,ASP167,-1.0,0.0,0,-1.0
1290,4,LYS56,1.0,0.0,0,1.0
1290,5,ASP281,-1.0,0.0,0,-1.0
1290,6,GLU131,-1.0,0.0,0,-1.0
1290,7,ASP281,-1.0,0.0,0,-1.0
1290,8,ARG125,1.0,0.0,0,1.0
1290,9,GLU291,-1.0,0.0,0,-1.0
1290,10,ASP63,-1.0,0.0,0,-1.0
1291,1,GLU142,-1.0,0.0,0,-1.0
1291,2,HIS93,0.0,1.0,1,1.0
1291,3,GLU243,-1.0,0.0,0,-1.0
1291,4,TYR10,0.0,-1.0,0,0.0
1291,5,ASP63,-1.0,0.0,0,-1.0
1291,6,ASP167,-1.0,0.0,0,-1.0
1291,7,LYS256,1.0,0.0,0,1.0
1291,8,ARG85,1.0,0.0,0,1.0
1291,9,ARG205,1.0,0.0,0,1.0
1291,10,ARG365,1.0,0.0,0,1.0
1292,1,HIS53,1.0,0.0,1,0.0
1292,2,ASP383,-1.0,0.0,0,-1.0
1292,3,GLU451,-1.0,0.0,0,-1.0
1292,4,ASP447,-1.0,0.0,0,-1.0
1292,5,GLU403,-1.0,0.0,0,-1.0
1292,6,ARG205,1.0,0.0,0,1.0
1292,7,GLU323,-1.0,0.0,0,-1.0
1292,8,ASP127,-1.0,0.0,0,-1.0
1292,9,LYS28,1.0,0.0,0,1.0
1292,10,HIS286,1.0,0.0,1,0.0
1293,1,HIS446,0.0,1.0,1,1.0
1293,2,GLU251,-1.0,0.0,0,-1.0
1293,3,GLU363,-1.0,0.0,0,-1.0
1293,4,ASP47,-1.0,0.0,0,-1.0
1293,5,ARG285,1.0,0.0,0,1.0
1293,6,HIS166,0.0,1.0,1,1.0
1293,7,HIS126,0.0,1.0,0,0.0
1293,8,GLU131,-1.0,0.0,0,-1.0
1293,9,ASP207,-1.0,0.0,0,-1.0
1293,10,HIS14,0.0,1.0,0,0.0
1294,1,TYR250,0.0,-1.0,0,0.0
1294,2,HIS6,0.0,1.0,1,1.0
1294,3,LYS348,1.0,0.0,0,1.0
1294,4,LYS256,1.0,0.0,0,1.0
1294,5,ASP263,-1.0,0.0,0,-1.0
1294,6,GLU403,-1.0,0.0,0,-1.0
1294,7,LYS108,1.0,0.0,0,1.0
1294,8,LYS308,1.0,0.0,0,1.0
1294,9,GLU403,-1.0,0.0,0,-1.0
1294,10,LYS216,1.0,0.0,0,1.0
1295,1,ASP207,-1.0,0.0,0,-1.0
1295,2,TYR450,0.0,-1.0,0,0.0
1295,3,GLU131,-1.0,0.0,0,-1.0
1295,4,HIS334,0.0,1.0,0,0.0
1295,5,ASP23,-1.0,0.0,0,-1.0
1295,6,ASP441,-1.0,0.0,0,-1.0
1295,7,GLU283,-1.0,0.0,0,-1.0
1295,8,ASP167,-1.0,0.0,0,-1.0
1295,9,GLU291,-1.0,0.0,0,-1.0
1295,10,LYS68,1.0,0.0,0,1.0
1296,1,GLU142,-1.0,0.0,0,-1.0
1296,2,HIS53,0.0,1.0,0,0.0
1296,3,ASP441,-1.0,0.0,0,-1.0
1296,4,TYR250,0.0,-1.0,0,0.0
1296,5,HIS134,0.0,1.0,0,0.0
1296,6,ASP121,-1.0,0.0,0,-1.0
1296,7,ASP1,-1.0,0.0,0,-1.0
1296,8,ASP63,-1.0,0.0,0,-1.0
1296,9,GLU171,-1.0,0.0,0,-1.0
1296,10,LYS108,1.0,0.0,0,1.0
1297,1,GLU163,-1.0,0.0,0,-1.0
1297,2,TYR370,0.0,-1.0,0,0.0
1297,3,HIS214,0.0,1.0,1,1.0
1297,4,GLU443,-1.0,0.0,0,-1.0
1297,5,ARG445,1.0,0.0,0,1.0
1297,6,ASP143,-1.0,0.0,0,-1.0
1297,7,GLU411,-1.0,0.0,0,-1.0
1297,8,HIS246,1.0,0.0,1,0.0
1297,9,ASP303,-1.0,0.0,0,-1.0
1297,10,HIS253,0.0,1.0,1,1.0
1298,1,TYR130,0.0,-1.0,0,0.0
1298,2,GLU182,-1.0,0.0,0,-1.0
1298,3,ARG325,1.0,0.0,0,1.0
1298,4,HIS134,0.0,1.0,1,1.0
1298,5,ASP423,-1.0,0.0,0,-1.0
1298,6,GLU342,-1.0,0.0,0,-1.0
1298,7,HIS326,1.0,0.0,1,0.0
1298,8,GLU62,-1.0,0.0,0,-1.0
1298,9,LYS336,1.0,0.0,0,1.0
1298,10,HIS254,1.0,0.0,1,0.0
1299,1,ASP441,-1.0,0.0,0,-1.0
1299,2,HIS373,0.0,1.0,1,1.0
1299,3,ARG165,1.0,0.0,0,1.0
1299,4,ASP241,-1.0,0.0,0,-1.0
1299,5,GLU403,-1.0,0.0,0,-1.0
1299,6,ASP87,-1.0,0.0,0,-1.0
1299,7,GLU11,-1.0,0.0,0,-1.0
1299,8,ASP241,-1.0,0.0,0,-1.0
1299,9,HIS334,0.0,1.0,1,1.0
1299,10,LYS216,1.0,0.0,0,1.0
1300,1,ARG85,1.0,0.0,0,1.0
1300,2,ASP263,-1.0,0.0,0,-1.0
1300,3,ASP183,-1.0,0.0,0,-1.0
1300,4,HIS214,1.0,0.0,1,0.0
1300,5,ASP87,-1.0,0.0,0,-1.0
1300,6,ASP121,-1.0,0.0,0,-1.0
1300,7,HIS126,0.0,1.0,0,0.0
1300,8,LYS348,1.0,0.0,0,1.0
1300,9,HIS14,0.0,1.0,0,0.0
1300,10,ASP201,-1.0,0.0,0,-1.0
1301,1,GLU262,-1.0,0.0,0,-1.0
1301,2,ASP63,-1.0,0.0,0,-1.0
1301,3,TYR130,0.0,-1.0,0,0.0
1301,4,LYS16,1.0,0.0,0,1.0
1301,5,ASP223,-1.0,0.0,0,-1.0
1301,6,GLU451,-1.0,0.0,0,-1.0
1301,7,ASP103,-1.0,0.0,0,-1.0
1301,8,LYS28,1.0,0.0,0,1.0
1301,9,ASP241,-1.0,0.0,0,-1.0
1301,10,HIS366,1.0,0.0,1,0.0
1302,1,ASP303,-1.0,0.0,0,-1.0
1302,2,LYS96,1.0,0.0,0,1.0
1302,3,GLU403,-1.0,0.0,0,-1.0
1302,4,GLU283,-1.0,0.0,0,-1.0
1302,5,LYS216,1.0,0.0,0,1.0
1302,6,GLU203,-1.0,0.0,0,-1.0
1302,7,ASP81,-1.0,0.0,0,-1.0
1302,8,HIS253,1.0,0.0,1,0.0
1302,9,ARG245,1.0,0.0,0,1.0
1302,10,ASP407,-1.0,0.0,0,-1.0
1303,1,GLU91,-1.0,0.0,0,-1.0
1303,2,ARG45,1.0,0.0,0,1.0
1303,3,TYR330,0.0,-1.0,0,0.0
1303,4,HIS413,0.0,1.0,0,0.0
1303,5,ASP127,-1.0,0.0,0,-1.0
1303,6,ASP303,-1.0,0.0,0,-1.0
1303,7,ASP7,-1.0,0.0,0,-1.0
1303,8,LYS148,1.0,0.0,0,1.0
1303,9,LYS16,1.0,0.0,0,1.0
1303,10,GLU211,-1.0,0.0,0,-1.0
1304,1,LYS188,1.0,0.0,0,1.0
1304,2,HIS126,0.0,1.0,1,1.0
1304,3,LYS376,1.0,0.0,0,1.0
1304,4,HIS46,0.0,1.0,0,0.0
1304,5,ASP321,-1.0,0.0,0,-1.0
1304,6,LYS348,1.0,0.0,0,1.0
1304,7,ARG205,1.0,0.0,0,1.0
1304,8,HIS94,0.0,1.0,0,0.0
1304,9,GLU462,0.0,-1.0,1,-1.0
1304,10,LYS336,1.0,0.0,0,1.0
1305,1,LYS148,1.0,0.0,0,1.0
1305,2,GLU302,-1.0,0.0,0,-1.0
1305,3,LYS56,1.0,0.0,0,1.0
1305,4,HIS206,0.0,1.0,1,1.0
1305,5,ASP401,-1.0,0.0,0,-1.0
1305,6,ASP327,-1.0,0.0,0,-1.0
1305,7,ASP63,-1.0,0.0,0,-1.0
1305,8,HIS54,0.0,1.0,0,0.0
1305,9,ASP127,-1.0,0.0,0,-1.0
1305,10,ASP81,-1.0,0.0,0,-1.0
1306,1,ASP287,-1.0,0.0,0,-1.0
1306,2,HIS54,0.0,1.0,0,0.0
1306,3,GLU211,-1.0,0.0,0,-1.0
1306,4,GLU443,-1.0,0.0,0,-1.0
1306,5,ASP161,-1.0,0.0,0,-1.0
1306,6,TYR90,0.0,-1.0,0,0.0
1306,7,GLU411,-1.0,0.0,0,-1.0
1306,8,LYS376,1.0,0.0,0,1.0
1306,9,LYS188,1.0,0.0,0,1.0
1306,10,TYR330,0.0,-1.0,0,0.0
1307,1,HIS134,1.0,0.0,1,0.0
1307,2,HIS86,0.0,1.0,1,1.0
1307,3,ASP361,-1.0,0.0,0,-1.0
1307,4,ARG85,1.0,0.0,0,1.0
1307,5,GLU163,-1.0,0.0,0,-1.0
1307,6,ARG245,1.0,0.0,0,1.0
1307,7,HIS326,0.0,1.0,1,1.0
1307,8,GLU342,-1.0,0.0,0,-1.0
1307,9,LYS296,1.0,0.0,0,1.0
1307,10,ARG325,1.0,0.0,0,1.0
1308,1,ASP183,-1.0,0.0,0,-1.0
1308,2,ASP287,-1.0,0.0,0,-1.0
1308,3,ASP247,-1.0,0.0,0,-1.0
1308,4,GLU462,-1.0,0.0,1,0.0
1308,5,ASP143,-1.0,0.0,0,-1.0
1308,6,HIS173,1.0,0.0,1,0.0
1308,7,GLU83,-1.0,0.0,0,-1.0
1308,8,HIS294,1.0,0.0,1,0.0
1308,9,LYS268,1.0,0.0,0,1.0
1308,10,HIS86,1.0,0.0,1,0.0
1309,1,HIS13,1.0,0.0,1,0.0
1309,2,HIS6,1.0,0.0,1,0.0
1309,3,HIS253,0.0,1.0,1,1.0
1309,4,ARG85,1.0,0.0,0,1.0
1309,5,LYS136,1.0,0.0,0,1.0
1309,6,ARG405,1.0,0.0,0,1.0
1309,7,GLU91,-1.0,0.0,0,-1.0
1309,8,LYS336,1.0,0.0,0,1.0
1309,9,ASP343,-1.0,0.0,0,-1.0
1309,10,HIS253,1.0,0.0,1,0.0
1310,1,LYS108,1.0,0.0,0,1.0
1310,2,ASP47,-1.0,0.0,0,-1.0
1310,3,LYS268,1.0,0.0,0,1.0
1310,4,GLU83,-1.0,0.0,0,-1.0
1310,5,ARG445,1.0,0.0,0,1.0
1310,6,TYR250,0.0,-1.0,0,0.0
1310,7,GLU363,-1.0,0.0,0,-1.0
1310,8,HIS294,0.0,1.0,1,1.0
1310,9,GLU262,-1.0,0.0,0,-1.0
1310,10,ARG85,1.0,0.0,0,1.0
1311,1,LYS16,1.0,0.0,0,1.0
1311,2,HIS446,1.0,0.0,1,0.0
1311,3,HIS86,0.0,1.0,1,1.0
1311,4,TYR330,0.0,-1.0,0,0.0
1311,5,LYS28,1.0,0.0,0,1.0
1311,6,LYS136,1.0,0.0,0,1.0
1311,7,GLU291,-1.0,0.0,0,-1.0
1311,8,TYR370,0.0,-1.0,0,0.0
1311,9,ASP361,-1.0,0.0,0,-1.0
1311,10,LYS136,1.0,0.0,0,1.0
1312,1,GLU302,-1.0,0.0,0,-1.0
1312,2,GLU83,-1.0,0.0,0,-1.0
1312,3,LYS416,1.0,0.0,0,1.0
1312,4,TYR10,0.0,-1.0,0,0.0
1312,5,LYS268,1.0,0.0,0,1.0
1312,6,LYS308,1.0,0.0,0,1.0
1312,7,GLU251,-1.0,0.0,0,-1.0
1312,8,HIS246,0.0,1.0,0,0.0
1312,9,ASP103,-1.0,0.0,0,-1.0
1312,10,TYR330,0.0,-1.0,0,0.0
1313,1,GLU163,-1.0,0.0,0,-1.0
1313,2,ARG85,1.0,0.0,0,1.0
1313,3,GLU443,-1.0,0.0,0,-1.0
1313,4,ASP121,-1.0,0.0,0,-1.0
1313,5,ASP161,-1.0,0.0,0,-1.0
1313,6,GLU243,-1.0,0.0,0,-1.0
1313,7,HIS126,1.0,0.0,1,0.0
1313,8,GLU11,-1.0,0.0,0,-1.0
1313,9,LYS28,1.0,0.0,0,1.0
1313,10,LYS68,1.0,0.0,0,1.0
1314,1,HIS294,1.0,0.0,1,0.0
1314,2,ASP441,-1.0,0.0,0,-1.0
1314,3,HIS286,0.0,1.0,1,1.0
1314,4,HIS54,0.0,1.0,1,1.0
1314,5,HIS14,0.0,1.0,1,1.0
1314,6,GLU142,-1.0,0.0,0,-1.0
1314,7,HIS54,1.0,0.0,1,0.0
1314,8,TYR330,0.0,-1.0,0,0.0
1314,9,ASP47,-1.0,0.0,0,-1.0
1314,10,LYS388,1.0,0.0,0,1.0
1315,1,GLU283,-1.0,0.0,0,-1.0
1315,2,ARG365,1.0,0.0,0,1.0
1315,3,HIS446,0.0,1.0,0,0.0
1315,4,HIS374,1.0,0.0,1,0.0
1315,5,TYR250,0.0,-1.0,0,0.0
1315,6,TYR10,0.0,-1.0,0,0.0
1315,7,ASP423,-1.0,0.0,0,-1.0
1315,8,LYS256,1.0,0.0,0,1.0
1315,9,ASP447,-1.0,0.0,0,-1.0
1315,10,LYS108,1.0,0.0,0,1.0
1316,1,GLU91,-1.0,0.0,0,-1.0
1316,2,HIS293,0.0,1.0,1,1.0
1316,3,ASP287,-1.0,0.0,0,-1.0
1316,4,ASP463,-1.0,0.0,0,-1.0
1316,5,LYS188,1.0,0.0,0,1.0
1316,6,LYS56,1.0,0.0,0,1.0
1316,7,HIS293,1.0,0.0,1,0.0
1316,8,LYS268,1.0,0.0,0,1.0
1316,9,GLU302,-1.0,0.0,0,-1.0
1316,10,ASP207,-1.0,0.0,0,-1.0
1317,1,HIS366,0.0,1.0,1,1.0
1317,2,GLU211,-1.0,0.0,0,-1.0
1317,3,HIS13,0.0,1.0,0,0.0
1317,4,LYS308,1.0,0.0,0,1.0
1317,5,HIS246,0.0,1.0,0,0.0
1317,6,HIS6,0.0,1.0,0,0.0
1317,7,ASP47,-1.0,0.0,0,-1.0
1317,8,LYS16,1.0,0.0,0,1.0
1317,9,GLU251,-1.0,0.0,0,-1.0
1317,10,HIS126,0.0,1.0,1,1.0
1318,1,ASP1,-1.0,0.0,0,-1.0
1318,2,GLU243,-1.0,0.0,0,-1.0
1318,3,ASP127,-1.0,0.0,0,-1.0
1318,4,HIS6,0.0,1.0,0,0.0
1318,5,LYS416,1.0,0.0,0,1.0
1318,6,GLU262,-1.0,0.0,0,-1.0
1318,7,HIS46,0.0,1.0,1,1.0
1318,8,GLU251,-1.0,0.0,0,-1.0
1318,9,GLU443,-1.0,0.0,0,-1.0
1318,10,LYS468,1.0,0.0,0,1.0
1319,1,GLU262,-1.0,0.0,0,-1.0
1319,2,HIS93,1.0,0.0,1,0.0
1319,3,ASP447,-1.0,0.0,0,-1.0
1319,4,LYS468,1.0,0.0,0,1.0
1319,5,GLU222,-1.0,0.0,0,-1.0
1319,6,LYS376,1.0,0.0,0,1.0
1319,7,ASP447,-1.0,0.0,0,-1.0
1319,8,LYS216,1.0,0.0,0,1.0
1319,9,ARG365,1.0,0.0,0,1.0
1319,10,GLU203,-1.0,0.0,0,-1.0
1320,1,LYS136,1.0,0.0,0,1.0
1320,2,ASP321,-1.0,0.0,0,-1.0
1320,3,HIS414,0.0,1.0,1,1.0
1320,4,ASP41,-1.0,0.0,0,-1.0
1320,5,HIS254,0.0,1.0,1,1.0
1320,6,GLU102,-1.0,0.0,0,-1.0
1320,7,HIS254,1.0,0.0,1,0.0
1320,8,LYS68,1.0,0.0,0,1.0
1320,9,ASP407,-1.0,0.0,0,-1.0
1320,10,GLU323,-1.0,0.0,0,-1.0
1321,1,HIS253,0.0,1.0,1,1.0
1321,2,ASP7,-1.0,0.0,0,-1.0
1321,3,HIS14,1.0,0.0,1,0.0
1321,4,TYR10,0.0,-1.0,0,0.0
1321,5,ARG445,1.0,0.0,0,1.0
1321,6,GLU411,-1.0,0.0,0,-1.0
1321,7,HIS454,1.0,0.0,1,0.0
1321,8,ARG205,1.0,0.0,0,1.0
1321,9,LYS188,1.0,0.0,0,1.0
1321,10,ASP447,-1.0,0.0,0,-1.0
1322,1,TYR130,0.0,-1.0,0,0.0
1322,2,ASP327,-1.0,0.0,0,-1.0
1322,3,GLU163,-1.0,0.0,0,-1.0
1322,4,ASP463,-1.0,0.0,0,-1.0
1322,5,GLU123,-1.0,0.0,0,-1.0
1322,6,GLU382,-1.0,0.0,0,-1.0
1322,7,LYS68,1.0,0.0,0,1.0
1322,8,ASP127,-1.0,0.0,0,-1.0
1322,9,LYS16,1.0,0.0,0,1.0
1322,10,LYS108,1.0,0.0,0,1.0
1323,1,HIS246,0.0,1.0,1,1.0
1323,2,LYS428,1.0,0.0,0,1.0
1323,3,HIS14,0.0,1.0,0,0.0
1323,4,HIS446,0.0,1.0,0,0.0
1323,5,ASP281,-1.0,0.0,0,-1.0
1323,6,ASP121,-1.0,0.0,0,-1.0
1323,7,HIS93,0.0,1.0,0,0.0
1323,8,LYS376,1.0,0.0,0,1.0
1323,9,HIS94,0.0,1.0,0,0.0
1323,10,HIS454,0.0,1.0,1,1.0
1324,1,GLU382,-1.0,0.0,0,-1.0
1324,2,GLU22,-1.0,0.0,0,-1.0
1324,3,ARG285,1.0,0.0,0,1.0
1324,4,HIS374,0.0,1.0,0,0.0
1324,5,GLU171,-1.0,0.0,0,-1.0
1324,6,HIS14,0.0,1.0,0,0.0
1324,7,HIS366,1.0,0.0,1,0.0
1324,8,GLU11,-1.0,0.0,0,-1.0
1324,9,HIS414,1.0,0.0,1,0.0
1324,10,GLU462,0.0,-1.0,1,-1.0
1325,1,LYS388,1.0,0.0,0,1.0
1325,2,LYS68,1.0,0.0,0,1.0
1325,3,TYR250,0.0,-1.0,0,0.0
1325,4,ASP447,-1.0,0.0,0,-1.0
1325,5,TYR290,0.0,-1.0,0,0.0
1325,6,LYS148,1.0,0.0,0,1.0
1325,7,TYR330,0.0,-1.0,0,0.0
1325,8,ASP201,-1.0,0.0,0,-1.0
1325,9,LYS388,1.0,0.0,0,1.0
1325,10,HIS86,1.0,0.0,1,0.0
1326,1,ASP23,-1.0,0.0,0,-1.0
1326,2,LYS428,1.0,0.0,0,1.0
1326,3,TYR370,0.0,-1.0,0,0.0
1326,4,HIS94,0.0,1.0,1,1.0
1326,5,TYR210,0.0,-1.0,0,0.0
1326,6,HIS173,0.0,1.0,1,1.0
1326,7,LYS336,1.0,0.0,0,1.0
1326,8,GLU291,-1.0,0.0,0,-1.0
1326,9,GLU331,-1.0,0.0,0,-1.0
1326,10,ASP423,-1.0,0.0,0,-1.0
1327,1,TYR450,0.0,-1.0,0,0.0
1327,2,ASP23,-1.0,0.0,0,-1.0
1327,3,HIS333,0.0,1.0,1,1.0
1327,4,ARG125,1.0,0.0,0,1.0
1327,5,GLU371,-1.0,0.0,0,-1.0
1327,6,HIS134,0.0,1.0,1,1.0
1327,7,ASP1,-1.0,0.0,0,-1.0
1327,8,GLU211,-1.0,0.0,0,-1.0
1327,9,TYR50,0.0,-1.0,0,0.0
1327,10,HIS94,1.0,0.0,1,0.0
1328,1,TYR250,0.0,-1.0,0,0.0
1328,2,HIS53,0.0,1.0,0,0.0
1328,3,HIS53,0.0,1.0,0,0.0
1328,4,HIS13,0.0,1.0,0,0.0
1328,5,GLU443,-1.0,0.0,0,-1.0
1328,6,TYR330,0.0,-1.0,0,0.0
1328,7,GLU251,-1.0,0.0,0,-1.0
1328,8,ASP407,-1.0,0.0,0,-1.0
1328,9,LYS428,1.0,0.0,0,1.0
1328,10,ASP303,-1.0,0.0,0,-1.0
1329,1,LYS348,1.0,0.0,0,1.0
1329,2,HIS174,0.0,1.0,0,0.0
1329,3,ARG325,1.0,0.0,0,1.0
1329,4,ASP383,-1.0,0.0,0,-1.0
1329,5,HIS174,0.0,1.0,0,0.0
1329,6,HIS53,0.0,1.0,1,1.0
1329,7,ARG285,1.0,0.0,0,1.0
1329,8,LYS428,1.0,0.0,0,1.0
1329,9,HIS53,1.0,0.0,1,0.0
1329,10,GLU283,-1.0,0.0,0,-1.0
1330,1,HIS334,1.0,0.0,1,0.0
1330,2,GLU83,-1.0,0.0,0,-1.0
1330,3,LYS296,1.0,0.0,0,1.0
1330,4,HIS294,0.0,1.0,1,1.0
1330,5,LYS416,1.0,0.0,0,1.0
1330,6,LYS28,1.0,0.0,0,1.0
1330,7,ASP463,-1.0,0.0,0,-1.0
1330,8,HIS246,1.0,0.0,1,0.0
1330,9,ARG125,1.0,0.0,0,1.0
1330,10,ARG325,1.0,0.0,0,1.0
1331,1,GLU331,-1.0,0.0,0,-1.0
1331,2,HIS326,1.0,0.0,1,0.0
1331,3,ARG45,1.0,0.0,0,1.0
1331,4,GLU142,-1.0,0.0,0,-1.0
1331,5,ARG365,1.0,0.0,0,1.0
1331,6,ASP1,-1.0,0.0,0,-1.0
1331,7,GLU182,-1.0,0.0,0,-1.0
1331,8,ASP121,-1.0,0.0,0,-1.0
1331,9,GLU323,-1.0,0.0,0,-1.0
1331,10,ARG5,1.0,0.0,0,1.0
1332,1,HIS373,1.0,0.0,1,0.0
1332,2,HIS13,0.0,1.0,1,1.0
1332,3,HIS206,1.0,0.0,1,0.0
1332,4,GLU91,-1.0,0.0,0,-1.0
1332,5,ARG285,1.0,0.0,0,1.0
1332,6,ARG245,1.0,0.0,0,1.0
1332,7,GLU422,-1.0,0.0,0,-1.0
1332,8,ASP7,-1.0,0.0,0,-1.0
1332,9,GLU382,-1.0,0.0,0,-1.0
1332,10,GLU363,-1.0,0.0,0,-1.0
1333,1,TYR170,0.0,-1.0,0,0.0
1333,2,HIS373,0.0,1.0,0,0.0
1333,3,GLU342,-1.0,0.0,0,-1.0
1333,4,TYR290,0.0,-1.0,0,0.0
1333,5,ASP23,-1.0,0.0,0,-1.0
1333,6,GLU363,-1.0,0.0,0,-1.0
1333,7,LYS136,1.0,0.0,0,1.0
1333,8,HIS166,1.0,0.0,1,0.0
1333,9,GLU222,-1.0,0.0,0,-1.0
1333,10,HIS406,0.0,1.0,1,1.0
1334,1,ASP423,-1.0,0.0,0,-1.0
1334,2,ASP183,-1.0,0.0,0,-1.0
1334,3,GLU163,-1.0,0.0,0,-1.0
1334,4,GLU22,-1.0,0.0,0,-1.0
1334,5,HIS206,0.0,1.0,1,1.0
1334,6,ASP127,-1.0,0.0,0,-1.0
1334,7,GLU342,-1.0,0.0,0,-1.0
1334,8,ARG85,1.0,0.0,0,1.0
1334,9,HIS86,0.0,1.0,1,1.0
1334,10,GLU123,-1.0,0.0,0,-1.0
1335,1,LYS136,1.0,0.0,0,1.0
1335,2,HIS254,0.0,1.0,1,1.0
1335,3,ASP401,-1.0,0.0,0,-1.0
1335,4,LYS268,1.0,0.0,0,1.0
1335,5,GLU243,-1.0,0.0,0,-1.0
1335,6,ASP41,-1.0,0.0,0,-1.0
1335,7,HIS54,0.0,1.0,0,0.0
1335,8,LYS216,1.0,0.0,0,1.0
1335,9,ASP441,-1.0,0.0,0,-1.0
1335,10,LYS176,1.0,0.0,0,1.0
1336,1,LYS108,1.0,0.0,0,1.0
1336,2,GLU342,-1.0,0.0,0,-1.0
1336,3,ASP167,-1.0,0.0,0,-1.0
1336,4,HIS254,1.0,0.0,1,0.0
1336,5,HIS454,1.0,0.0,1,0.0
1336,6,LYS136,1.0,0.0,0,1.0
1336,7,LYS468,1.0,0.0,0,1.0
1336,8,ARG5,1.0,0.0,0,1.0
1336,9,TYR210,0.0,-1.0,0,0.0
1336,10,GLU291,-1.0,0.0,0,-1.0
1337,1,HIS213,1.0,0.0,1,0.0
1337,2,ASP321,-1.0,0.0,0,-1.0
1337,3,HIS413,0.0,1.0,1,1.0
1337,4,ASP241,-1.0,0.0,0,-1.0
1337,5,GLU91,-1.0,0.0,0,-1.0
1337,6,GLU163,-1.0,0.0,0,-1.0
1337,7,LYS308,1.0,0.0,0,1.0
1337,8,ASP47,-1.0,0.0,0,-1.0
1337,9,GLU291,-1.0,0.0,0,-1.0
1337,10,ASP1,-1.0,0.0,0,-1.0
1338,1,HIS174,0.0,1.0,0,0.0
1338,2,GLU83,-1.0,0.0,0,-1.0
1338,3,HIS14,0.0,1.0,1,1.0
1338,4,ASP361,-1.0,0.0,0,-1.0
1338,5,HIS414,0.0,1.0,0,0.0
1338,6,LYS188,1.0,0.0,0,1.0
1338,7,HIS134,1.0,0.0,1,0.0
1338,8,ASP81,-1.0,0.0,0,-1.0
1338,9,ASP121,-1.0,0.0,0,-1.0
1338,10,ASP127,-1.0,0.0,0,-1.0
1339,1,GLU262,-1.0,0.0,0,-1.0
1339,2,TYR130,0.0,-1.0,0,0.0
1339,3,TYR250,0.0,-1.0,0,0.0
1339,4,HIS453,0.0,1.0,1,1.0
1339,5,ASP303,-1.0,0.0,0,-1.0
1339,6,HIS366,0.0,1.0,1,1.0
1339,7,ASP121,-1.0,0.0,0,-1.0
1339,8,HIS93,0.0,1.0,1,1.0
1339,9,ASP121,-1.0,0.0,0,-1.0
1339,10,TYR10,0.0,-1.0,0,0.0
1340,1,GLU363,-1.0,0.0,0,-1.0
1340,2,LYS28,1.0,0.0,0,1.0
1340,3,GLU462,-1.0,0.0,0,-1.0
1340,4,ASP241,-1.0,0.0,0,-1.0
1340,5,HIS46,1.0,0.0,0,1.0
1340,6,ASP441,-1.0,0.0,0,-1.0
1340,7,LYS148,1.0,0.0,0,1.0
1340,8,ASP103,-1.0,0.0,0,-1.0
1340,9,GLU283,-1.0,0.0,0,-1.0
1340,10,GLU451,-1.0,0.0,0,-1.0
1341,1,ARG165,1.0,0.0,0,1.0
1341,2,HIS374,0.0,1.0,1,1.0
1341,3,ASP287,-1.0,0.0,0,-1.0
1341,4,LYS268,1.0,0.0,0,1.0
1341,5,GLU371,-1.0,0.0,0,-1.0
1341,6,LYS148,1.0,0.0,0,1.0
1341,7,ASP287,-1.0,0.0,0,-1.0
1341,8,GLU262,-1.0,0.0,0,-1.0
1341,9,HIS46,1.0,0.0,1,0.0
1341,10,ASP63,-1.0,0.0,0,-1.0
1342,1,ASP343,-1.0,0.0,0,-1.0
1342,2,LYS56,1.0,0.0,0,1.0
1342,3,LYS428,1.0,0.0,0,1.0
1342,4,HIS414,0.0,1.0,0,0.0
1342,5,HIS446,0.0,1.0,1,1.0
1342,6,GLU62,-1.0,0.0,0,-1.0
1342,7,GLU102,-1.0,0.0,0,-1.0
1342,8,ASP47,-1.0,0.0,0,-1.0
1342,9,HIS366,1.0,0.0,1,0.0
1342,10,HIS374,1.0,0.0,1,0.0
1343,1,GLU62,-1.0,0.0,0,-1.0
1343,2,HIS406,1.0,0.0,1,0.0
1343,3,HIS46,0.0,1.0,1,1.0
1343,4,ASP207,-1.0,0.0,0,-1.0
1343,5,GLU123,-1.0,0.0,0,-1.0
1343,6,HIS253,1.0,0.0,1,0.0
1343,7,ASP81,-1.0,0.0,0,-1.0
1343,8,ASP383,-1.0,0.0,0,-1.0
1343,9,GLU283,-1.0,0.0,0,-1.0
1343,10,LYS468,1.0,0.0,0,1.0
1344,1,HIS14,1.0,0.0,1,0.0
1344,2,HIS374,0.0,1.0,0,0.0
1344,3,HIS453,1.0,0.0,1,0.0
1344,4,ASP321,-1.0,0.0,0,-1.0
1344,5,ARG365,1.0,0.0,0,1.0
1344,6,LYS348,1.0,0.0,0,1.0
1344,7,GLU363,-1.0,0.0,0,-1.0
1344,8,GLU291,-1.0,0.0,0,-1.0
1344,9,GLU363,-1.0,0.0,0,-1.0
1344,10,TYR450,0.0,-1.0,0,0.0
1345,1,LYS348,1.0,0.0,0,1.0
1345,2,ASP103,-1.0,0.0,0,-1.0
1345,3,ARG365,1.0,0.0,0,1.0
1345,4,HIS286,1.0,0.0,1,0.0
1345,5,HIS6,0.0,1.0,0,0.0
1345,6,GLU451,-1.0,0.0,0,-1.0
1345,7,TYR330,0.0,-1.0,0,0.0
1345,8,GLU123,-1.0,0.0,0,-1.0
1345,9,ASP303,-1.0,0.0,0,-1.0
1345,10,HIS206,1.0,0.0,1,0.0
1346,1,LYS188,1.0,0.0,0,1.0
1346,2,GLU83,-1.0,0.0,0,-1.0
1346,3,ASP327,-1.0,0.0,0,-1.0
1346,4,HIS454,0.0,1.0,1,1.0
1346,5,ASP287,-1.0,0.0,0,-1.0
1346,6,GLU131,-1.0,0.0,0,-1.0
1346,7,HIS54,0.0,1.0,1,1.0
1346,8,HIS246,0.0,1.0,1,1.0
1346,9,ASP343,-1.0,0.0,0,-1.0
1346,10,HIS406,0.0,1.0,0,0.0
1347,1,LYS188,1.0,0.0,0,1.0
1347,2,GLU163,-1.0,0.0,0,-1.0
1347,3,LYS108,1.0,0.0,0,1.0
1347,4,HIS54,1.0,0.0,1,0.0
1347,5,LYS348,1.0,0.0,0,1.0
1347,6,GLU11,-1.0,0.0,0,-1.0
1347,7,ASP183,-1.0,0.0,0,-1.0
1347,8,HIS414,0.0,1.0,1,1.0
1347,9,GLU102,-1.0,0.0,0,-1.0
1347,10,GLU371,-1.0,0.0,0,-1.0
1348,1,GLU11,-1.0,0.0,0,-1.0
1348,2,HIS13,1.0,0.0,1,0.0
1348,3,TYR50,0.0,-1.0,0,0.0
1348,4,TYR10,0.0,-1.0,0,0.0
1348,5,ASP263,-1.0,0.0,0,-1.0
1348,6,GLU142,-1.0,0.0,0,-1.0
1348,7,HIS6,0.0,1.0,1,1.0
1348,8,LYS136,1.0,0.0,0,1.0
1348,9,ASP47,-1.0,0.0,0,-1.0
1348,10,GLU243,-1.0,0.0,0,-1.0
1349,1,HIS133,0.0,1.0,0,0.0
1349,2,LYS336,1.0,0.0,0,1.0
1349,3,LYS456,1.0,0.0,0,1.0
1349,4,GLU163,-1.0,0.0,0,-1.0
1349,5,ASP463,-1.0,0.0,0,-1.0
1349,6,GLU142,-1.0,0.0,0,-1.0
1349,7,ASP121,-1.0,0.0,0,-1.0
1349,8,HIS414,1.0,0.0,1,0.0
1349,9,ARG405,1.0,0.0,0,1.0
1349,10,TYR90,0.0,-1.0,0,0.0
1350,1,ASP423,-1.0,0.0,0,-1.0
1350,2,ASP47,-1.0,0.0,0,-1.0
1350,3,HIS46,1.0,0.0,1,0.0
1350,4,GLU182,-1.0,0.0,0,-1.0
1350,5,HIS366,0.0,1.0,1,1.0
1350,6,ASP447,-1.0,0.0,0,-1.0
1350,7,HIS46,0.0,1.0,1,1.0
1350,8,HIS86,1.0,0.0,1,0.0
1350,9,ASP41,-1.0,0.0,0,-1.0
1350,10,ARG85,1.0,0.0,0,1.0
1351,1,ARG365,1.0,0.0,0,1.0
1351,2,ARG285,1.0,0.0,0,1.0
1351,3,HIS46,1.0,0.0,1,0.0
1351,4,GLU102,-1.0,0.0,0,-1.0
1351,5,ARG365,1.0,0.0,0,1.0
1351,6,ASP223,-1.0,0.0,0,-1.0
1351,7,ASP263,-1.0,0.0,0,-1.0
1351,8,HIS446,1.0,0.0,1,0.0
1351,9,ASP223,-1.0,0.0,0,-1.0
1351,10,HIS6,1.0,0.0,1,0.0
1352,1,HIS93,1.0,0.0,1,0.0
1352,2,ARG85,1.0,0.0,0,1.0
1352,3,GLU251,-1.0,0.0,0,-1.0
1352,4,LYS468,1.0,0.0,0,1.0
1352,5,ARG205,1.0,0.0,0,1.0
1352,6,GLU243,-1.0,0.0,0,-1.0
1352,7,LYS308,1.0,0.0,0,1.0
1352,8,HIS213,0.0,1.0,1,1.0
1352,9,GLU451,-1.0,0.0,0,-1.0
1352,10,ASP343,-1.0,0.0,0,-1.0
1353,1,GLU462,-1.0,0.0,1,0.0
1353,2,ASP401,-1.0,0.0,0,-1.0
1353,3,LYS108,1.0,0.0,0,1.0
1353,4,GLU163,-1.0,0.0,0,-1.0
1353,5,HIS213,1.0,0.0,1,0.0
1353,6,HIS453,0.0,1.0,1,1.0
1353,7,LYS228,1.0,0.0,0,1.0
1353,8,ASP383,-1.0,0.0,0,-1.0
1353,9,GLU382,-1.0,0.0,0,-1.0
1353,10,GLU62,-1.0,0.0,0,-1.0
1354,1,ASP447,-1.0,0.0,0,-1.0
1354,2,ASP281,-1.0,0.0,0,-1.0
1354,3,ASP361,-1.0,0.0,0,-1.0
1354,4,LYS228,1.0,0.0,0,1.0
1354,5,ARG445,1.0,0.0,0,1.0
1354,6,HIS173,1.0,0.0,1,0.0
1354,7,LYS308,1.0,0.0,0,1.0
1354,8,TYR330,0.0,-1.0,0,0.0
1354,9,ASP81,-1.0,0.0,0,-1.0
1354,10,ASP327,-1.0,0.0,0,-1.0
1355,1,GLU443,-1.0,0.0,0,-1.0
1355,2,GLU323,-1.0,0.0,0,-1.0
1355,3,HIS174,0.0,1.0,1,1.0
1355,4,ASP47,-1.0,0.0,0,-1.0
1355,5,HIS53,0.0,1.0,1,1.0
1355,6,ARG85,1.0,0.0,0,1.0
1355,7,GLU11,-1.0,0.0,0,-1.0
1355,8,ASP87,-1.0,0.0,0,-1.0
1355,9,GLU43,-1.0,0.0,0,-1.0
1355,10,ASP207,-1.0,0.0,0,-1.0
1356,1,ASP161,-1.0,0.0,0,-1.0
1356,2,LYS348,1.0,0.0,0,1.0
1356,3,HIS293,0.0,1.0,0,0.0
1356,4,ASP263,-1.0,0.0,0,-1.0
1356,5,GLU403,-1.0,0.0,0,-1.0
1356,6,ASP321,-1.0,0.0,0,-1.0
1356,7,HIS373,0.0,1.0,1,1.0
1356,8,LYS268,1.0,0.0,0,1.0
1356,9,TYR370,0.0,-1.0,0,0.0
1356,10,ASP361,-1.0,0.0,0,-1.0
1357,1,GLU323,-1.0,0.0,0,-1.0
1357,2,HIS6,0.0,1.0,1,1.0
1357,3,ASP463,-1.0,0.0,0,-1.0
1357,4,HIS126,1.0,0.0,1,0.0
1357,5,ASP121,-1.0,0.0,0,-1.0
1357,6,ASP47,-1.0,0.0,0,-1.0
1357,7,TYR250,0.0,-1.0,0,0.0
1357,8,ASP201,-1.0,0.0,0,-1.0
1357,9,ASP263,-1.0,0.0,0,-1.0
1357,10,ASP303,-1.0,0.0,0,-1.0
1358,1,ARG45,1.0,0.0,0,1.0
1358,2,GLU203,-1.0,0.0,0,-1.0
1358,3,ARG405,1.0,0.0,0,1.0
1358,4,LYS176,1.0,0.0,0,1.0
1358,5,ASP167,-1.0,0.0,0,-1.0
1358,6,GLU422,-1.0,0.0,0,-1.0
1358,7,ASP383,-1.0,0.0,0,-1.0
1358,8,ASP401,-1.0,0.0,0,-1.0
1358,9,LYS148,1.0,0.0,0,1.0
1358,10,ASP7,-1.0,0.0,0,-1.0
1359,1,HIS93,0.0,1.0,1,1.0
1359,2,ASP47,-1.0,0.0,0,-1.0
1359,3,HIS214,0.0,1.0,0,0.0
1359,4,ASP407,-1.0,0.0,0,-1.0
1359,5,GLU211,-1.0,0.0,0,-1.0
1359,6,ASP361,-1.0,0.0,0,-1.0
1359,7,HIS134,0.0,1.0,0,0.0
1359,8,HIS126,0.0,1.0,1,1.0
1359,9,HIS86,0.0,1.0,0,0.0
1359,10,ASP1,-1.0,0.0,0,-1.0
1360,1,GLU251,-1.0,0.0,0,-1.0
1360,2,ASP207,-1.0,0.0,0,-1.0
1360,3,GLU22,-1.0,0.0,0,-1.0
1360,4,HIS86,0.0,1.0,0,0.0
1360,5,ASP241,-1.0,0.0,0,-1.0
1360,6,HIS333,1.0,0.0,1,0.0
1360,7,ASP1,-1.0,0.0,0,-1.0
1360,8,HIS126,1.0,0.0,1,0.0
1360,9,GLU62,-1.0,0.0,0,-1.0
1360,10,GLU123,-1.0,0.0,0,-1.0
1361,1,ASP321,-1.0,0.0,0,-1.0
1361,2,GLU91,-1.0,0.0,0,-1.0
1361,3,ARG405,1.0,0.0,0,1.0
1361,4,GLU251,-1.0,0.0,0,-1.0
1361,5,HIS93,1.0,0.0,1,0.0
1361,6,ARG45,1.0,0.0,0,1.0
1361,7,ASP223,-1.0,0.0,0,-1.0
1361,8,GLU3,-1.0,0.0,0,-1.0
1361,9,HIS166,0.0,1.0,1,1.0
1361,10,ASP143,-1.0,0.0,0,-1.0
1362,1,GLU182,-1.0,0.0,0,-1.0
1362,2,HIS293,0.0,1.0,1,1.0
1362,3,GLU83,-1.0,0.0,0,-1.0
1362,4,ASP223,-1.0,0.0,0,-1.0
1362,5,ARG125,1.0,0.0,0,1.0
1362,6,GLU171,-1.0,0.0,0,-1.0
1362,7,TYR250,0.0,-1.0,0,0.0
1362,8,GLU102,-1.0,0.0,0,-1.0
1362,9,ARG285,1.0,0.0,0,1.0
1362,10,ASP423,-1.0,0.0,0,-1.0
1363,1,ARG405,1.0,0.0,0,1.0
1363,2,HIS286,0.0,1.0,1,1.0
1363,3,TYR370,0.0,-1.0,0,0.0
1363,4,LYS336,1.0,0.0,0,1.0
1363,5,GLU422,-1.0,0.0,0,-1.0
1363,6,ASP183,-1.0,0.0,0,-1.0
1363,7,LYS308,1.0,0.0,0,1.0
1363,8,GLU243,-1.0,0.0,0,-1.0
1363,9,ASP303,-1.0,0.0,0,-1.0
1363,10,HIS94,0.0,1.0,0,0.0
1364,1,ASP47,-1.0,0.0,0,-1.0
1364,2,ARG285,1.0,0.0,0,1.0
1364,3,TYR10,0.0,-1.0,0,0.0
1364,4,TYR410,0.0,-1.0,0,0.0
1364,5,ASP23,-1.0,0.0,0,-1.0
1364,6,ASP367,-1.0,0.0,0,-1.0
1364,7,ARG125,1.0,0.0,0,1.0
1364,8,TYR210,0.0,-1.0,0,0.0
1364,9,ARG245,1.0,0.0,0,1.0
1364,10,LYS96,1.0,0.0,0,1.0
1365,1,TYR90,0.0,-1.0,0,0.0
1365,2,GLU123,-1.0,0.0,0,-1.0
1365,3,HIS413,1.0,0.0,1,0.0
1365,4,LYS148,1.0,0.0,0,1.0
1365,5,LYS468,1.0,0.0,0,1.0
1365,6,GLU123,-1.0,0.0,0,-1.0
1365,7,GLU262,-1.0,0.0,0,-1.0
1365,8,GLU171,-1.0,0.0,0,-1.0
1365,9,GLU222,-1.0,0.0,0,-1.0
1365,10,HIS173,0.0,1.0,0,0.0
1366,1,LYS188,1.0,0.0,0,1.0
1366,2,ARG205,1.0,0.0,0,1.0
1366,3,GLU462,0.0,-1.0,0,0.0
1366,4,ASP423,-1.0,0.0,0,-1.0
1366,5,ASP127,-1.0,0.0,0,-1.0
1366,6,ASP63,-1.0,0.0,0,-1.0
1366,7,GLU371,-1.0,0.0,0,-1.0
1366,8,HIS53,1.0,0.0,1,0.0
1366,9,TYR10,0.0,-1.0,0,0.0
1366,10,LYS188,1.0,0.0,0,1.0
1367,1,GLU243,-1.0,0.0,0,-1.0
1367,2,HIS133,0.0,1.0,0,0.0
1367,3,ARG5,1.0,0.0,0,1.0
1367,4,HIS214,0.0,1.0,0,0.0
1367,5,ARG445,1.0,0.0,0,1.0
1367,6,GLU83,-1.0,0.0,0,-1.0
1367,7,HIS286,1.0,0.0,1,0.0
1367,8,LYS148,1.0,0.0,0,1.0
1367,9,LYS148,1.0,0.0,0,1.0
1367,10,TYR410,0.0,-1.0,0,0.0
1368,1,GLU323,-1.0,0.0,0,-1.0
1368,2,LYS16,1.0,0.0,0,1.0
1368,3,LYS188,1.0,0.0,0,1.0
1368,4,HIS254,0.0,1.0,0,0.0
1368,5,GLU43,-1.0,0.0,0,-1.0
1368,6,ASP361,-1.0,0.0,0,-1.0
1368,7,ASP81,-1.0,0.0,0,-1.0
1368,8,HIS366,1.0,0.0,1,0.0
1368,9,GLU11,-1.0,0.0,0,-1.0
1368,10,HIS53,0.0,1.0,0,0.0
1369,1,LYS28,1.0,0.0,0,1.0
1369,2,GLU3,-1.0,0.0,0,-1.0
1369,3,HIS293,1.0,0.0,1,0.0
1369,4,ASP1,-1.0,0.0,0,-1.0
1369,5,ASP241,-1.0,0.0,0,-1.0
1369,6,ARG165,1.0,0.0,0,1.0
1369,7,ASP7,-1.0,0.0,0,-1.0
1369,8,GLU102,-1.0,0.0,0,-1.0
1369,9,HIS214,0.0,1.0,0,0.0
1369,10,GLU422,-1.0,0.0,0,-1.0
1370,1,HIS374,0.0,1.0,0,0.0
1370,2,GLU203,-1.0,0.0,0,-1.0
1370,3,HIS334,0.0,1.0,1,1.0
1370,4,ARG85,1.0,0.0,0,1.0
1370,5,HIS246,1.0,0.0,1,0.0
1370,6,TYR50,0.0,-1.0,0,0.0
1370,7,HIS133,0.0,1.0,0,0.0
1370,8,GLU163,-1.0,0.0,0,-1.0
1370,9,HIS214,0.0,1.0,0,0.0
1370,10,ASP121,-1.0,0.0,0,-1.0
1371,1,HIS334,1.0,0.0,1,0.0
1371,2,LYS428,1.0,0.0,0,1.0
1371,3,ASP241,-1.0,0.0,0,-1.0
1371,4,LYS336,1.0,0.0,0,1.0
1371,5,HIS333,0.0,1.0,0,0.0
1371,6,GLU371,-1.0,0.0,0,-1.0
1371,7,GLU331,-1.0,0.0,0,-1.0
1371,8,ASP241,-1.0,0.0,0,-1.0
1371,9,ARG125,1.0,0.0,0,1.0
1371,10,LYS16,1.0,0.0,0,1.0
1372,1,ASP367,-1.0,0.0,0,-1.0
1372,2,LYS468,1.0,0.0,0,1.0
1372,3,LYS428,1.0,0.0,0,1.0
1372,4,ASP41,-1.0,0.0,0,-1.0
1372,5,TYR250,0.0,-1.0,0,0.0
1372,6,ASP327,-1.0,0.0,0,-1.0
1372,7,HIS413,0.0,1.0,0,0.0
1372,8,ARG285,1.0,0.0,0,1.0
1372,9,ASP441,-1.0,0.0,0,-1.0
1372,10,GLU142,-1.0,0.0,0,-1.0
1373,1,LYS16,1.0,0.0,0,1.0
1373,2,HIS174,1.0,0.0,1,0.0
1373,3,GLU403,-1.0,0.0,0,-1.0
1373,4,GLU403,-1.0,0.0,0,-1.0
1373,5,HIS6,1.0,0.0,1,0.0
1373,6,ARG445,1.0,0.0,0,1.0
1373,7,HIS174,0.0,1.0,1,1.0
1373,8,HIS213,0.0,1.0,1,1.0
1373,9,ARG5,1.0,0.0,0,1.0
1373,10,LYS68,1.0,0.0,0,1.0
1374,1,LYS268,1.0,0.0,0,1.0
1374,2,GLU302,-1.0,0.0,0,-1.0
1374,3,LYS416,1.0,0.0,0,1.0
1374,4,HIS13,0.0,1.0,1,1.0
1374,5,HIS86,0.0,1.0,1,1.0
1374,6,ARG85,1.0,0.0,0,1.0
1374,7,HIS166,1.0,0.0,1,0.0
1374,8,HIS13,1.0,0.0,1,0.0
1374,9,TYR410,0.0,-1.0,0,0.0
1374,10,ASP223,-1.0,0.0,0,-1.0
1375,1,HIS374,0.0,1.0,0,0.0
1375,2,TYR290,0.0,-1.0,0,0.0
1375,3,ASP361,-1.0,0.0,0,-1.0
1375,4,ASP263,-1.0,0.0,0,-1.0
1375,5,ASP287,-1.0,0.0,0,-1.0
1375,6,TYR330,0.0,-1.0,0,0.0
1375,7,ASP423,-1.0,0.0,0,-1.0
1375,8,ASP1,-1.0,0.0,0,-1.0
1375,9,GLU51,-1.0,0.0,0,-1.0
1375,10,GLU163,-1.0,0.0,0,-1.0
1376,1,TYR90,0.0,-1.0,0,0.0
1376,2,HIS46,0.0,1.0,0,0.0
1376,3,GLU251,-1.0,0.0,0,-1.0
1376,4,LYS376,1.0,0.0,0,1.0
1376,5,HIS454,1.0,0.0,1,0.0
1376,6,LYS148,1.0,0.0,0,1.0
1376,7,ASP1,-1.0,0.0,0,-1.0
1376,8,GLU363,-1.0,0.0,0,-1.0
1376,9,LYS428,1.0,0.0,0,1.0
1376,10,GLU331,-1.0,0.0,0,-1.0
1377,1,GLU142,-1.0,0.0,0,-1.0
1377,2,HIS454,0.0,1.0,0,0.0
1377,3,LYS96,1.0,0.0,0,1.0
1377,4,ASP287,-1.0,0.0,0,-1.0
1377,5,LYS388,1.0,0.0,0,1.0
1377,6,GLU371,-1.0,0.0,0,-1.0
1377,7,HIS13,0.0,1.0,0,0.0
1377,8,GLU11,-1.0,0.0,0,-1.0
1377,9,ARG445,1.0,0.0,0,1.0
1377,10,GLU443,-1.0,0.0,0,-1.0
1378,1,HIS126,0.0,1.0,1,1.0
1378,2,HIS373,1.0,0.0,1,0.0
1378,3,HIS286,0.0,1.0,1,1.0
1378,4,ARG85,1.0,0.0,0,1.0
1378,5,TYR130,0.0,-1.0,0,0.0
1378,6,LYS176,1.0,0.0,0,1.0
1378,7,TYR250,0.0,-1.0,0,0.0
1378,8,HIS214,0.0,1.0,0,0.0
1378,9,TYR410,0.0,-1.0,0,0.0
1378,10,ASP247,-1.0,0.0,0,-1.0
1379,1,HIS213,1.0,0.0,1,0.0
1379,2,ARG445,1.0,0.0,0,1.0
1379,3,GLU371,-1.0,0.0,0,-1.0
1379,4,HIS94,0.0,1.0,0,0.0
1379,5,ARG165,1.0,0.0,0,1.0
1379,6,HIS414,0.0,1.0,1,1.0
1379,7,HIS453,1.0,0.0,0,1.0
1379,8,HIS373,0.0,1.0,0,0.0
1379,9,GLU3,-1.0,0.0,0,-1.0
1379,10,ARG365,1.0,0.0,0,1.0
1380,1,ASP361,-1.0,0.0,0,-1.0
1380,2,ASP247,-1.0,0.0,0,-1.0
1380,3,GLU243,-1.0,0.0,0,-1.0
1380,4,HIS214,0.0,1.0,1,1.0
1380,5,LYS216,1.0,0.0,0,1.0
1380,6,ASP127,-1.0,0.0,0,-1.0
1380,7,HIS94,0.0,1.0,0,0.0
1380,8,LYS108,1.0,0.0,0,1.0
1380,9,HIS94,0.0,1.0,0,0.0
1380,10,ASP201,-1.0,0.0,0,-1.0
1381,1,GLU403,-1.0,0.0,0,-1.0
1381,2,HIS134,0.0,1.0,0,0.0
1381,3,ASP143,-1.0,0.0,0,-1.0
1381,4,ARG405,1.0,0.0,0,1.0
1381,5,ASP183,-1.0,0.0,0,-1.0
1381,6,LYS308,1.0,0.0,0,1.0
1381,7,GLU363,-1.0,0.0,0,-1.0
1381,8,HIS206,0.0,1.0,1,1.0
1381,9,HIS406,0.0,1.0,1,1.0
1381,10,LYS268,1.0,0.0,0,1.0
1382,1,LYS268,1.0,0.0,0,1.0
1382,2,GLU363,-1.0,0.0,0,-1.0
1382,3,GLU331,-1.0,0.0,0,-1.0
1382,4,HIS53,0.0,1.0,0,0.0
1382,5,TYR250,0.0,-1.0,0,0.0
1382,6,ASP463,-1.0,0.0,0,-1.0
1382,7,ASP167,-1.0,0.0,0,-1.0
1382,8,HIS334,0.0,1.0,1,1.0
1382,9,LYS28,1.0,0.0,0,1.0
1382,10,LYS388,1.0,0.0,0,1.0
1383,1,HIS326,0.0,1.0,1,1.0
1383,2,ASP167,-1.0,0.0,0,-1.0
1383,3,ARG445,1.0,0.0,0,1.0
1383,4,ARG125,1.0,0.0,0,1.0
1383,5,HIS366,0.0,1.0,1,1.0
1383,6,GLU3,-1.0,0.0,0,-1.0
1383,7,GLU11,-1.0,0.0,0,-1.0
1383,8,LYS56,1.0,0.0,0,1.0
1383,9,LYS216,1.0,0.0,0,1.0
1383,10,ARG85,1.0,0.0,0,1.0
1384,1,ARG5,1.0,0.0,0,1.0
1384,2,ASP7,-1.0,0.0,0,-1.0
1384,3,ARG245,1.0,0.0,0,1.0
1384,4,GLU283,-1.0,0.0,0,-1.0
1384,5,GLU291,-1.0,0.0,0,-1.0
1384,6,ASP143,-1.0,0.0,0,-1.0
1384,7,HIS413,0.0,1.0,0,0.0
1384,8,HIS334,1.0,0.0,1,0.0
1384,9,GLU382,-1.0,0.0,0,-1.0
1384,10,HIS286,1.0,0.0,1,0.0
1385,1,GLU331,-1.0,0.0,0,-1.0
1385,2,HIS374,0.0,1.0,1,1.0
1385,3,ASP87,-1.0,0.0,0,-1.0
1385,4,GLU102,-1.0,0.0,0,-1.0
1385,5,ASP383,-1.0,0.0,0,-1.0
1385,6,GLU323,-1.0,0.0,0,-1.0
1385,7,GLU3,-1.0,0.0,0,-1.0
1385,8,GLU462,0.0,-1.0,0,0.0
1385,9,LYS468,1.0,0.0,0,1.0
1385,10,GLU163,-1.0,0.0,0,-1.0
1386,1,TYR210,0.0,-1.0,0,0.0
1386,2,ASP87,-1.0,0.0,0,-1.0
1386,3,GLU382,-1.0,0.0,0,-1.0
1386,4,HIS174,1.0,0.0,1,0.0
1386,5,LYS188,1.0,0.0,0,1.0
1386,6,ASP463,-1.0,0.0,0,-1.0
1386,7,GLU291,-1.0,0.0,0,-1.0
1386,8,GLU342,-1.0,0.0,0,-1.0
1386,9,TYR130,0.0,-1.0,0,0.0
1386,10,LYS148,1.0,0.0,0,1.0
1387,1,GLU171,-1.0,0.0,0,-1.0
1387,2,HIS373,0.0,1.0,0,0.0
1387,3,LYS96,1.0,0.0,0,1.0
1387,4,ARG45,1.0,0.0,0,1.0
1387,5,LYS416,1.0,0.0,0,1.0
1387,6,LYS16,1.0,0.0,0,1.0
1387,7,GLU302,-1.0,0.0,0,-1.0
1387,8,ARG85,1.0,0.0,0,1.0
1387,9,LYS176,1.0,0.0,0,1.0
1387,10,ARG205,1.0,0.0,0,1.0
1388,1,TYR370,0.0,-1.0,0,0.0
1388,2,ASP441,-1.0,0.0,0,-1.0
1388,3,TYR330,0.0,-1.0,0,0.0
1388,4,ASP241,-1.0,0.0,0,-1.0
1388,5,LYS456,1.0,0.0,1,0.0
1388,6,ASP127,-1.0,0.0,0,-1.0
1388,7,ASP343,-1.0,0.0,0,-1.0
1388,8,LYS296,1.0,0.0,0,1.0
1388,9,LYS56,1.0,0.0,0,1.0
1388,10,ASP103,-1.0,0.0,0,-1.0
1389,1,ASP287,-1.0,0.0,0,-1.0
1389,2,ASP1,-1.0,0.0,0,-1.0
1389,3,ARG45,1.0,0.0,0,1.0
1389,4,LYS216,1.0,0.0,0,1.0
1389,5,ASP441,-1.0,0.0,0,-1.0
1389,6,ASP1,-1.0,0.0,0,-1.0
1389,7,TYR10,0.0,-1.0,0,0.0
1389,8,LYS268,1.0,0.0,0,1.0
1389,9,HIS446,0.0,1.0,1,1.0
1389,10,LYS456,0.0,1.0,1,1.0
1390,1,LYS176,1.0,0.0,0,1.0
1390,2,GLU3,-1.0,0.0,0,-1.0
1390,3,LYS308,1.0,0.0,0,1.0
1390,4,ASP167,-1.0,0.0,0,-1.0
1390,5,ARG5,1.0,0.0,0,1.0
1390,6,ASP1,-1.0,0.0,0,-1.0
1390,7,HIS54,0.0,1.0,0,0.0
1390,8,ASP1,-1.0,0.0,0,-1.0
1390,9,LYS268,1.0,0.0,0,1.0
1390,10,GLU323,-1.0,0.0,0,-1.0
1391,1,ASP327,-1.0,0.0,0,-1.0
1391,2,ASP223,-1.0,0.0,0,-1.0
1391,3,LYS188,1.0,0.0,0,1.0
1391,4,ASP143,-1.0,0.0,0,-1.0
1391,5,HIS213,0.0,1.0,1,1.0
1391,6,ASP103,-1.0,0.0,0,-1.0
1391,7,HIS326,1.0,0.0,1,0.0
1391,8,GLU171,-1.0,0.0,0,-1.0
1391,9,LYS268,1.0,0.0,0,1.0
1391,10,GLU262,-1.0,0.0,0,-1.0
1392,1,TYR170,0.0,-1.0,0,0.0
1392,2,ASP41,-1.0,0.0,0,-1.0
1392,3,HIS373,0.0,1.0,0,0.0
1392,4,GLU131,-1.0,0.0,0,-1.0
1392,5,LYS148,1.0,0.0,0,1.0
1392,6,ASP127,-1.0,0.0,0,-1.0
1392,7,ASP383,-1.0,0.0,0,-1.0
1392,8,ASP281,-1.0,0.0,0,-1.0
1392,9,HIS246,0.0,1.0,1,1.0
1392,10,GLU323,-1.0,0.0,0,-1.0
1393,1,LYS108,1.0,0.0,0,1.0
1393,2,GLU51,-1.0,0.0,0,-1.0
1393,3,LYS176,1.0,0.0,0,1.0
1393,4,ASP23,-1.0,0.0,0,-1.0
1393,5,ASP47,-1.0,0.0,0,-1.0
1393,6,HIS366,1.0,0.0,1,0.0
1393,7,LYS176,1.0,0.0,0,1.0
1393,8,HIS373,0.0,1.0,1,1.0
1393,9,GLU462,0.0,-1.0,1,-1.0
1393,10,LYS188,1.0,0.0,0,1.0
1394,1,TYR90,0.0,-1.0,0,0.0
1394,2,HIS86,1.0,0.0,1,0.0
1394,3,GLU291,-1.0,0.0,0,-1.0
1394,4,HIS94,0.0,1.0,0,0.0
1394,5,GLU283,-1.0,0.0,0,-1.0
1394,6,TYR210,0.0,-1.0,0,0.0
1394,7,TYR290,0.0,-1.0,0,0.0
1394,8,HIS126,1.0,0.0,1,0.0
1394,9,LYS376,1.0,0.0,0,1.0
1394,10,ARG325,1.0,0.0,0,1.0
1395,1,HIS134,0.0,1.0,0,0.0
1395,2,HIS333,0.0,1.0,1,1.0
1395,3,ASP183,-1.0,0.0,0,-1.0
1395,4,ASP143,-1.0,0.0,0,-1.0
1395,5,GLU422,-1.0,0.0,0,-1.0
1395,6,ASP407,-1.0,0.0,0,-1.0
1395,7,ASP401,-1.0,0.0,0,-1.0
1395,8,TYR330,0.0,-1.0,0,0.0
1395,9,GLU123,-1.0,0.0,0,-1.0
1395,10,LYS108,1.0,0.0,0,1.0
1396,1,GLU342,-1.0,0.0,0,-1.0
1396,2,GLU171,-1.0,0.0,0,-1.0
1396,3,ASP463,-1.0,0.0,0,-1.0
1396,4,LYS68,1.0,0.0,0,1.0
1396,5,LYS68,1.0,0.0,0,1.0
1396,6,HIS126,0.0,1.0,1,1.0
1396,7,GLU451,-1.0,0.0,0,-1.0
1396,8,GLU323,-1.0,0.0,0,-1.0
1396,9,ASP383,-1.0,0.0,0,-1.0
1396,10,ASP287,-1.0,0.0,0,-1.0
1397,1,ASP121,-1.0,0.0,0,-1.0
1397,2,TYR10,0.0,-1.0,0,0.0
1397,3,HIS333,1.0,0.0,1,0.0
1397,4,ASP121,-1.0,0.0,0,-1.0
1397,5,HIS454,0.0,1.0,0,0.0
1397,6,LYS308,1.0,0.0,0,1.0
1397,7,LYS136,1.0,0.0,0,1.0
1397,8,HIS373,1.0,0.0,1,0.0
1397,9,HIS294,1.0,0.0,1,0.0
1397,10,HIS254,0.0,1.0,1,1.0
1398,1,ASP401,-1.0,0.0,0,-1.0
1398,2,ASP463,-1.0,0.0,0,-1.0
1398,3,ASP47,-1.0,0.0,0,-1.0
1398,4,HIS133,0.0,1.0,1,1.0
1398,5,GLU11,-1.0,0.0,0,-1.0
1398,6,HIS14,0.0,1.0,1,1.0
1398,7,HIS86,0.0,1.0,0,0.0
1398,8,HIS13,0.0,1.0,0,0.0
1398,9,HIS213,1.0,0.0,1,0.0
1398,10,ASP281,-1.0,0.0,0,-1.0
1399,1,ASP241,-1.0,0.0,0,-1.0
1399,2,ARG125,1.0,0.0,0,1.0
1399,3,ARG5,1.0,0.0,0,1.0
1399,4,HIS454,0.0,1.0,0,0.0
1399,5,ARG125,1.0,0.0,0,1.0
1399,6,HIS213,0.0,1.0,0,0.0
1399,7,GLU323,-1.0,0.0,0,-1.0
1399,8,GLU323,-1.0,0.0,0,-1.0
1399,9,ASP303,-1.0,0.0,0,-1.0
1399,10,TYR210,0.0,-1.0,0,0.0
1400,1,HIS14,1.0,0.0,1,0.0
1400,2,GLU382,-1.0,0.0,0,-1.0
1400,3,GLU302,-1.0,0.0,0,-1.0
1400,4,GLU251,-1.0,0.0,0,-1.0
1400,5,GLU323,-1.0,0.0,0,-1.0
1400,6,TYR90,0.0,-1.0,0,0.0
1400,7,LYS456,1.0,0.0,0,1.0
1400,8,ASP7,-1.0,0.0,0,-1.0
1400,9,GLU22,-1.0,0.0,0,-1.0
1400,10,TYR330,0.0,-1.0,0,0.0
1401,1,ASP447,-1.0,0.0,0,-1.0
1401,2,ASP321,-1.0,0.0,0,-1.0
1401,3,LYS416,1.0,0.0,0,1.0
1401,4,ASP287,-1.0,0.0,0,-1.0
1401,5,LYS96,1.0,0.0,0,1.0
1401,6,ARG45,1.0,0.0,0,1.0
1401,7,HIS374,1.0,0.0,1,0.0
1401,8,ASP161,-1.0,0.0,0,-1.0
1401,9,ASP343,-1.0,0.0,0,-1.0
1401,10,HIS414,1.0,0.0,1,0.0
1402,1,ASP281,-1.0,0.0,0,-1.0
1402,2,GLU83,-1.0,0.0,0,-1.0
1402,3,GLU363,-1.0,0.0,0,-1.0
1402,4,LYS68,1.0,0.0,0,1.0
1402,5,LYS348,1.0,0.0,0,1.0
1402,6,GLU323,-1.0,0.0,0,-1.0
1402,7,ASP23,-1.0,0.0,0,-1.0
1402,8,LYS308,1.0,0.0,0,1.0
1402,9,GLU123,-1.0,0.0,0,-1.0
1402,10,HIS446,1.0,0.0,1,0.0
1403,1,ASP183,-1.0,0.0,0,-1.0
1403,2,ARG365,1.0,0.0,0,1.0
1403,3,HIS286,0.0,1.0,1,1.0
1403,4,GLU422,-1.0,0.0,0,-1.0
1403,5,HIS366,0.0,1.0,1,1.0
1403,6,HIS334,0.0,1.0,1,1.0
1403,7,HIS206,1.0,0.0,0,1.0
1403,8,LYS308,1.0,0.0,0,1.0
1403,9,ARG325,1.0,0.0,0,1.0
1403,10,LYS308,1.0,0.0,0,1.0
1404,1,GLU331,-1.0,0.0,0,-1.0
1404,2,LYS28,1.0,0.0,0,1.0
1404,3,ASP23,-1.0,0.0,0,-1.0
1404,4,ASP207,-1.0,0.0,0,-1.0
1404,5,ASP81,-1.0,0.0,0,-1.0
1404,6,GLU443,-1.0,0.0,0,-1.0
1404,7,ASP423,-1.0,0.0,0,-1.0
1404,8,ASP167,-1.0,0.0,0,-1.0
1404,9,GLU142,-1.0,0.0,0,-1.0
1404,10,GLU123,-1.0,0.0,0,-1.0
1405,1,ASP143,-1.0,0.0,0,-1.0
1405,2,TYR370,0.0,-1.0,0,0.0
1405,3,ARG125,1.0,0.0,0,1.0
1405,4,HIS453,1.0,0.0,1,0.0
1405,5,HIS454,0.0,1.0,1,1.0
1405,6,LYS68,1.0,0.0,0,1.0
1405,7,HIS326,0.0,1.0,1,1.0
1405,8,LYS188,1.0,0.0,0,1.0
1405,9,GLU203,-1.0,0.0,0,-1.0
1405,10,GLU291,-1.0,0.0,0,-1.0
1406,1,LYS428,1.0,0.0,0,1.0
1406,2,GLU291,-1.0,0.0,0,-1.0
1406,3,LYS216,1.0,0.0,0,1.0
1406,4,ASP87,-1.0,0.0,0,-1.0
1406,5,ASP1,-1.0,0.0,0,-1.0
1406,6,GLU302,-1.0,0.0,0,-1.0
1406,7,LYS28,1.0,0.0,0,1.0
1406,8,HIS254,1.0,0.0,1,0.0
1406,9,HIS406,1.0,0.0,1,0.0
1406,10,ARG45,1.0,0.0,0,1.0
1407,1,ARG45,1.0,0.0,0,1.0
1407,2,HIS326,1.0,0.0,1,0.0
1407,3,LYS268,1.0,0.0,0,1.0
1407,4,ASP23,-1.0,0.0,0,-1.0
1407,5,ASP303,-1.0,0.0,0,-1.0
1407,6,GLU382,-1.0,0.0,1,0.0
1407,7,HIS93,0.0,1.0,1,1.0
1407,8,ASP127,-1.0,0.0,0,-1.0
1407,9,HIS373,0.0,1.0,0,0.0
1407,10,GLU451,-1.0,0.0,0,-1.0
1408,1,HIS334,1.0,0.0,1,0.0
1408,2,ASP63,-1.0,0.0,0,-1.0
1408,3,HIS446,0.0,1.0,1,1.0
1408,4,ARG365,1.0,0.0,0,1.0
1408,5,TYR170,0.0,-1.0,0,0.0
1408,6,ASP343,-1.0,0.0,0,-1.0
1408,7,ARG125,1.0,0.0,0,1.0
1408,8,GLU43,-1.0,0.0,0,-1.0
1408,9,ASP223,-1.0,0.0,0,-1.0
1408,10,ASP241,-1.0,0.0,0,-1.0
1409,1,LYS228,1.0,0.0,0,1.0
1409,2,ARG365,1.0,0.0,0,1.0
1409,3,ASP383,-1.0,0.0,0,-1.0
1409,4,HIS54,0.0,1.0,1,1.0
1409,5,HIS53,0.0,1.0,1,1.0
1409,6,ARG325,1.0,0.0,0,1.0
1409,7,ASP343,-1.0,0.0,0,-1.0
1409,8,ASP423,-1.0,0.0,0,-1.0
1409,9,TYR170,0.0,-1.0,0,0.0
1409,10,LYS68,1.0,0.0,0,1.0
1410,1,HIS213,0.0,1.0,1,1.0
1410,2,GLU102,-1.0,0.0,0,-1.0
1410,3,ARG205,1.0,0.0,0,1.0
1410,4,GLU342,-1.0,0.0,0,-1.0
1410,5,LYS28,1.0,0.0,0,1.0
1410,6,GLU331,-1.0,0.0,0,-1.0
1410,7,ASP303,-1.0,0.0,0,-1.0
1410,8,HIS453,0.0,1.0,0,0.0
1410,9,ASP303,-1.0,0.0,0,-1.0
1410,10,TYR210,0.0,-1.0,0,0.0
1411,1,GLU371,-1.0,0.0,0,-1.0
1411,2,GLU251,-1.0,0.0,0,-1.0
1411,3,ASP183,-1.0,0.0,0,-1.0
1411,4,ASP463,-1.0,0.0,0,-1.0
1411,5,LYS376,1.0,0.0,0,1.0
1411,6,GLU222,-1.0,0.0,0,-1.0
1411,7,HIS54,1.0,0.0,1,0.0
1411,8,HIS454,1.0,0.0,1,0.0
1411,9,GLU171,-1.0,0.0,0,-1.0
1411,10,GLU462,-1.0,0.0,0,-1.0
1412,1,GLU51,-1.0,0.0,0,-1.0
1412,2,GLU203,-1.0,0.0,0,-1.0
1412,3,ASP47,-1.0,0.0,0,-1.0
1412,4,HIS46,0.0,1.0,0,0.0
1412,5,GLU11,-1.0,0.0,0,-1.0
1412,6,HIS246,1.0,0.0,1,0.0
1412,7,TYR50,0.0,-1.0,0,0.0
1412,8,GLU342,-1.0,0.0,0,-1.0
1412,9,GLU262,-1.0,0.0,0,-1.0
1412,10,GLU211,-1.0,0.0,0,-1.0
1413,1,ASP281,-1.0,0.0,0,-1.0
1413,2,HIS134,0.0,1.0,1,1.0
1413,3,LYS296,1.0,0.0,0,1.0
1413,4,GLU203,-1.0,0.0,0,-1.0
1413,5,ASP1,-1.0,0.0,0,-1.0
1413,6,LYS176,1.0,0.0,0,1.0
1413,7,GLU3,-1.0,0.0,0,-1.0
1413,8,ASP367,-1.0,0.0,0,-1.0
1413,9,HIS286,1.0,0.0,1,0.0
1413,10,HIS206,1.0,0.0,1,0.0
1414,1,ARG285,1.0,0.0,0,1.0
1414,2,GLU283,-1.0,0.0,0,-1.0
1414,3,HIS446,1.0,0.0,1,0.0
1414,4,LYS176,1.0,0.0,0,1.0
1414,5,HIS453,0.0,1.0,1,1.0
1414,6,GLU422,-1.0,0.0,0,-1.0
1414,7,LYS296,1.0,0.0,0,1.0
1414,8,HIS214,1.0,0.0,1,0.0
1414,9,ARG85,1.0,0.0,0,1.0
1414,10,ASP343,-1.0,0.0,0,-1.0
1415,1,ASP63,-1.0,0.0,0,-1.0
1415,2,GLU291,-1.0,0.0,0,-1.0
1415,3,GLU403,-1.0,0.0,0,-1.0
1415,4,GLU243,-1.0,0.0,0,-1.0
1415,5,HIS86,0.0,1.0,1,1.0
1415,6,TYR10,0.0,-1.0,0,0.0
1415,7,HIS53,1.0,0.0,1,0.0
1415,8,GLU222,-1.0,0.0,0,-1.0
1415,9,ASP327,-1.0,0.0,0,-1.0
1415,10,ASP241,-1.0,0.0,0,-1.0
1416,1,TYR290,0.0,-1.0,0,0.0
1416,2,HIS14,0.0,1.0,1,1.0
1416,3,HIS166,0.0,1.0,1,1.0
1416,4,ASP327,-1.0,0.0,0,-1.0
1416,5,HIS406,0.0,1.0,1,1.0
1416,6,HIS206,0.0,1.0,1,1.0
1416,7,ASP161,-1.0,0.0,0,-1.0
1416,8,HIS13,0.0,1.0,0,0.0
1416,9,LYS468,1.0,0.0,0,1.0
1416,10,ASP407,-1.0,0.0,0,-1.0
1417,1,GLU411,-1.0,0.0,0,-1.0
1417,2,TYR290,0.0,-1.0,0,0.0
1417,3,LYS388,1.0,0.0,0,1.0
1417,4,ASP63,-1.0,0.0,0,-1.0
1417,5,LYS228,1.0,0.0,0,1.0
1417,6,ARG405,1.0,0.0,0,1.0
1417,7,GLU291,-1.0,0.0,0,-1.0
1417,8,ASP143,-1.0,0.0,0,-1.0
1417,9,ARG325,1.0,0.0,0,1.0
1417,10,HIS334,0.0,1.0,1,1.0
1418,1,HIS173,0.0,1.0,1,1.0
1418,2,ASP207,-1.0,0.0,0,-1.0
1418,3,HIS294,0.0,1.0,1,1.0
1418,4,HIS246,0.0,1.0,1,1.0
1418,5,GLU363,-1.0,0.0,0,-1.0
1418,6,LYS176,1.0,0.0,0,1.0
1418,7,LYS216,1.0,0.0,0,1.0
1418,8,HIS374,0.0,1.0,1,1.0
1418,9,ASP281,-1.0,0.0,0,-1.0
1418,10,HIS134,1.0,0.0,1,0.0
1419,1,GLU403,-1.0,0.0,0,-1.0
1419,2,HIS293,0.0,1.0,0,0.0
1419,3,HIS334,1.0,0.0,1,0.0
1419,4,ASP207,-1.0,0.0,0,-1.0
1419,5,GLU262,-1.0,0.0,0,-1.0
1419,6,GLU411,-1.0,0.0,0,-1.0
1419,7,GLU262,-1.0,0.0,0,-1.0
1419,8,ASP7,-1.0,0.0,0,-1.0
1419,9,HIS214,0.0,1.0,1,1.0
1419,10,HIS133,1.0,0.0,1,0.0
1420,1,GLU411,-1.0,0.0,0,-1.0
1420,2,LYS68,1.0,0.0,0,1.0
1420,3,ASP81,-1.0,0.0,0,-1.0
1420,4,ASP183,-1.0,0.0,0,-1.0
1420,5,ASP263,-1.0,0.0,0,-1.0
1420,6,GLU302,-1.0,0.0,0,-1.0
1420,7,HIS206,1.0,0.0,1,0.0
1420,8,LYS56,1.0,0.0,0,1.0
1420,9,GLU331,-1.0,0.0,0,-1.0
1420,10,ASP343,-1.0,0.0,0,-1.0
1421,1,HIS294,1.0,0.0,1,0.0
1421,2,ASP103,-1.0,0.0,0,-1.0
1421,3,ASP343,-1.0,0.0,0,-1.0
1421,4,ASP423,-1.0,0.0,0,-1.0
1421,5,TYR130,0.0,-1.0,0,0.0
1421,6,ARG445,1.0,0.0,0,1.0
1421,7,TYR370,0.0,-1.0,0,0.0
1421,8,LYS456,1.0,0.0,0,1.0
1421,9,ASP63,-1.0,0.0,0,-1.0
1421,10,GLU182,-1.0,0.0,0,-1.0
1422,1,GLU382,0.0,-1.0,1,-1.0
1422,2,LYS16,1.0,0.0,0,1.0
1422,3,GLU371,-1.0,0.0,0,-1.0
1422,4,HIS454,0.0,1.0,0,0.0
1422,5,HIS246,1.0,0.0,1,0.0
1422,6,GLU3,-1.0,0.0,0,-1.0
1422,7,HIS14,1.0,0.0,1,0.0
1422,8,ASP87,-1.0,0.0,0,-1.0
1422,9,ARG45,1.0,0.0,0,1.0
1422,10,HIS166,1.0,0.0,1,0.0
1423,1,HIS454,0.0,1.0,1,1.0
1423,2,HIS173,1.0,0.0,1,0.0
1423,3,GLU11,-1.0,0.0,0,-1.0
1423,4,TYR50,0.0,-1.0,0,0.0
1423,5,LYS468,1.0,0.0,0,1.0
1423,6,TYR90,0.0,-1.0,0,0.0
1423,7,GLU171,-1.0,0.0,0,-1.0
1423,8,HIS133,0.0,1.0,1,1.0
1423,9,ASP281,-1.0,0.0,0,-1.0
1423,10,ASP47,-1.0,0.0,0,-1.0
1424,1,ASP263,-1.0,0.0,0,-1.0
1424,2,ASP1,-1.0,0.0,0,-1.0
1424,3,LYS136,1.0,0.0,0,1.0
1424,4,GLU142,-1.0,0.0,0,-1.0
1424,5,ASP287,-1.0,0.0,0,-1.0
1424,6,LYS348,1.0,0.0,0,1.0
1424,7,HIS126,1.0,0.0,1,0.0
1424,8,TYR330,0.0,-1.0,0,0.0
1424,9,GLU203,-1.0,0.0,0,-1.0
1424,10,GLU251,-1.0,0.0,0,-1.0
1425,1,ARG165,1.0,0.0,0,1.0
1425,2,ARG245,1.0,0.0,0,1.0
1425,3,ASP1,-1.0,0.0,0,-1.0
1425,4,LYS376,1.0,0.0,0,1.0
1425,5,ASP401,-1.0,0.0,0,-1.0
1425,6,GLU331,-1.0,0.0,0,-1.0
1425,7,ARG325,1.0,0.0,0,1.0
1425,8,LYS388,1.0,0.0,0,1.0
1425,9,HIS293,0.0,1.0,0,0.0
1425,10,ASP87,-1.0,0.0,0,-1.0
1426,1,HIS13,0.0,1.0,0,0.0
1426,2,ASP127,-1.0,0.0,0,-1.0
1426,3,ASP63,-1.0,0.0,0,-1.0
1426,4,HIS454,1.0,0.0,1,0.0
1426,5,ARG45,1.0,0.0,0,1.0
1426,6,ASP1,-1.0,0.0,0,-1.0
1426,7,ASP47,-1.0,0.0,0,-1.0
1426,8,GLU451,-1.0,0.0,0,-1.0
1426,9,HIS374,1.0,0.0,1,0.0
1426,10,HIS94,0.0,1.0,0,0.0
1427,1,ARG365,1.0,0.0,0,1.0
1427,2,HIS6,0.0,1.0,0,0.0
1427,3,ASP87,-1.0,0.0,0,-1.0
1427,4,GLU222,-1.0,0.0,0,-1.0
1427,5,ASP87,-1.0,0.0,0,-1.0
1427,6,HIS406,1.0,0.0,1,0.0
1427,7,GLU262,-1.0,0.0,0,-1.0
1427,8,GLU403,-1.0,0.0,0,-1.0
1427,9,GLU163,-1.0,0.0,0,-1.0
1427,10,GLU51,-1.0,0.0,0,-1.0
1428,1,ARG85,1.0,0.0,0,1.0
1428,2,GLU422,-1.0,0.0,0,-1.0
1428,3,ARG85,1.0,0.0,0,1.0
1428,4,ASP41,-1.0,0.0,0,-1.0
1428,5,LYS56,1.0,0.0,0,1.0
1428,6,ASP441,-1.0,0.0,0,-1.0
1428,7,GLU302,-1.0,0.0,0,-1.0
1428,8,HIS46,0.0,1.0,0,0.0
1428,9,LYS428,1.0,0.0,0,1.0
1428,10,ARG285,1.0,0.0,0,1.0
1429,1,LYS336,1.0,0.0,0,1.0
1429,2,HIS173,0.0,1.0,1,1.0
1429,3,GLU131,-1.0,0.0,0,-1.0
1429,4,HIS253,0.0,1.0,0,0.0
1429,5,ASP47,-1.0,0.0,0,-1.0
1429,6,ASP103,-1.0,0.0,0,-1.0
1429,7,TYR170,0.0,-1.0,0,0.0
1429,8,GLU163,-1.0,0.0,0,-1.0
1429,9,HIS326,0.0,1.0,1,1.0
1429,10,ASP247,-1.0,0.0,0,-1.0
1430,1,HIS6,0.0,1.0,0,0.0
1430,2,GLU43,-1.0,0.0,0,-1.0
1430,3,ARG205,1.0,0.0,0,1.0
1430,4,ASP263,-1.0,0.0,0,-1.0
1430,5,ASP47,-1.0,0.0,0,-1.0
1430,6,TYR290,0.0,-1.0,0,0.0
1430,7,ASP321,-1.0,0.0,0,-1.0
1430,8,ASP401,-1.0,0.0,0,-1.0
1430,9,ASP207,-1.0,0.0,0,-1.0
1430,10,GLU11,-1.0,0.0,0,-1.0
1431,1,ASP281,-1.0,0.0,0,-1.0
1431,2,LYS28,1.0,0.0,0,1.0
1431,3,HIS413,0.0,1.0,0,0.0
1431,4,ASP167,-1.0,0.0,0,-1.0
1431,5,GLU462,-1.0,0.0,0,-1.0
1431,6,LYS376,1.0,0.0,0,1.0
1431,7,HIS94,0.0,1.0,0,0.0
1431,8,LYS16,1.0,0.0,0,1.0
1431,9,HIS174,0.0,1.0,0,0.0
1431,10,HIS334,0.0,1.0,1,1.0
1432,1,ARG445,1.0,0.0,0,1.0
1432,2,GLU131,-1.0,0.0,0,-1.0
1432,3,LYS308,1.0,0.0,0,1.0
1432,4,LYS456,1.0,0.0,0,1.0
1432,5,LYS268,1.0,0.0,0,1.0
1432,6,ASP121,-1.0,0.0,0,-1.0
1432,7,GLU422,-1.0,0.0,0,-1.0
1432,8,GLU291,-1.0,0.0,0,-1.0
1432,9,ARG325,1.0,0.0,0,1.0
1432,10,ASP127,-1.0,0.0,0,-1.0
1433,1,ASP81,-1.0,0.0,0,-1.0
1433,2,ASP127,-1.0,0.0,0,-1.0
1433,3,HIS333,0.0,1.0,1,1.0
1433,4,HIS374,0.0,1.0,1,1.0
1433,5,LYS456,1.0,0.0,0,1.0
1433,6,HIS326,1.0,0.0,1,0.0
1433,7,LYS428,1.0,0.0,0,1.0
1433,8,GLU251,-1.0,0.0,0,-1.0
1433,9,ASP383,-1.0,0.0,0,-1.0
1433,10,HIS6,0.0,1.0,1,1.0
1434,1,ARG445,1.0,0.0,0,1.0
1434,2,HIS54,0.0,1.0,1,1.0
1434,3,GLU182,-1.0,0.0,0,-1.0
1434,4,GLU142,-1.0,0.0,0,-1.0
1434,5,ASP401,-1.0,0.0,0,-1.0
1434,6,ASP201,-1.0,0.0,0,-1.0
1434,7,ASP303,-1.0,0.0,0,-1.0
1434,8,GLU291,-1.0,0.0,0,-1.0
1434,9,ASP241,-1.0,0.0,0,-1.0
1434,10,ARG405,1.0,0.0,0,1.0
1435,1,ASP367,-1.0,0.0,0,-1.0
1435,2,HIS173,1.0,0.0,1,0.0
1435,3,ASP143,-1.0,0.0,0,-1.0
1435,4,LYS108,1.0,0.0,0,1.0
1435,5,HIS373,0.0,1.0,0,0.0
1435,6,ASP201,-1.0,0.0,0,-1.0
1435,7,GLU342,-1.0,0.0,0,-1.0
1435,8,ASP201,-1.0,0.0,0,-1.0
1435,9,ASP343,-1.0,0.0,0,-1.0
1435,10,ARG365,1.0,0.0,0,1.0
1436,1,HIS174,0.0,1.0,1,1.0
1436,2,HIS174,1.0,0.0,1,0.0
1436,3,TYR130,0.0,-1.0,0,0.0
1436,4,GLU323,-1.0,0.0,0,-1.0
1436,5,LYS388,1.0,0.0,0,1.0
1436,6,ARG205,1.0,0.0,0,1.0
1436,7,HIS366,1.0,0.0,1,0.0
1436,8,ASP241,-1.0,0.0,0,-1.0
1436,9,ARG45,1.0,0.0,0,1.0
1436,10,GLU462,-1.0,0.0,0,-1.0
1437,1,GLU22,-1.0,0.0,0,-1.0
1437,2,TYR10,0.0,-1.0,0,0.0
1437,3,HIS406,0.0,1.0,1,1.0
1437,4,GLU131,-1.0,0.0,0,-1.0
1437,5,GLU342,-1.0,0.0,0,-1.0
1437,6,HIS93,1.0,0.0,1,0.0
1437,7,ASP321,-1.0,0.0,0,-1.0
1437,8,GLU163,-1.0,0.0,0,-1.0
1437,9,HIS206,0.0,1.0,1,1.0
1437,10,ASP103,-1.0,0.0,0,-1.0
1438,1,LYS268,1.0,0.0,0,1.0
1438,2,GLU363,-1.0,0.0,0,-1.0
1438,3,GLU403,-1.0,0.0,0,-1.0
1438,4,LYS96,1.0,0.0,0,1.0
1438,5,ASP127,-1.0,0.0,0,-1.0
1438,6,GLU342,-1.0,0.0,0,-1.0
1438,7,GLU3,-1.0,0.0,0,-1.0
1438,8,ARG405,1.0,0.0,0,1.0
1438,9,LYS56,1.0,0.0,0,1.0
1438,10,GLU43,-1.0,0.0,0,-1.0
1439,1,TYR450,0.0,-1.0,0,0.0
1439,2,ARG405,1.0,0.0,0,1.0
1439,3,GLU123,-1.0,0.0,0,-1.0
1439,4,HIS413,0.0,1.0,0,0.0
1439,5,LYS176,1.0,0.0,0,1.0
1439,6,ARG285,1.0,0.0,0,1.0
1439,7,ASP223,-1.0,0.0,0,-1.0
1439,8,GLU302,-1.0,0.0,0,-1.0
1439,9,GLU291,-1.0,0.0,0,-1.0
1439,10,HIS133,1.0,0.0,1,0.0
1440,1,GLU222,-1.0,0.0,0,-1.0
1440,2,ASP87,-1.0,0.0,0,-1.0
1440,3,GLU443,-1.0,0.0,0,-1.0
1440,4,HIS373,0.0,1.0,0,0.0
1440,5,ARG245,1.0,0.0,0,1.0
1440,6,GLU91,-1.0,0.0,0,-1.0
1440,7,ASP183,-1.0,0.0,0,-1.0
1440,8,ASP103,-1.0,0.0,0,-1.0
1440,9,TYR50,0.0,-1.0,0,0.0
1440,10,ARG325,1.0,0.0,0,1.0
1441,1,HIS93,0.0,1.0,1,1.0
1441,2,TYR90,0.0,-1.0,0,0.0
1441,3,ARG45,1.0,0.0,0,1.0
1441,4,ASP41,-1.0,0.0,0,-1.0
1441,5,GLU283,-1.0,0.0,0,-1.0
1441,6,ASP447,-1.0,0.0,0,-1.0
1441,7,LYS228,1.0,0.0,0,1.0
1441,8,ASP207,-1.0,0.0,0,-1.0
1441,9,ARG365,1.0,0.0,0,1.0
1441,10,HIS213,1.0,0.0,1,0.0
1442,1,HIS213,0.0,1.0,0,0.0
1442,2,HIS333,1.0,0.0,1,0.0
1442,3,TYR330,0.0,-1.0,0,0.0
1442,4,GLU43,-1.0,0.0,0,-1.0
1442,5,ARG245,1.0,0.0,0,1.0
1442,6,HIS53,0.0,1.0,0,0.0
1442,7,ASP407,-1.0,0.0,0,-1.0
1442,8,GLU123,-1.0,0.0,0,-1.0
1442,9,LYS188,1.0,0.0,0,1.0
1442,10,GLU171,-1.0,0.0,0,-1.0
1443,1,GLU62,-1.0,0.0,0,-1.0
1443,2,HIS126,0.0,1.0,1,1.0
1443,3,TYR10,0.0,-1.0,0,0.0
1443,4,LYS16,1.0,0.0,0,1.0
1443,5,TYR370,0.0,-1.0,0,0.0
1443,6,LYS416,1.0,0.0,0,1.0
1443,7,HIS294,0.0,1.0,1,1.0
1443,8,GLU163,-1.0,0.0,0,-1.0
1443,9,GLU123,-1.0,0.0,0,-1.0
1443,10,HIS286,0.0,1.0,1,1.0
1444,1,HIS253,0.0,1.0,0,0.0
1444,2,HIS414,0.0,1.0,0,0.0
1444,3,TYR370,0.0,-1.0,0,0.0
1444,4,GLU411,-1.0,0.0,0,-1.0
1444,5,GLU243,-1.0,0.0,0,-1.0
1444,6,HIS173,0.0,1.0,1,1.0
1444,7,HIS254,0.0,1.0,0,0.0
1444,8,LYS148,1.0,0.0,0,1.0
1444,9,HIS453,1.0,0.0,1,0.0
1444,10,TYR410,0.0,-1.0,0,0.0
1445,1,ASP103,-1.0,0.0,0,-1.0
1445,2,ARG325,1.0,0.0,0,1.0
1445,3,HIS366,0.0,1.0,1,1.0
1445,4,HIS293,0.0,1.0,1,1.0
1445,5,ASP121,-1.0,0.0,0,-1.0
1445,6,ARG285,1.0,0.0,0,1.0
1445,7,GLU51,-1.0,0.0,0,-1.0
1445,8,GLU131,-1.0,0.0,0,-1.0
1445,9,ASP201,-1.0,0.0,0,-1.0
1445,10,TYR10,0.0,-1.0,0,0.0
1446,1,TYR450,0.0,-1.0,0,0.0
1446,2,LYS108,1.0,0.0,0,1.0
1446,3,HIS133,0.0,1.0,1,1.0
1446,4,HIS14,0.0,1.0,1,1.0
1446,5,LYS268,1.0,0.0,0,1.0
1446,6,HIS414,0.0,1.0,0,0.0
1446,7,GLU83,-1.0,0.0,0,-1.0
1446,8,ASP103,-1.0,0.0,0,-1.0
1446,9,HIS206,1.0,0.0,1,0.0
1446,10,ASP7,-1.0,0.0,0,-1.0
1447,1,ASP383,-1.0,0.0,0,-1.0
1447,2,HIS326,0.0,1.0,0,0.0
1447,3,ASP127,-1.0,0.0,0,-1.0
1447,4,HIS53,0.0,1.0,0,0.0
1447,5,ASP143,-1.0,0.0,0,-1.0
1447,6,GLU342,-1.0,0.0,0,-1.0
1447,7,LYS348,1.0,0.0,0,1.0
1447,8,ASP161,-1.0,0.0,0,-1.0
1447,9,GLU251,-1.0,0.0,0,-1.0
1447,10,TYR90,0.0,-1.0,0,0.0
1448,1,LYS468,1.0,0.0,0,1.0
1448,2,HIS86,1.0,0.0,1,0.0
1448,3,GLU62,-1.0,0.0,0,-1.0
1448,4,ASP383,-1.0,0.0,0,-1.0
1448,5,ARG45,1.0,0.0,0,1.0
1448,6,GLU291,-1.0,0.0,0,-1.0
1448,7,ASP241,-1.0,0.0,0,-1.0
1448,8,LYS108,1.0,0.0,0,1.0
1448,9,TYR210,0.0,-1.0,0,0.0
1448,10,GLU302,-1.0,0.0,0,-1.0
1449,1,GLU371,-1.0,0.0,0,-1.0
1449,2,HIS166,0.0,1.0,1,1.0
1449,3,LYS216,1.0,0.0,0,1.0
1449,4,ASP103,-1.0,0.0,0,-1.0
1449,5,HIS174,0.0,1.0,0,0.0
1449,6,HIS446,0.0,1.0,1,1.0
1449,7,HIS253,0.0,1.0,1,1.0
1449,8,GLU51,-1.0,0.0,0,-1.0
1449,9,GLU3,-1.0,0.0,0,-1.0
1449,10,GLU22,-1.0,0.0,0,-1.0
1450,1,LYS336,1.0,0.0,0,1.0
1450,2,GLU131,-1.0,0.0,0,-1.0
1450,3,ASP87,-1.0,0.0,0,-1.0
1450,4,ASP263,-1.0,0.0,0,-1.0
1450,5,LYS176,1.0,0.0,0,1.0
1450,6,TYR130,0.0,-1.0,0,0.0
1450,7,GLU43,-1.0,0.0,0,-1.0
1450,8,GLU342,-1.0,0.0,0,-1.0
1450,9,HIS366,1.0,0.0,1,0.0
1450,10,LYS176,1.0,0.0,0,1.0
1451,1,LYS96,1.0,0.0,0,1.0
1451,2,ASP247,-1.0,0.0,0,-1.0
1451,3,HIS174,0.0,1.0,0,0.0
1451,4,GLU342,-1.0,0.0,0,-1.0
1451,5,ASP81,-1.0,0.0,0,-1.0
1451,6,LYS268,1.0,0.0,0,1.0
1451,7,HIS293,1.0,0.0,1,0.0
1451,8,GLU451,-1.0,0.0,0,-1.0
1451,9,TYR210,0.0,-1.0,0,0.0
1451,10,ASP401,-1.0,0.0,0,-1.0
1452,1,ASP327,-1.0,0.0,0,-1.0
1452,2,ASP281,-1.0,0.0,0,-1.0
1452,3,ASP161,-1.0,0.0,0,-1.0
1452,4,TYR330,0.0,-1.0,0,0.0
1452,5,GLU411,-1.0,0.0,0,-1.0
1452,6,GLU283,-1.0,0.0,0,-1.0
1452,7,LYS108,1.0,0.0,0,1.0
1452,8,GLU283,-1.0,0.0,0,-1.0
1452,9,HIS173,1.0,0.0,1,0.0
1452,10,ASP401,-1.0,0.0,0,-1.0
1453,1,GLU3,-1.0,0.0,0,-1.0
1453,2,ASP7,-1.0,0.0,0,-1.0
1453,3,ASP303,-1.0,0.0,0,-1.0
1453,4,HIS246,0.0,1.0,0,0.0
1453,5,HIS293,0.0,1.0,0,0.0
1453,6,LYS16,1.0,0.0,0,1.0
1453,7,GLU342,-1.0,0.0,0,-1.0
1453,8,GLU403,-1.0,0.0,0,-1.0
1453,9,HIS6,1.0,0.0,1,0.0
1453,10,GLU91,-1.0,0.0,0,-1.0
1454,1,HIS446,1.0,0.0,1,0.0
1454,2,ASP7,-1.0,0.0,0,-1.0
1454,3,LYS56,1.0,0.0,0,1.0
1454,4,HIS413,0.0,1.0,1,1.0
1454,5,LYS108,1.0,0.0,0,1.0
1454,6,HIS246,0.0,1.0,0,0.0
1454,7,HIS126,1.0,0.0,1,0.0
1454,8,GLU203,-1.0,0.0,0,-1.0
1454,9,ASP201,-1.0,0.0,0,-1.0
1454,10,HIS133,1.0,0.0,1,0.0
1455,1,GLU403,-1.0,0.0,0,-1.0
1455,2,GLU182,-1.0,0.0,0,-1.0
1455,3,LYS268,1.0,0.0,0,1.0
1455,4,HIS326,0.0,1.0,1,1.0
1455,5,HIS406,1.0,0.0,1,0.0
1455,6,GLU451,-1.0,0.0,0,-1.0
1455,7,LYS456,1.0,0.0,0,1.0
1455,8,GLU22,-1.0,0.0,0,-1.0
1455,9,LYS216,1.0,0.0,0,1.0
1455,10,HIS294,1.0,0.0,1,0.0
1456,1,ASP441,-1.0,0.0,0,-1.0
1456,2,HIS246,0.0,1.0,0,0.0
1456,3,ASP167,-1.0,0.0,0,-1.0
1456,4,HIS414,0.0,1.0,1,1.0
1456,5,GLU211,-1.0,0.0,0,-1.0
1456,6,ASP23,-1.0,0.0,0,-1.0
1456,7,HIS334,1.0,0.0,1,0.0
1456,8,HIS446,0.0,1.0,0,0.0
1456,9,HIS133,0.0,1.0,0,0.0
1456,10,ASP281,-1.0,0.0,0,-1.0
1457,1,LYS456,1.0,0.0,0,1.0
1457,2,LYS176,1.0,0.0,0,1.0
1457,3,GLU163,-1.0,0.0,0,-1.0
1457,4,HIS453,0.0,1.0,1,1.0
1457,5,ASP23,-1.0,0.0,0,-1.0
1457,6,ASP247,-1.0,0.0,0,-1.0
1457,7,GLU382,-1.0,0.0,0,-1.0
1457,8,HIS93,1.0,0.0,1,0.0
1457,9,ASP207,-1.0,0.0,0,-1.0
1457,10,TYR250,0.0,-1.0,0,0.0
1458,1,HIS13,0.0,1.0,1,1.0
1458,2,HIS454,0.0,1.0,0,0.0
1458,3,GLU22,-1.0,0.0,0,-1.0
1458,4,TYR250,0.0,-1.0,0,0.0
1458,5,HIS126,0.0,1.0,0,0.0
1458,6,LYS468,1.0,0.0,0,1.0
1458,7,GLU131,-1.0,0.0,0,-1.0
1458,8,ASP287,-1.0,0.0,0,-1.0
1458,9,HIS453,1.0,0.0,1,0.0
1458,10,GLU371,-1.0,0.0,0,-1.0
1459,1,GLU262,-1.0,0.0,0,-1.0
1459,2,LYS148,1.0,0.0,0,1.0
1459,3,GLU203,-1.0,0.0,0,-1.0
1459,4,ASP81,-1.0,0.0,0,-1.0
1459,5,ASP321,-1.0,0.0,0,-1.0
1459,6,ASP183,-1.0,0.0,1,0.0
1459,7,GLU371,-1.0,0.0,0,-1.0
1459,8,GLU331,-1.0,0.0,0,-1.0
1459,9,ASP207,-1.0,0.0,0,-1.0
1459,10,LYS296,1.0,0.0,0,1.0
1460,1,GLU91,-1.0,0.0,0,-1.0
1460,2,LYS148,1.0,0.0,0,1.0
1460,3,GLU251,-1.0,0.0,0,-1.0
1460,4,ARG5,1.0,0.0,0,1.0
1460,5,TYR370,0.0,-1.0,0,0.0
1460,6,GLU102,-1.0,0.0,0,-1.0
1460,7,ASP327,-1.0,0.0,0,-1.0
1460,8,ASP47,-1.0,0.0,0,-1.0
1460,9,ARG405,1.0,0.0,0,1.0
1460,10,HIS14,1.0,0.0,1,0.0
1461,1,HIS53,0.0,1.0,1,1.0
1461,2,ASP287,-1.0,0.0,0,-1.0
1461,3,HIS133,0.0,1.0,1,1.0
1461,4,ASP241,-1.0,0.0,0,-1.0
1461,5,HIS6,0.0,1.0,0,0.0
1461,6,ARG365,1.0,0.0,0,1.0
1461,7,HIS6,0.0,1.0,0,0.0
1461,8,ARG445,1.0,0.0,0,1.0
1461,9,ASP63,-1.0,0.0,0,-1.0
1461,10,HIS246,0.0,1.0,1,1.0
1462,1,TYR450,0.0,-1.0,0,0.0
1462,2,ARG405,1.0,0.0,0,1.0
1462,3,GLU22,-1.0,0.0,0,-1.0
1462,4,LYS428,1.0,0.0,0,1.0
1462,5,GLU43,-1.0,0.0,0,-1.0
1462,6,LYS456,1.0,0.0,0,1.0
1462,7,LYS216,1.0,0.0,0,1.0
1462,8,ASP201,-1.0,0.0,0,-1.0
1462,9,TYR290,0.0,-1.0,0,0.0
1462,10,HIS254,0.0,1.0,0,0.0
1463,1,ASP87,-1.0,0.0,0,-1.0
1463,2,ARG5,1.0,0.0,0,1.0
1463,3,LYS268,1.0,0.0,0,1.0
1463,4,LYS188,1.0,0.0,0,1.0
1463,5,HIS374,1.0,0.0,1,0.0
1463,6,GLU123,-1.0,0.0,0,-1.0
1463,7,TYR410,0.0,-1.0,0,0.0
1463,8,ASP463,-1.0,0.0,0,-1.0
1463,9,ASP423,-1.0,0.0,0,-1.0
1463,10,HIS54,1.0,0.0,1,0.0
1464,1,LYS336,1.0,0.0,0,1.0
1464,2,HIS333,0.0,1.0,1,1.0
1464,3,HIS126,0.0,1.0,1,1.0
1464,4,GLU283,-1.0,0.0,0,-1.0
1464,5,TYR450,0.0,-1.0,0,0.0
1464,6,ARG125,1.0,0.0,0,1.0
1464,7,LYS296,1.0,0.0,0,1.0
1464,8,TYR410,0.0,-1.0,0,0.0
1464,9,TYR10,0.0,-1.0,0,0.0
1464,10,TYR290,0.0,-1.0,0,0.0
1465,1,TYR250,0.0,-1.0,0,0.0
1465,2,GLU171,-1.0,0.0,0,-1.0
1465,3,HIS86,0.0,1.0,1,1.0
1465,4,HIS133,1.0,0.0,1,0.0
1465,5,ASP207,-1.0,0.0,0,-1.0
1465,6,GLU323,-1.0,0.0,0,-1.0
1465,7,HIS173,0.0,1.0,1,1.0
1465,8,ARG5,1.0,0.0,0,1.0
1465,9,TYR330,0.0,-1.0,0,0.0
1465,10,ASP167,-1.0,0.0,0,-1.0
1466,1,LYS296,1.0,0.0,0,1.0
1466,2,LYS348,1.0,0.0,0,1.0
1466,3,ASP401,-1.0,0.0,0,-1.0
1466,4,GLU371,-1.0,0.0,0,-1.0
1466,5,GLU211,-1.0,0.0,0,-1.0
1466,6,GLU291,-1.0,0.0,0,-1.0
1466,7,HIS333,1.0,0.0,1,0.0
1466,8,GLU382,-1.0,0.0,0,-1.0
1466,9,LYS308,1.0,0.0,0,1.0
1466,10,ASP7,-1.0,0.0,0,-1.0
1467,1,ASP87,-1.0,0.0,0,-1.0
1467,2,HIS213,0.0,1.0,0,0.0
1467,3,HIS13,1.0,0.0,1,0.0
1467,4,HIS406,0.0,1.0,1,1.0
1467,5,HIS414,1.0,0.0,1,0.0
1467,6,ARG85,1.0,0.0,0,1.0
1467,7,GLU211,-1.0,0.0,0,-1.0
1467,8,GLU382,-1.0,0.0,0,-1.0
1467,9,HIS453,0.0,1.0,1,1.0
1467,10,HIS366,0.0,1.0,1,1.0
1468,1,GLU83,-1.0,0.0,0,-1.0
1468,2,LYS468,1.0,0.0,0,1.0
1468,3,ASP303,-1.0,0.0,0,-1.0
1468,4,LYS216,1.0,0.0,0,1.0
1468,5,LYS16,1.0,0.0,0,1.0
1468,6,ASP321,-1.0,0.0,0,-1.0
1468,7,ASP367,-1.0,0.0,0,-1.0
1468,8,GLU323,-1.0,0.0,0,-1.0
1468,9,HIS414,0.0,1.0,0,0.0
1468,10,HIS453,1.0,0.0,1,0.0
1469,1,ASP1,-1.0,0.0,0,-1.0
1469,2,ASP263,-1.0,0.0,0,-1.0
1469,3,HIS453,0.0,1.0,0,0.0
1469,4,HIS14,0.0,1.0,0,0.0
1469,5,GLU411,-1.0,0.0,0,-1.0
1469,6,HIS374,0.0,1.0,1,1.0
1469,7,HIS413,1.0,0.0,1,0.0
1469,8,GLU243,-1.0,0.0,0,-1.0
1469,9,LYS108,1.0,0.0,0,1.0
1469,10,GLU51,-1.0,0.0,0,-1.0
1470,1,HIS54,0.0,1.0,0,0.0
1470,2,ASP327,-1.0,0.0,0,-1.0
1470,3,ASP63,-1.0,0.0,0,-1.0
1470,4,LYS148,1.0,0.0,0,1.0
1470,5,LYS108,1.0,0.0,0,1.0
1470,6,ASP223,-1.0,0.0,0,-1.0
1470,7,LYS216,1.0,0.0,0,1.0
1470,8,GLU382,-1.0,0.0,0,-1.0
1470,9,ARG125,1.0,0.0,0,1.0
1470,10,ASP263,-1.0,0.0,0,-1.0
1471,1,GLU83,-1.0,0.0,0,-1.0
1471,2,ARG5,1.0,0.0,0,1.0
1471,3,ASP207,-1.0,0.0,0,-1.0
1471,4,GLU411,-1.0,0.0,0,-1.0
1471,5,LYS336,1.0,0.0,0,1.0
1471,6,ASP223,-1.0,0.0,0,-1.0
1471,7,LYS468,1.0,0.0,0,1.0
1471,8,HIS166,1.0,0.0,1,0.0
1471,9,TYR450,0.0,-1.0,0,0.0
1471,10,HIS294,0.0,1.0,0,0.0
1472,1,HIS206,0.0,1.0,1,1.0
1472,2,HIS446,0.0,1.0,1,1.0
1472,3,ASP263,-1.0,0.0,0,-1.0
1472,4,LYS416,1.0,0.0,0,1.0
1472,5,LYS188,1.0,0.0,0,1.0
1472,6,HIS214,1.0,0.0,1,0.0
1472,7,ASP327,-1.0,0.0,0,-1.0
1472,8,ARG285,1.0,0.0,0,1.0
1472,9,HIS374,1.0,0.0,1,0.0
1472,10,ASP281,-1.0,0.0,0,-1.0
1473,1,ARG125,1.0,0.0,0,1.0
1473,2,ASP407,-1.0,0.0,0,-1.0
1473,3,GLU163,-1.0,0.0,0,-1.0
1473,4,LYS416,1.0,0.0,0,1.0
1473,5,TYR330,0.0,-1.0,0,0.0
1473,6,GLU142,-1.0,0.0,0,-1.0
1473,7,HIS14,0.0,1.0,0,0.0
1473,8,LYS228,1.0,0.0,0,1.0
1473,9,GLU11,-1.0,0.0,0,-1.0
1473,10,TYR330,0.0,-1.0,0,0.0
1474,1,LYS16,1.0,0.0,0,1.0
1474,2,GLU131,-1.0,0.0,0,-1.0
1474,3,HIS253,1.0,0.0,1,0.0
1474,4,ARG245,1.0,0.0,0,1.0
1474,5,LYS268,1.0,0.0,0,1.0
1474,6,GLU102,-1.0,0.0,0,-1.0
1474,7,HIS333,0.0,1.0,1,1.0
1474,8,HIS14,0.0,1.0,1,1.0
1474,9,HIS213,0.0,1.0,0,0.0
1474,10,ASP247,-1.0,0.0,0,-1.0
1475,1,ASP87,-1.0,0.0,0,-1.0
1475,2,HIS86,1.0,0.0,1,0.0
1475,3,GLU62,-1.0,0.0,0,-1.0
1475,4,GLU131,-1.0,0.0,0,-1.0
1475,5,HIS253,0.0,1.0,0,0.0
1475,6,ASP343,-1.0,0.0,0,-1.0
1475,7,LYS456,1.0,0.0,0,1.0
1475,8,GLU323,-1.0,0.0,0,-1.0
1475,9,GLU422,-1.0,0.0,0,-1.0
1475,10,HIS454,0.0,1.0,1,1.0
1476,1,GLU443,-1.0,0.0,0,-1.0
1476,2,GLU123,-1.0,0.0,0,-1.0
1476,3,ASP321,-1.0,0.0,0,-1.0
1476,4,ASP327,-1.0,0.0,0,-1.0
1476,5,GLU451,-1.0,0.0,0,-1.0
1476,6,TYR210,0.0,-1.0,0,0.0
1476,7,LYS228,1.0,0.0,0,1.0
1476,8,HIS174,0.0,1.0,1,1.0
1476,9,LYS428,1.0,0.0,0,1.0
1476,10,GLU22,-1.0,0.0,0,-1.0
1477,1,TYR170,0.0,-1.0,0,0.0
1477,2,GLU83,-1.0,0.0,0,-1.0
1477,3,GLU171,-1.0,0.0,0,-1.0
1477,4,TYR450,0.0,-1.0,0,0.0
1477,5,ASP201,-1.0,0.0,0,-1.0
1477,6,HIS294,0.0,1.0,0,0.0
1477,7,GLU203,-1.0,0.0,0,-1.0
1477,8,HIS126,1.0,0.0,0,1.0
1477,9,GLU222,-1.0,0.0,0,-1.0
1477,10,GLU251,-1.0,0.0,0,-1.0
1478,1,GLU91,-1.0,0.0,0,-1.0
1478,2,LYS188,1.0,0.0,0,1.0
1478,3,ASP7,-1.0,0.0,0,-1.0
1478,4,ASP423,-1.0,0.0,0,-1.0
1478,5,HIS334,0.0,1.0,0,0.0
1478,6,GLU11,-1.0,0.0,0,-1.0
1478,7,GLU22,-1.0,0.0,0,-1.0
1478,8,ASP81,-1.0,0.0,0,-1.0
1478,9,ASP23,-1.0,0.0,0,-1.0
1478,10,ASP361,-1.0,0.0,0,-1.0
1479,1,GLU11,-1.0,0.0,0,-1.0
1479,2,GLU243,-1.0,0.0,0,-1.0
1479,3,TYR450,0.0,-1.0,0,0.0
1479,4,HIS246,1.0,0.0,1,0.0
1479,5,LYS16,1.0,0.0,0,1.0
1479,6,HIS206,1.0,0.0,1,0.0
1479,7,LYS56,1.0,0.0,0,1.0
1479,8,ASP207,-1.0,0.0,0,-1.0
1479,9,ASP167,-1.0,0.0,0,-1.0
1479,10,ASP441,-1.0,0.0,0,-1.0
1480,1,ASP247,-1.0,0.0,0,-1.0
1480,2,GLU382,-1.0,0.0,0,-1.0
1480,3,ASP127,-1.0,0.0,0,-1.0
1480,4,TYR290,0.0,-1.0,0,0.0
1480,5,ASP143,-1.0,0.0,0,-1.0
1480,6,LYS296,1.0,0.0,0,1.0
1480,7,LYS136,1.0,0.0,0,1.0
1480,8,ARG205,1.0,0.0,0,1.0
1480,9,ASP327,-1.0,0.0,0,-1.0
1480,10,ARG85,1.0,0.0,0,1.0
1481,1,TYR50,0.0,-1.0,0,0.0
1481,2,ARG85,1.0,0.0,0,1.0
1481,3,ARG125,1.0,0.0,0,1.0
1481,4,GLU371,-1.0,0.0,0,-1.0
1481,5,HIS173,1.0,0.0,1,0.0
1481,6,LYS268,1.0,0.0,0,1.0
1481,7,ASP81,-1.0,0.0,0,-1.0
1481,8,HIS86,0.0,1.0,1,1.0
1481,9,LYS96,1.0,0.0,0,1.0
1481,10,HIS133,0.0,1.0,1,1.0
1482,1,HIS14,1.0,0.0,1,0.0
1482,2,HIS293,0.0,1.0,0,0.0
1482,3,GLU62,-1.0,0.0,0,-1.0
1482,4,HIS214,0.0,1.0,1,1.0
1482,5,ARG325,1.0,0.0,0,1.0
1482,6,TYR450,0.0,-1.0,0,0.0
1482,7,HIS14,0.0,1.0,1,1.0
1482,8,ASP87,-1.0,0.0,0,-1.0
1482,9,HIS6,0.0,1.0,1,1.0
1482,10,LYS56,1.0,0.0,0,1.0
1483,1,HIS254,0.0,1.0,1,1.0
1483,2,ASP223,-1.0,0.0,0,-1.0
1483,3,ARG45,1.0,0.0,0,1.0
1483,4,LYS416,1.0,0.0,0,1.0
1483,5,HIS254,1.0,0.0,1,0.0
1483,6,ASP343,-1.0,0.0,0,-1.0
1483,7,HIS13,0.0,1.0,1,1.0
1483,8,ASP201,-1.0,0.0,0,-1.0
1483,9,LYS28,1.0,0.0,0,1.0
1483,10,HIS414,0.0,1.0,1,1.0
1484,1,ASP161,-1.0,0.0,0,-1.0
1484,2,LYS28,1.0,0.0,0,1.0
1484,3,HIS93,0.0,1.0,1,1.0
1484,4,HIS13,1.0,0.0,1,0.0
1484,5,HIS133,1.0,0.0,1,0.0
1484,6,LYS228,1.0,0.0,0,1.0
1484,7,HIS173,0.0,1.0,1,1.0
1484,8,ASP281,-1.0,0.0,0,-1.0
1484,9,LYS388,1.0,0.0,0,1.0
1484,10,LYS428,1.0,0.0,0,1.0
1485,1,LYS216,1.0,0.0,0,1.0
1485,2,GLU171,-1.0,0.0,0,-1.0
1485,3,ASP241,-1.0,0.0,0,-1.0
1485,4,HIS253,0.0,1.0,0,0.0
1485,5,ASP87,-1.0,0.0,0,-1.0
1485,6,GLU211,-1.0,0.0,0,-1.0
1485,7,HIS374,0.0,1.0,0,0.0
1485,8,HIS6,1.0,0.0,1,0.0
1485,9,LYS456,1.0,0.0,0,1.0
1485,10,LYS108,1.0,0.0,0,1.0
1486,1,ASP447,-1.0,0.0,0,-1.0
1486,2,ASP201,-1.0,0.0,0,-1.0
1486,3,ARG245,1.0,0.0,0,1.0
1486,4,ASP281,-1.0,0.0,0,-1.0
1486,5,ASP7,-1.0,0.0,0,-1.0
1486,6,LYS376,1.0,0.0,0,1.0
1486,7,LYS416,1.0,0.0,0,1.0
1486,8,GLU211,-1.0,0.0,0,-1.0
1486,9,HIS174,1.0,0.0,1,0.0
1486,10,GLU302,-1.0,0.0,0,-1.0
1487,1,GLU211,-1.0,0.0,0,-1.0
1487,2,HIS126,1.0,0.0,1,0.0
1487,3,HIS366,1.0,0.0,1,0.0
1487,4,HIS174,0.0,1.0,0,0.0
1487,5,GLU243,-1.0,0.0,0,-1.0
1487,6,LYS148,1.0,0.0,0,1.0
1487,7,HIS326,1.0,0.0,1,0.0
1487,8,GLU203,-1.0,0.0,0,-1.0
1487,9,ASP407,-1.0,0.0,0,-1.0
1487,10,ASP263,-1.0,0.0,0,-1.0
1488,1,HIS374,0.0,1.0,1,1.0
1488,2,HIS86,1.0,0.0,1,0.0
1488,3,ASP161,-1.0,0.0,0,-1.0
1488,4,ARG45,1.0,0.0,0,1.0
1488,5,HIS334,0.0,1.0,0,0.0
1488,6,TYR250,0.0,-1.0,0,0.0
1488,7,GLU211,-1.0,0.0,0,-1.0
1488,8,GLU462,-1.0,0.0,1,0.0
1488,9,GLU3,-1.0,0.0,0,-1.0
1488,10,ASP143,-1.0,0.0,0,-1.0
1489,1,LYS388,1.0,0.0,0,1.0
1489,2,LYS256,1.0,0.0,0,1.0
1489,3,GLU403,-1.0,0.0,0,-1.0
1489,4,ASP223,-1.0,0.0,0,-1.0
1489,5,GLU283,-1.0,0.0,0,-1.0
1489,6,HIS446,1.0,0.0,1,0.0
1489,7,LYS16,1.0,0.0,0,1.0
1489,8,GLU131,-1.0,0.0,0,-1.0
1489,9,GLU251,-1.0,0.0,0,-1.0
1489,10,HIS374,1.0,0.0,1,0.0
1490,1,LYS16,1.0,0.0,0,1.0
1490,2,LYS148,1.0,0.0,0,1.0
1490,3,ASP401,-1.0,0.0,0,-1.0
1490,4,ARG325,1.0,0.0,0,1.0
1490,5,TYR250,0.0,-1.0,0,0.0
1490,6,ASP287,-1.0,0.0,0,-1.0
1490,7,TYR410,0.0,-1.0,0,0.0
1490,8,TYR210,0.0,-1.0,0,0.0
1490,9,GLU251,-1.0,0.0,0,-1.0
1490,10,ARG325,1.0,0.0,0,1.0
1491,1,ARG285,1.0,0.0,0,1.0
1491,2,HIS174,0.0,1.0,1,1.0
1491,3,GLU171,-1.0,0.0,0,-1.0
1491,4,HIS14,1.0,0.0,1,0.0
1491,5,ARG365,1.0,0.0,0,1.0
1491,6,ASP447,-1.0,0.0,0,-1.0
1491,7,LYS348,1.0,0.0,0,1.0
1491,8,GLU203,-1.0,0.0,0,-1.0
1491,9,ARG205,1.0,0.0,0,1.0
1491,10,ASP401,-1.0,0.0,0,-1.0
1492,1,ASP41,-1.0,0.0,0,-1.0
1492,2,LYS416,1.0,0.0,0,1.0
1492,3,ASP463,-1.0,0.0,0,-1.0
1492,4,HIS174,1.0,0.0,1,0.0
1492,5,GLU11,-1.0,0.0,0,-1.0
1492,6,HIS93,1.0,0.0,1,0.0
1492,7,LYS136,1.0,0.0,0,1.0
1492,8,LYS176,1.0,0.0,0,1.0
1492,9,ASP263,-1.0,0.0,0,-1.0
1492,10,GLU43,-1.0,0.0,0,-1.0
1493,1,LYS176,1.0,0.0,0,1.0
1493,2,ARG405,1.0,0.0,0,1.0
1493,3,TYR10,0.0,-1.0,0,0.0
1493,4,TYR450,0.0,-1.0,0,0.0
1493,5,HIS453,0.0,1.0,0,0.0
1493,6,ASP87,-1.0,0.0,0,-1.0
1493,7,LYS148,1.0,0.0,0,1.0
1493,8,GLU251,-1.0,0.0,0,-1.0
1493,9,LYS216,1.0,0.0,0,1.0
1493,10,GLU123,-1.0,0.0,0,-1.0
1494,1,HIS454,1.0,0.0,1,0.0
1494,2,HIS454,0.0,1.0,0,0.0
1494,3,TYR10,0.0,-1.0,0,0.0
1494,4,ASP287,-1.0,0.0,0,-1.0
1494,5,GLU251,-1.0,0.0,0,-1.0
1494,6,GLU251,-1.0,0.0,0,-1.0
1494,7,ARG365,1.0,0.0,0,1.0
1494,8,GLU302,-1.0,0.0,0,-1.0
1494,9,LYS176,1.0,0.0,0,1.0
1494,10,ASP441,-1.0,0.0,0,-1.0
1495,1,ASP263,-1.0,0.0,0,-1.0
1495,2,GLU302,-1.0,0.0,0,-1.0
1495,3,HIS406,1.0,0.0,1,0.0
1495,4,HIS206,0.0,1.0,0,0.0
1495,5,ASP327,-1.0,0.0,0,-1.0
1495,6,LYS388,1.0,0.0,0,1.0
1495,7,LYS68,1.0,0.0,0,1.0
1495,8,HIS126,0.0,1.0,1,1.0
1495,9,GLU422,-1.0,0.0,0,-1.0
1495,10,TYR330,0.0,-1.0,0,0.0
1496,1,GLU462,0.0,-1.0,0,0.0
1496,2,LYS336,1.0,0.0,0,1.0
1496,3,ASP343,-1.0,0.0,0,-1.0
1496,4,ASP247,-1.0,0.0,0,-1.0
1496,5,TYR330,0.0,-1.0,0,0.0
1496,6,ASP63,-1.0,0.0,0,-1.0
1496,7,GLU371,-1.0,0.0,0,-1.0
1496,8,GLU451,-1.0,0.0,0,-1.0
1496,9,ARG165,1.0,0.0,0,1.0
1496,10,ASP343,-1.0,0.0,0,-1.0
1497,1,HIS94,0.0,1.0,0,0.0
1497,2,TYR90,0.0,-1.0,0,0.0
1497,3,ASP23,-1.0,0.0,0,-1.0
1497,4,GLU203,-1.0,0.0,0,-1.0
1497,5,LYS308,1.0,0.0,0,1.0
1497,6,ASP41,-1.0,0.0,0,-1.0
1497,7,ASP321,-1.0,0.0,0,-1.0
1497,8,ASP223,-1.0,0.0,0,-1.0
1497,9,LYS28,1.0,0.0,0,1.0
1497,10,LYS188,1.0,0.0,0,1.0
1498,1,TYR50,0.0,-1.0,0,0.0
1498,2,GLU262,-1.0,0.0,0,-1.0
1498,3,LYS428,1.0,0.0,0,1.0
1498,4,ASP423,-1.0,0.0,0,-1.0
1498,5,ARG125,1.0,0.0,0,1.0
1498,6,GLU62,-1.0,0.0,0,-1.0
1498,7,HIS254,0.0,1.0,0,0.0
1498,8,LYS376,1.0,0.0,0,1.0
1498,9,GLU382,-1.0,0.0,0,-1.0
1498,10,ASP281,-1.0,0.0,0,-1.0
1499,1,GLU382,-1.0,0.0,0,-1.0
1499,2,ASP87,-1.0,0.0,0,-1.0
1499,3,GLU91,-1.0,0.0,0,-1.0
1499,4,GLU462,0.0,-1.0,0,0.0
1499,5,LYS308,1.0,0.0,0,1.0
1499,6,GLU131,-1.0,0.0,0,-1.0
1499,7,ASP41,-1.0,0.0,0,-1.0
1499,8,LYS188,1.0,0.0,0,1.0
1499,9,ARG325,1.0,0.0,0,1.0
1499,10,ARG245,1.0,0.0,0,1.0
1500,1,GLU83,-1.0,0.0,0,-1.0
1500,2,GLU11,-1.0,0.0,0,-1.0
1500,3,GLU251,-1.0,0.0,0,-1.0
1500,4,LYS108,1.0,0.0,0,1.0
1500,5,ASP247,-1.0,0.0,0,-1.0
1500,6,HIS373,0.0,1.0,0,0.0
1500,7,ASP447,-1.0,0.0,0,-1.0
1500,8,LYS228,1.0,0.0,0,1.0
1500,9,ASP241,-1.0,0.0,0,-1.0
1500,10,GLU443,-1.0,0.0,0,-1.0
1501,1,ARG245,1.0,0.0,0,1.0
1501,2,GLU51,-1.0,0.0,0,-1.0
1501,3,LYS388,1.0,0.0,0,1.0
1501,4,HIS286,1.0,0.0,1,0.0
1501,5,ASP447,-1.0,0.0,0,-1.0
1501,6,ARG245,1.0,0.0,0,1.0
1501,7,HIS414,1.0,0.0,1,0.0
1501,8,HIS326,0.0,1.0,1,1.0
1501,9,HIS446,0.0,1.0,1,1.0
1501,10,HIS406,0.0,1.0,1,1.0
1502,1,ARG445,1.0,0.0,0,1.0
1502,2,HIS134,0.0,1.0,0,0.0
1502,3,HIS126,1.0,0.0,1,0.0
1502,4,ARG325,1.0,0.0,0,1.0
1502,5,LYS388,1.0,0.0,0,1.0
1502,6,GLU251,-1.0,0.0,0,-1.0
1502,7,HIS86,0.0,1.0,0,0.0
1502,8,GLU43,-1.0,0.0,0,-1.0
1502,9,ARG45,1.0,0.0,0,1.0
1502,10,HIS246,0.0,1.0,1,1.0
1503,1,ARG245,1.0,0.0,0,1.0
1503,2,ASP41,-1.0,0.0,0,-1.0
1503,3,ASP63,-1.0,0.0,0,-1.0
1503,4,GLU342,-1.0,0.0,0,-1.0
1503,5,GLU22,-1.0,0.0,0,-1.0
1503,6,ASP327,-1.0,0.0,0,-1.0
1503,7,ASP281,-1.0,0.0,0,-1.0
1503,8,GLU222,-1.0,0.0,0,-1.0
1503,9,ASP7,-1.0,0.0,0,-1.0
1503,10,HIS414,0.0,1.0,0,0.0
1504,1,ASP47,-1.0,0.0,0,-1.0
1504,2,HIS13,0.0,1.0,1,1.0
1504,3,GLU123,-1.0,0.0,0,-1.0
1504,4,HIS406,1.0,0.0,1,0.0
1504,5,LYS176,1.0,0.0,0,1.0
1504,6,LYS308,1.0,0.0,0,1.0
1504,7,ARG285,1.0,0.0,0,1.0
1504,8,ASP281,-1.0,0.0,0,-1.0
1504,9,ASP127,-1.0,0.0,0,-1.0
1504,10,ASP407,-1.0,0.0,0,-1.0
1505,1,ASP263,-1.0,0.0,0,-1.0
1505,2,HIS326,1.0,0.0,0,1.0
1505,3,GLU243,-1.0,0.0,0,-1.0
1505,4,ASP407,-1.0,0.0,0,-1.0
1505,5,ARG125,1.0,0.0,0,1.0
1505,6,TYR170,0.0,-1.0,0,0.0
1505,7,HIS134,0.0,1.0,1,1.0
1505,8,LYS56,1.0,0.0,0,1.0
1505,9,ASP361,-1.0,0.0,0,-1.0
1505,10,LYS68,1.0,0.0,0,1.0
1506,1,HIS46,0.0,1.0,0,0.0
1506,2,ASP463,-1.0,0.0,0,-1.0
1506,3,HIS246,1.0,0.0,1,0.0
1506,4,ARG125,1.0,0.0,0,1.0
1506,5,ASP281,-1.0,0.0,0,-1.0
1506,6,GLU131,-1.0,0.0,0,-1.0
1506,7,ASP407,-1.0,0.0,0,-1.0
1506,8,TYR370,0.0,-1.0,0,0.0
1506,9,ASP327,-1.0,0.0,0,-1.0
1506,10,ASP143,-1.0,0.0,0,-1.0
1507,1,GLU51,-1.0,0.0,0,-1.0
1507,2,ASP367,-1.0,0.0,0,-1.0
1507,3,ASP241,-1.0,0.0,0,-1.0
1507,4,HIS246,0.0,1.0,1,1.0
1507,5,HIS454,0.0,1.0,1,1.0
1507,6,GLU123,-1.0,0.0,0,-1.0
1507,7,LYS308,1.0,0.0,0,1.0
1507,8,ASP41,-1.0,0.0,0,-1.0
1507,9,HIS53,1.0,0.0,1,0.0
1507,10,ASP121,-1.0,0.0,0,-1.0
1508,1,GLU462,0.0,-1.0,0,0.0
1508,2,GLU422,-1.0,0.0,0,-1.0
1508,3,TYR290,0.0,-1.0,0,0.0
1508,4,HIS13,1.0,0.0,1,0.0
1508,5,GLU142,-1.0,0.0,0,-1.0
1508,6,HIS453,0.0,1.0,1,1.0
1508,7,ASP121,-1.0,0.0,0,-1.0
1508,8,GLU243,-1.0,0.0,0,-1.0
1508,9,ASP167,-1.0,0.0,0,-1.0
1508,10,LYS228,1.0,0.0,0,1.0
1509,1,TYR130,0.0,-1.0,0,0.0
1509,2,ASP1,-1.0,0.0,0,-1.0
1509,3,LYS216,1.0,0.0,0,1.0
1509,4,GLU211,-1.0,0.0,0,-1.0
1509,5,GLU123,-1.0,0.0,0,-1.0
1509,6,TYR130,0.0,-1.0,0,0.0
1509,7,HIS46,0.0,1.0,1,1.0
1509,8,HIS366,0.0,1.0,1,1.0
1509,9,HIS286,0.0,1.0,1,1.0
1509,10,TYR90,0.0,-1.0,0,0.0
1510,1,HIS14,0.0,1.0,1,1.0
1510,2,GLU363,-1.0,0.0,0,-1.0
1510,3,HIS14,1.0,0.0,1,0.0
1510,4,ASP263,-1.0,0.0,0,-1.0
1510,5,ASP407,-1.0,0.0,0,-1.0
1510,6,ASP23,-1.0,0.0,0,-1.0
1510,7,HIS173,1.0,0.0,1,0.0
1510,8,TYR410,0.0,-1.0,0,0.0
1510,9,LYS268,1.0,0.0,0,1.0
1510,10,ASP167,-1.0,0.0,0,-1.0
1511,1,ASP47,-1.0,0.0,0,-1.0
1511,2,LYS416,1.0,0.0,0,1.0
1511,3,LYS376,1.0,0.0,0,1.0
1511,4,HIS206,0.0,1.0,0,0.0
1511,5,HIS206,0.0,1.0,0,0.0
1511,6,HIS206,0.0,1.0,0,0.0
1511,7,GLU83,-1.0,0.0,0,-1.0
1511,8,ARG45,1.0,0.0,0,1.0
1511,9,HIS453,1.0,0.0,1,0.0
1511,10,HIS173,0.0,1.0,1,1.0
1512,1,ASP343,-1.0,0.0,0,-1.0
1512,2,HIS286,1.0,0.0,1,0.0
1512,3,HIS6,0.0,1.0,1,1.0
1512,4,GLU211,-1.0,0.0,0,-1.0
1512,5,ASP103,-1.0,0.0,0,-1.0
1512,6,TYR410,0.0,-1.0,0,0.0
1512,7,ASP207,-1.0,0.0,0,-1.0
1512,8,GLU291,-1.0,0.0,0,-1.0
1512,9,ASP103,-1.0,0.0,0,-1.0
1512,10,ASP1,-1.0,0.0,0,-1.0
1513,1,ASP361,-1.0,0.0,0,-1.0
1513,2,ASP407,-1.0,0.0,0,-1.0
1513,3,TYR450,0.0,-1.0,0,0.0
1513,4,GLU182,-1.0,0.0,0,-1.0
1513,5,HIS373,0.0,1.0,1,1.0
1513,6,GLU403,-1.0,0.0,0,-1.0
1513,7,ASP287,-1.0,0.0,0,-1.0
1513,8,GLU403,-1.0,0.0,0,-1.0
1513,9,HIS373,1.0,0.0,1,0.0
1513,10,ASP223,-1.0,0.0,0,-1.0
1514,1,GLU203,-1.0,0.0,0,-1.0
1514,2,ARG365,1.0,0.0,0,1.0
1514,3,ASP401,-1.0,0.0,0,-1.0
1514,4,ARG365,1.0,0.0,0,1.0
1514,5,HIS214,1.0,0.0,1,0.0
1514,6,ASP161,-1.0,0.0,0,-1.0
1514,7,GLU371,-1.0,0.0,0,-1.0
1514,8,HIS294,0.0,1.0,1,1.0
1514,9,HIS414,0.0,1.0,1,1.0
1514,10,ASP47,-1.0,0.0,0,-1.0
1515,1,GLU371,-1.0,0.0,0,-1.0
1515,2,LYS176,1.0,0.0,0,1.0
1515,3,HIS6,1.0,0.0,1,0.0
1515,4,LYS56,1.0,0.0,0,1.0
1515,5,GLU291,-1.0,0.0,0,-1.0
1515,6,TYR450,0.0,-1.0,0,0.0
1515,7,HIS14,0.0,1.0,1,1.0
1515,8,TYR450,0.0,-1.0,0,0.0
1515,9,ASP121,-1.0,0.0,0,-1.0
1515,10,HIS246,1.0,0.0,0,1.0
1516,1,GLU243,-1.0,0.0,0,-1.0
1516,2,LYS148,1.0,0.0,0,1.0
1516,3,ASP247,-1.0,0.0,0,-1.0
1516,4,ASP143,-1.0,0.0,0,-1.0
1516,5,LYS468,1.0,0.0,0,1.0
1516,6,LYS28,1.0,0.0,0,1.0
1516,7,TYR250,0.0,-1.0,0,0.0
1516,8,GLU11,-1.0,0.0,0,-1.0
1516,9,HIS46,1.0,0.0,1,0.0
1516,10,HIS334,0.0,1.0,1,1.0
1517,1,TYR290,0.0,-1.0,0,0.0
1517,2,HIS454,1.0,0.0,1,0.0
1517,3,GLU451,-1.0,0.0,0,-1.0
1517,4,LYS28,1.0,0.0,0,1.0
1517,5,LYS228,1.0,0.0,0,1.0
1517,6,LYS176,1.0,0.0,0,1.0
1517,7,HIS86,0.0,1.0,1,1.0
1517,8,ASP87,-1.0,0.0,0,-1.0
1517,9,GLU243,-1.0,0.0,0,-1.0
1517,10,GLU131,-1.0,0.0,0,-1.0
1518,1,ARG125,1.0,0.0,0,1.0
1518,2,GLU102,-1.0,0.0,0,-1.0
1518,3,LYS336,1.0,0.0,0,1.0
1518,4,GLU291,-1.0,0.0,0,-1.0
1518,5,GLU142,-1.0,0.0,0,-1.0
1518,6,LYS416,1.0,0.0,0,1.0
1518,7,ARG5,1.0,0.0,0,1.0
1518,8,ARG285,1.0,0.0,0,1.0
1518,9,ARG165,1.0,0.0,0,1.0
1518,10,ASP263,-1.0,0.0,0,-1.0
1519,1,GLU3,-1.0,0.0,0,-1.0
1519,2,ASP87,-1.0,0.0,0,-1.0
1519,3,HIS6,0.0,1.0,1,1.0
1519,4,ASP463,-1.0,0.0,0,-1.0
1519,5,ARG365,1.0,0.0,0,1.0
1519,6,LYS468,1.0,0.0,0,1.0
1519,7,ASP447,-1.0,0.0,0,-1.0
1519,8,ASP447,-1.0,0.0,0,-1.0
1519,9,HIS53,0.0,1.0,0,0.0
1519,10,GLU451,-1.0,0.0,0,-1.0
1520,1,HIS374,0.0,1.0,0,0.0
1520,2,GLU443,-1.0,0.0,0,-1.0
1520,3,GLU83,-1.0,0.0,0,-1.0
1520,4,GLU62,-1.0,0.0,0,-1.0
1520,5,HIS334,1.0,0.0,1,0.0
1520,6,ASP447,-1.0,0.0,0,-1.0
1520,7,ASP63,-1.0,0.0,0,-1.0
1520,8,ARG405,1.0,0.0,0,1.0
1520,9,ASP143,-1.0,0.0,0,-1.0
1520,10,LYS68,1.0,0.0,0,1.0
1521,1,HIS374,0.0,1.0,1,1.0
1521,2,ARG45,1.0,0.0,0,1.0
1521,3,HIS326,1.0,0.0,1,0.0
1521,4,GLU203,-1.0,0.0,0,-1.0
1521,5,GLU83,-1.0,0.0,0,-1.0
1521,6,ASP361,-1.0,0.0,0,-1.0
1521,7,LYS256,1.0,0.0,0,1.0
1521,8,GLU371,-1.0,0.0,0,-1.0
1521,9,HIS213,0.0,1.0,0,0.0
1521,10,HIS286,0.0,1.0,1,1.0
1522,1,HIS334,0.0,1.0,1,1.0
1522,2,LYS388,1.0,0.0,0,1.0
1522,3,TYR290,0.0,-1.0,0,0.0
1522,4,HIS254,0.0,1.0,0,0.0
1522,5,GLU283,-1.0,0.0,0,-1.0
1522,6,TYR250,0.0,-1.0,0,0.0
1522,7,TYR90,0.0,-1.0,0,0.0
1522,8,HIS254,0.0,1.0,1,1.0
1522,9,LYS268,1.0,0.0,0,1.0
1522,10,GLU222,-1.0,0.0,0,-1.0
1523,1,ASP103,-1.0,0.0,0,-1.0
1523,2,LYS136,1.0,0.0,0,1.0
1523,3,ASP223,-1.0,0.0,0,-1.0
1523,4,GLU43,-1.0,0.0,0,-1.0
1523,5,LYS68,1.0,0.0,0,1.0
1523,6,ASP23,-1.0,0.0,0,-1.0
1523,7,ASP287,-1.0,0.0,0,-1.0
1523,8,HIS6,1.0,0.0,1,0.0
1523,9,LYS16,1.0,0.0,0,1.0
1523,10,GLU363,-1.0,0.0,0,-1.0
1524,1,ASP407,-1.0,0.0,0,-1.0
1524,2,HIS326,0.0,1.0,1,1.0
1524,3,ASP1,-1.0,0.0,0,-1.0
1524,4,HIS373,0.0,1.0,1,1.0
1524,5,GLU142,-1.0,0.0,0,-1.0
1524,6,HIS326,1.0,0.0,1,0.0
1524,7,ASP23,-1.0,0.0,0,-1.0
1524,8,GLU251,-1.0,0.0,0,-1.0
1524,9,ASP423,-1.0,0.0,0,-1.0
1524,10,ASP343,-1.0,0.0,0,-1.0
1525,1,GLU142,-1.0,0.0,0,-1.0
1525,2,ASP241,-1.0,0.0,0,-1.0
1525,3,TYR130,0.0,-1.0,0,0.0
1525,4,GLU243,-1.0,0.0,0,-1.0
1525,5,ASP183,0.0,-1.0,1,-1.0
1525,6,HIS126,0.0,1.0,1,1.0
1525,7,GLU182,-1.0,0.0,0,-1.0
1525,8,HIS214,0.0,1.0,0,0.0
1525,9,ARG365,1.0,0.0,0,1.0
1525,10,HIS246,1.0,0.0,1,0.0
1526,1,LYS228,1.0,0.0,0,1.0
1526,2,LYS108,1.0,0.0,0,1.0
1526,3,LYS108,1.0,0.0,0,1.0
1526,4,ASP303,-1.0,0.0,0,-1.0
1526,5,HIS246,0.0,1.0,1,1.0
1526,6,HIS333,1.0,0.0,1,0.0
1526,7,GLU342,-1.0,0.0,0,-1.0
1526,8,HIS254,1.0,0.0,1,0.0
1526,9,GLU203,-1.0,0.0,0,-1.0
1526,10,LYS216,1.0,0.0,0,1.0
1527,1,LYS416,1.0,0.0,0,1.0
1527,2,LYS68,1.0,0.0,0,1.0
1527,3,GLU123,-1.0,0.0,0,-1.0
1527,4,HIS366,1.0,0.0,1,0.0
1527,5,GLU102,-1.0,0.0,0,-1.0
1527,6,LYS68,1.0,0.0,0,1.0
1527,7,GLU51,-1.0,0.0,0,-1.0
1527,8,ASP321,-1.0,0.0,0,-1.0
1527,9,ASP207,-1.0,0.0,0,-1.0
1527,10,ARG165,1.0,0.0,0,1.0
1528,1,GLU211,-1.0,0.0,0,-1.0
1528,2,HIS94,0.0,1.0,1,1.0
1528,3,HIS54,0.0,1.0,0,0.0
1528,4,ASP343,-1.0,0.0,0,-1.0
1528,5,HIS446,1.0,0.0,1,0.0
1528,6,HIS133,0.0,1.0,0,0.0
1528,7,LYS336,1.0,0.0,0,1.0
1528,8,LYS148,1.0,0.0,0,1.0
1528,9,ASP281,-1.0,0.0,0,-1.0
1528,10,GLU203,-1.0,0.0,0,-1.0
1529,1,GLU62,-1.0,0.0,0,-1.0
1529,2,ASP87,-1.0,0.0,0,-1.0
1529,3,GLU211,-1.0,0.0,0,-1.0
1529,4,GLU131,-1.0,0.0,0,-1.0
1529,5,HIS366,0.0,1.0,1,1.0
1529,6,HIS413,0.0,1.0,0,0.0
1529,7,ASP81,-1.0,0.0,0,-1.0
1529,8,LYS108,1.0,0.0,0,1.0
1529,9,ASP367,-1.0,0.0,0,-1.0
1529,10,HIS86,1.0,0.0,1,0.0
1530,1,HIS286,1.0,0.0,1,0.0
1530,2,ARG285,1.0,0.0,0,1.0
1530,3,GLU62,-1.0,0.0,0,-1.0
1530,4,ASP7,-1.0,0.0,0,-1.0
1530,5,ASP63,-1.0,0.0,0,-1.0
1530,6,GLU382,-1.0,0.0,0,-1.0
1530,7,GLU203,-1.0,0.0,0,-1.0
1530,8,TYR410,0.0,-1.0,0,0.0
1530,9,HIS53,0.0,1.0,0,0.0
1530,10,ASP327,-1.0,0.0,0,-1.0
1531,1,ASP121,-1.0,0.0,0,-1.0
1531,2,TYR330,0.0,-1.0,0,0.0
1531,3,ASP23,-1.0,0.0,0,-1.0
1531,4,HIS126,1.0,0.0,1,0.0
1531,5,HIS13,0.0,1.0,0,0.0
1531,6,HIS206,0.0,1.0,1,1.0
1531,7,LYS148,1.0,0.0,0,1.0
1531,8,GLU131,-1.0,0.0,0,-1.0
1531,9,ARG365,1.0,0.0,0,1.0
1531,10,TYR50,0.0,-1.0,0,0.0
1532,1,GLU182,-1.0,0.0,0,-1.0
1532,2,HIS293,0.0,1.0,0,0.0
1532,3,TYR10,0.0,-1.0,0,0.0
1532,4,LYS108,1.0,0.0,0,1.0
1532,5,TYR50,0.0,-1.0,0,0.0
1532,6,LYS348,1.0,0.0,0,1.0
1532,7,ARG125,1.0,0.0,0,1.0
1532,8,ASP407,-1.0,0.0,0,-1.0
1532,9,LYS216,1.0,0.0,0,1.0
1532,10,ASP143,-1.0,0.0,0,-1.0
1533,1,HIS46,0.0,1.0,0,0.0
1533,2,HIS454,0.0,1.0,1,1.0
1533,3,GLU331,-1.0,0.0,0,-1.0
1533,4,HIS133,0.0,1.0,1,1.0
1533,5,ASP321,-1.0,0.0,0,-1.0
1533,6,ASP361,-1.0,0.0,0,-1.0
1533,7,ASP127,-1.0,0.0,0,-1.0
1533,8,TYR370,0.0,-1.0,0,0.0
1533,9,ASP201,-1.0,0.0,0,-1.0
1533,10,TYR90,0.0,-1.0,0,0.0
1534,1,GLU331,-1.0,0.0,0,-1.0
1534,2,GLU3,-1.0,0.0,0,-1.0
1534,3,HIS53,0.0,1.0,0,0.0
1534,4,HIS213,0.0,1.0,0,0.0
1534,5,ASP127,-1.0,0.0,0,-1.0
1534,6,HIS413,0.0,1.0,0,0.0
1534,7,HIS213,0.0,1.0,1,1.0
1534,8,ASP441,-1.0,0.0,0,-1.0
1534,9,ARG5,1.0,0.0,0,1.0
1534,10,LYS268,1.0,0.0,0,1.0
1535,1,GLU251,-1.0,0.0,0,-1.0
1535,2,ARG325,1.0,0.0,0,1.0
1535,3,ASP127,-1.0,0.0,0,-1.0
1535,4,ASP241,-1.0,0.0,0,-1.0
1535,5,ASP401,-1.0,0.0,0,-1.0
1535,6,LYS28,1.0,0.0,0,1.0
1535,7,LYS108,1.0,0.0,0,1.0
1535,8,LYS228,1.0,0.0,0,1.0
1535,9,ASP121,-1.0,0.0,0,-1.0
1535,10,LYS176,1.0,0.0,0,1.0
1536,1,HIS446,0.0,1.0,0,0.0
1536,2,HIS253,0.0,1.0,1,1.0
1536,3,HIS373,1.0,0.0,1,0.0
1536,4,LYS96,1.0,0.0,0,1.0
1536,5,ARG45,1.0,0.0,0,1.0
1536,6,HIS414,1.0,0.0,1,0.0
1536,7,LYS56,1.0,0.0,0,1.0
1536,8,HIS13,0.0,1.0,1,1.0
1536,9,ASP343,-1.0,0.0,0,-1.0
1536,10,ASP7,-1.0,0.0,0,-1.0
1537,1,ARG85,1.0,0.0,0,1.0
1537,2,HIS294,1.0,0.0,1,0.0
1537,3,GLU11,-1.0,0.0,0,-1.0
1537,4,GLU331,-1.0,0.0,0,-1.0
1537,5,HIS406,0.0,1.0,1,1.0
1537,6,ASP327,-1.0,0.0,0,-1.0
1537,7,HIS174,0.0,1.0,0,0.0
1537,8,HIS126,0.0,1.0,1,1.0
1537,9,HIS86,0.0,1.0,1,1.0
1537,10,HIS446,0.0,1.0,0,0.0
1538,1,ASP327,-1.0,0.0,0,-1.0
1538,2,ARG165,1.0,0.0,0,1.0
1538,3,HIS173,1.0,0.0,1,0.0
1538,4,GLU262,-1.0,0.0,0,-1.0
1538,5,HIS54,0.0,1.0,1,1.0
1538,6,GLU171,-1.0,0.0,0,-1.0
1538,7,TYR250,0.0,-1.0,0,0.0
1538,8,HIS254,0.0,1.0,0,0.0
1538,9,LYS56,1.0,0.0,0,1.0
1538,10,ASP287,-1.0,0.0,0,-1.0
1539,1,LYS336,1.0,0.0,0,1.0
1539,2,LYS336,1.0,0.0,0,1.0
1539,3,GLU422,-1.0,0.0,0,-1.0
1539,4,ASP441,-1.0,0.0,0,-1.0
1539,5,HIS13,1.0,0.0,1,0.0
1539,6,GLU451,-1.0,0.0,0,-1.0
1539,7,ARG285,1.0,0.0,0,1.0
1539,8,LYS428,1.0,0.0,0,1.0
1539,9,HIS454,1.0,0.0,1,0.0
1539,10,ARG205,1.0,0.0,0,1.0
1540,1,HIS53,0.0,1.0,0,0.0
1540,2,ASP463,-1.0,0.0,0,-1.0
1540,3,HIS414,0.0,1.0,1,1.0
1540,4,GLU171,-1.0,0.0,0,-1.0
1540,5,HIS294,0.0,1.0,1,1.0
1540,6,LYS176,1.0,0.0,0,1.0
1540,7,GLU51,-1.0,0.0,0,-1.0
1540,8,GLU22,-1.0,0.0,0,-1.0
1540,9,GLU131,-1.0,0.0,0,-1.0
1540,10,TYR210,0.0,-1.0,0,0.0
1541,1,LYS108,1.0,0.0,0,1.0
1541,2,HIS54,1.0,0.0,1,0.0
1541,3,GLU11,-1.0,0.0,0,-1.0
1541,4,ASP361,-1.0,0.0,0,-1.0
1541,5,HIS133,1.0,0.0,1,0.0
1541,6,HIS54,0.0,1.0,0,0.0
1541,7,ARG365,1.0,0.0,0,1.0
1541,8,ASP161,-1.0,0.0,0,-1.0
1541,9,ASP47,-1.0,0.0,0,-1.0
1541,10,HIS174,0.0,1.0,0,0.0
1542,1,LYS28,1.0,0.0,0,1.0
1542,2,GLU11,-1.0,0.0,0,-1.0
1542,3,ASP201,-1.0,0.0,0,-1.0
1542,4,GLU291,-1.0,0.0,0,-1.0
1542,5,LYS16,1.0,0.0,0,1.0
1542,6,HIS294,1.0,0.0,1,0.0
1542,7,GLU403,-1.0,0.0,0,-1.0
1542,8,ARG445,1.0,0.0,0,1.0
1542,9,GLU331,-1.0,0.0,0,-1.0
1542,10,TYR370,0.0,-1.0,0,0.0
1543,1,GLU62,-1.0,0.0,0,-1.0
1543,2,TYR210,0.0,-1.0,0,0.0
1543,3,HIS334,1.0,0.0,1,0.0
1543,4,GLU51,-1.0,0.0,0,-1.0
1543,5,HIS213,1.0,0.0,1,0.0
1543,6,HIS373,0.0,1.0,1,1.0
1543,7,HIS14,1.0,0.0,1,0.0
1543,8,ASP367,-1.0,0.0,0,-1.0
1543,9,HIS294,0.0,1.0,1,1.0
1543,10,TYR170,0.0,-1.0,0,0.0
1544,1,ASP441,-1.0,0.0,0,-1.0
1544,2,HIS53,0.0,1.0,1,1.0
1544,3,HIS374,1.0,0.0,1,0.0
1544,4,HIS166,0.0,1.0,1,1.0
1544,5,ASP167,-1.0,0.0,0,-1.0
1544,6,ASP361,-1.0,0.0,0,-1.0
1544,7,ASP143,-1.0,0.0,0,-1.0
1544,8,HIS14,0.0,1.0,1,1.0
1544,9,HIS286,0.0,1.0,0,0.0
1544,10,LYS228,1.0,0.0,0,1.0
1545,1,TYR450,0.0,-1.0,0,0.0
1545,2,GLU43,-1.0,0.0,0,-1.0
1545,3,ASP23,-1.0,0.0,0,-1.0
1545,4,LYS56,1.0,0.0,0,1.0
1545,5,LYS176,1.0,0.0,0,1.0
1545,6,HIS134,1.0,0.0,1,0.0
1545,7,ASP383,-1.0,0.0,0,-1.0
1545,8,GLU243,-1.0,0.0,0,-1.0
1545,9,LYS388,1.0,0.0,0,1.0
1545,10,ASP361,-1.0,0.0,0,-1.0
1546,1,HIS406,1.0,0.0,1,0.0
1546,2,HIS214,0.0,1.0,1,1.0
1546,3,TYR330,0.0,-1.0,0,0.0
1546,4,ASP87,-1.0,0.0,0,-1.0
1546,5,ASP401,-1.0,0.0,0,-1.0
1546,6,GLU363,-1.0,0.0,0,-1.0
1546,7,HIS333,0.0,1.0,1,1.0
1546,8,LYS216,1.0,0.0,0,1.0
1546,9,ASP263,-1.0,0.0,0,-1.0
1546,10,ASP63,-1.0,0.0,0,-1.0
1547,1,LYS296,1.0,0.0,0,1.0
1547,2,GLU342,-1.0,0.0,0,-1.0
1547,3,LYS376,1.0,0.0,0,1.0
1547,4,LYS176,1.0,0.0,0,1.0
1547,5,ASP207,-1.0,0.0,0,-1.0
1547,6,HIS174,0.0,1.0,0,0.0
1547,7,LYS456,1.0,0.0,0,1.0
1547,8,ASP327,-1.0,0.0,0,-1.0
1547,9,ASP161,-1.0,0.0,0,-1.0
1547,10,HIS246,1.0,0.0,1,0.0
1548,1,GLU262,-1.0,0.0,0,-1.0
1548,2,HIS53,1.0,0.0,1,0.0
1548,3,LYS28,1.0,0.0,0,1.0
1548,4,HIS54,0.0,1.0,1,1.0
1548,5,LYS308,1.0,0.0,0,1.0
1548,6,ARG285,1.0,0.0,0,1.0
1548,7,ASP401,-1.0,0.0,0,-1.0
1548,8,ASP361,-1.0,0.0,0,-1.0
1548,9,GLU43,-1.0,0.0,0,-1.0
1548,10,ASP207,-1.0,0.0,0,-1.0
1549,1,GLU403,-1.0,0.0,0,-1.0
1549,2,ASP303,-1.0,0.0,0,-1.0
1549,3,LYS136,1.0,0.0,0,1.0
1549,4,ASP23,-1.0,0.0,0,-1.0
1549,5,ASP241,-1.0,0.0,0,-1.0
1549,6,ARG325,1.0,0.0,0,1.0
1549,7,HIS253,1.0,0.0,1,0.0
1549,8,ASP343,-1.0,0.0,0,-1.0
1549,9,ASP303,-1.0,0.0,0,-1.0
1549,10,ARG205,1.0,0.0,0,1.0
1550,1,GLU283,-1.0,0.0,0,-1.0
1550,2,ASP121,-1.0,0.0,0,-1.0
1550,3,HIS366,1.0,0.0,1,0.0
1550,4,GLU443,-1.0,0.0,0,-1.0
1550,5,GLU422,-1.0,0.0,0,-1.0
1550,6,HIS133,0.0,1.0,0,0.0
1550,7,ASP201,-1.0,0.0,0,-1.0
1550,8,GLU462,0.0,-1.0,0,0.0
1550,9,GLU411,-1.0,0.0,0,-1.0
1550,10,ASP87,-1.0,0.0,0,-1.0
1551,1,TYR330,0.0,-1.0,0,0.0
1551,2,ASP63,-1.0,0.0,0,-1.0
1551,3,ASP281,-1.0,0.0,0,-1.0
1551,4,ASP247,-1.0,0.0,0,-1.0
1551,5,ASP343,-1.0,0.0,0,-1.0
1551,6,HIS253,0.0,1.0,1,1.0
1551,7,TYR290,0.0,-1.0,0,0.0
1551,8,GLU51,-1.0,0.0,0,-1.0
1551,9,ASP463,-1.0,0.0,0,-1.0
1551,10,HIS94,1.0,0.0,1,0.0
1552,1,ASP343,-1.0,0.0,0,-1.0
1552,2,ASP263,-1.0,0.0,0,-1.0
1552,3,LYS268,1.0,0.0,0,1.0
1552,4,GLU371,-1.0,0.0,0,-1.0
1552,5,LYS388,1.0,0.0,0,1.0
1552,6,ARG245,1.0,0.0,0,1.0
1552,7,GLU443,-1.0,0.0,0,-1.0
1552,8,HIS214,1.0,0.0,1,0.0
1552,9,ASP361,-1.0,0.0,0,-1.0
1552,10,ASP281,-1.0,0.0,0,-1.0
1553,1,LYS148,1.0,0.0,0,1.0
1553,2,TYR10,0.0,-1.0,0,0.0
1553,3,LYS216,1.0,0.0,0,1.0
1553,4,GLU123,-1.0,0.0,0,-1.0
1553,5,ASP103,-1.0,0.0,0,-1.0
1553,6,LYS56,1.0,0.0,0,1.0
1553,7,LYS348,1.0,0.0,0,1.0
1553,8,ASP223,-1.0,0.0,0,-1.0
1553,9,GLU243,-1.0,0.0,0,-1.0
1553,10,GLU251,-1.0,0.0,0,-1.0
1554,1,LYS176,1.0,0.0,0,1.0
1554,2,ASP81,-1.0,0.0,0,-1.0
1554,3,HIS86,1.0,0.0,1,0.0
1554,4,GLU411,-1.0,0.0,0,-1.0
1554,5,LYS96,1.0,0.0,0,1.0
1554,6,ASP383,-1.0,0.0,0,-1.0
1554,7,HIS406,0.0,1.0,1,1.0
1554,8,HIS406,1.0,0.0,1,0.0
1554,9,LYS228,1.0,0.0,0,1.0
1554,10,LYS16,1.0,0.0,0,1.0
1555,1,ARG445,1.0,0.0,0,1.0
1555,2,ASP201,-1.0,0.0,0,-1.0
1555,3,ARG445,1.0,0.0,0,1.0
1555,4,GLU382,-1.0,0.0,0,-1.0
1555,5,LYS416,1.0,0.0,0,1.0
1555,6,TYR130,0.0,-1.0,0,0.0
1555,7,HIS93,0.0,1.0,0,0.0
1555,8,ASP441,-1.0,0.0,0,-1.0
1555,9,TYR10,0.0,-1.0,0,0.0
1555,10,ASP321,-1.0,0.0,0,-1.0
1556,1,GLU211,-1.0,0.0,0,-1.0
1556,2,GLU142,-1.0,0.0,0,-1.0
1556,3,HIS294,1.0,0.0,1,0.0
1556,4,GLU243,-1.0,0.0,0,-1.0
1556,5,LYS148,1.0,0.0,0,1.0
1556,6,LYS216,1.0,0.0,0,1.0
1556,7,HIS54,1.0,0.0,1,0.0
1556,8,TYR50,0.0,-1.0,0,0.0
1556,9,ASP223,-1.0,0.0,0,-1.0
1556,10,TYR210,0.0,-1.0,0,0.0
1557,1,HIS453,0.0,1.0,1,1.0
1557,2,ASP383,-1.0,0.0,0,-1.0
1557,3,LYS468,1.0,0.0,0,1.0
1557,4,ASP201,-1.0,0.0,0,-1.0
1557,5,ARG445,1.0,0.0,0,1.0
1557,6,HIS294,0.0,1.0,0,0.0
1557,7,HIS53,0.0,1.0,1,1.0
1557,8,GLU371,-1.0,0.0,0,-1.0
1557,9,ASP207,-1.0,0.0,0,-1.0
1557,10,HIS373,1.0,0.0,1,0.0
1558,1,ARG445,1.0,0.0,0,1.0
1558,2,GLU251,-1.0,0.0,0,-1.0
1558,3,HIS366,0.0,1.0,1,1.0
1558,4,LYS348,1.0,0.0,0,1.0
1558,5,HIS174,0.0,1.0,0,0.0
1558,6,ASP367,-1.0,0.0,0,-1.0
1558,7,GLU451,-1.0,0.0,0,-1.0
1558,8,ARG325,1.0,0.0,0,1.0
1558,9,LYS456,1.0,0.0,0,1.0
1558,10,GLU91,-1.0,0.0,0,-1.0
1559,1,ASP247,-1.0,0.0,0,-1.0
1559,2,TYR410,0.0,-1.0,0,0.0
1559,3,HIS94,0.0,1.0,1,1.0
1559,4,GLU102,-1.0,0.0,0,-1.0
1559,5,LYS148,1.0,0.0,0,1.0
1559,6,LYS308,1.0,0.0,0,1.0
1559,7,ASP367,-1.0,0.0,0,-1.0
1559,8,LYS228,1.0,0.0,0,1.0
1559,9,HIS174,0.0,1.0,0,0.0
1559,10,LYS176,1.0,0.0,0,1.0
1560,1,ASP121,-1.0,0.0,0,-1.0
1560,2,TYR250,0.0,-1.0,0,0.0
1560,3,LYS108,1.0,0.0,0,1.0
1560,4,HIS53,1.0,0.0,1,0.0
1560,5,HIS173,0.0,1.0,0,0.0
1560,6,HIS54,0.0,1.0,0,0.0
1560,7,GLU382,-1.0,0.0,0,-1.0
1560,8,HIS53,0.0,1.0,1,1.0
1560,9,LYS28,1.0,0.0,0,1.0
1560,10,HIS93,0.0,1.0,1,1.0
1561,1,ASP103,-1.0,0.0,0,-1.0
1561,2,ARG445,1.0,0.0,0,1.0
1561,3,LYS228,1.0,0.0,0,1.0
1561,4,ARG405,1.0,0.0,0,1.0
1561,5,ASP423,-1.0,0.0,0,-1.0
1561,6,ASP7,-1.0,0.0,0,-1.0
1561,7,HIS134,0.0,1.0,0,0.0
1561,8,ASP207,-1.0,0.0,0,-1.0
1561,9,GLU291,-1.0,0.0,0,-1.0
1561,10,HIS374,0.0,1.0,1,1.0
1562,1,ASP223,-1.0,0.0,0,-1.0
1562,2,LYS188,1.0,0.0,0,1.0
1562,3,HIS126,1.0,0.0,1,0.0
1562,4,GLU131,-1.0,0.0,0,-1.0
1562,5,GLU302,-1.0,0.0,0,-1.0
1562,6,ARG365,1.0,0.0,0,1.0
1562,7,GLU91,-1.0,0.0,0,-1.0
1562,8,TYR250,0.0,-1.0,0,0.0
1562,9,GLU211,-1.0,0.0,0,-1.0
1562,10,HIS326,0.0,1.0,0,0.0
1563,1,LYS428,1.0,0.0,0,1.0
1563,2,GLU323,-1.0,0.0,0,-1.0
1563,3,ASP303,-1.0,0.0,0,-1.0
1563,4,ASP321,-1.0,0.0,0,-1.0
1563,5,LYS428,1.0,0.0,0,1.0
1563,6,GLU403,-1.0,0.0,0,-1.0
1563,7,HIS14,1.0,0.0,1,0.0
1563,8,TYR170,0.0,-1.0,0,0.0
1563,9,ASP63,-1.0,0.0,0,-1.0
1563,10,HIS206,1.0,0.0,1,0.0
1564,1,LYS216,1.0,0.0,0,1.0
1564,2,HIS333,1.0,0.0,1,0.0
1564,3,LYS308,1.0,0.0,0,1.0
1564,4,GLU363,-1.0,0.0,0,-1.0
1564,5,LYS16,1.0,0.0,0,1.0
1564,6,GLU342,-1.0,0.0,0,-1.0
1564,7,LYS376,1.0,0.0,0,1.0
1564,8,GLU51,-1.0,0.0,0,-1.0
1564,9,HIS86,0.0,1.0,1,1.0
1564,10,ASP327,-1.0,0.0,0,-1.0
1565,1,GLU291,-1.0,0.0,0,-1.0
1565,2,GLU331,-1.0,0.0,0,-1.0
1565,3,LYS456,1.0,0.0,1,0.0
1565,4,ASP1,-1.0,0.0,0,-1.0
1565,5,ASP321,-1.0,0.0,0,-1.0
1565,6,LYS468,1.0,0.0,0,1.0
1565,7,HIS366,1.0,0.0,1,0.0
1565,8,HIS93,1.0,0.0,1,0.0
1565,9,ARG445,1.0,0.0,0,1.0
1565,10,ASP121,-1.0,0.0,0,-1.0
1566,1,ASP463,-1.0,0.0,0,-1.0
1566,2,ASP303,-1.0,0.0,0,-1.0
1566,3,LYS148,1.0,0.0,0,1.0
1566,4,ARG85,1.0,0.0,0,1.0
1566,5,HIS414,1.0,0.0,1,0.0
1566,6,LYS348,1.0,0.0,0,1.0
1566,7,ASP447,-1.0,0.0,0,-1.0
1566,8,ASP263,-1.0,0.0,0,-1.0
1566,9,HIS86,1.0,0.0,1,0.0
1566,10,HIS333,0.0,1.0,1,1.0
1567,1,GLU62,-1.0,0.0,0,-1.0
1567,2,ASP7,-1.0,0.0,0,-1.0
1567,3,LYS28,1.0,0.0,0,1.0
1567,4,ARG45,1.0,0.0,0,1.0
1567,5,HIS213,0.0,1.0,1,1.0
1567,6,LYS96,1.0,0.0,0,1.0
1567,7,LYS468,1.0,0.0,0,1.0
1567,8,LYS28,1.0,0.0,0,1.0
1567,9,HIS126,0.0,1.0,1,1.0
1567,10,GLU182,-1.0,0.0,0,-1.0
1568,1,GLU123,-1.0,0.0,0,-1.0
1568,2,HIS166,1.0,0.0,1,0.0
1568,3,TYR210,0.0,-1.0,0,0.0
1568,4,LYS456,0.0,1.0,1,1.0
1568,5,LYS376,1.0,0.0,0,1.0
1568,6,LYS416,1.0,0.0,0,1.0
1568,7,GLU131,-1.0,0.0,0,-1.0
1568,8,HIS286,0.0,1.0,1,1.0
1568,9,GLU422,-1.0,0.0,0,-1.0
1568,10,HIS334,0.0,1.0,1,1.0
1569,1,LYS268,1.0,0.0,0,1.0
1569,2,GLU211,-1.0,0.0,0,-1.0
1569,3,HIS334,1.0,0.0,1,0.0
1569,4,ASP463,-1.0,0.0,0,-1.0
1569,5,GLU171,-1.0,0.0,0,-1.0
1569,6,HIS214,0.0,1.0,1,1.0
1569,7,HIS334,0.0,1.0,1,1.0
1569,8,GLU462,0.0,-1.0,0,0.0
1569,9,ASP87,-1.0,0.0,0,-1.0
1569,10,HIS294,0.0,1.0,1,1.0
1570,1,GLU451,-1.0,0.0,0,-1.0
1570,2,LYS108,1.0,0.0,0,1.0
1570,3,ASP407,-1.0,0.0,0,-1.0
1570,4,ASP103,-1.0,0.0,0,-1.0
1570,5,GLU91,-1.0,0.0,0,-1.0
1570,6,GLU243,-1.0,0.0,0,-1.0
1570,7,GLU3,-1.0,0.0,0,-1.0
1570,8,HIS406,0.0,1.0,1,1.0
1570,9,HIS254,0.0,1.0,0,0.0
1570,10,LYS216,1.0,0.0,0,1.0
1571,1,GLU451,-1.0,0.0,0,-1.0
1571,2,ASP423,-1.0,0.0,0,-1.0
1571,3,ASP201,-1.0,0.0,0,-1.0
1571,4,LYS468,1.0,0.0,0,1.0
1571,5,ARG405,1.0,0.0,0,1.0
1571,6,HIS53,1.0,0.0,1,0.0
1571,7,LYS256,1.0,0.0,0,1.0
1571,8,HIS214,1.0,0.0,1,0.0
1571,9,TYR330,0.0,-1.0,0,0.0
1571,10,HIS174,0.0,1.0,0,0.0
1572,1,HIS293,0.0,1.0,0,0.0
1572,2,HIS374,1.0,0.0,1,0.0
1572,3,GLU422,-1.0,0.0,0,-1.0
1572,4,TYR210,0.0,-1.0,0,0.0
1572,5,HIS253,1.0,0.0,1,0.0
1572,6,GLU102,-1.0,0.0,0,-1.0
1572,7,GLU443,-1.0,0.0,0,-1.0
1572,8,HIS334,1.0,0.0,1,0.0
1572,9,ASP207,-1.0,0.0,0,-1.0
1572,10,LYS256,1.0,0.0,0,1.0
1573,1,ARG85,1.0,0.0,0,1.0
1573,2,HIS173,0.0,1.0,1,1.0
1573,3,LYS388,1.0,0.0,0,1.0
1573,4,ASP201,-1.0,0.0,0,-1.0
1573,5,LYS188,1.0,0.0,0,1.0
1573,6,TYR10,0.0,-1.0,0,0.0
1573,7,LYS216,1.0,0.0,0,1.0
1573,8,LYS428,1.0,0.0,0,1.0
1573,9,GLU302,-1.0,0.0,0,-1.0
1573,10,GLU462,0.0,-1.0,0,0.0
1574,1,ARG245,1.0,0.0,0,1.0
1574,2,LYS256,1.0,0.0,0,1.0
1574,3,GLU323,-1.0,0.0,0,-1.0
1574,4,HIS406,1.0,0.0,1,0.0
1574,5,ASP321,-1.0,0.0,0,-1.0
1574,6,HIS173,1.0,0.0,1,0.0
1574,7,ARG45,1.0,0.0,0,1.0
1574,8,ASP87,-1.0,0.0,0,-1.0
1574,9,ASP41,-1.0,0.0,0,-1.0
1574,10,HIS366,0.0,1.0,1,1.0
1575,1,GLU222,-1.0,0.0,0,-1.0
1575,2,ASP423,-1.0,0.0,0,-1.0
1575,3,TYR10,0.0,-1.0,0,0.0
1575,4,HIS374,0.0,1.0,0,0.0
1575,5,HIS334,0.0,1.0,0,0.0
1575,6,HIS166,0.0,1.0,1,1.0
1575,7,GLU211,-1.0,0.0,0,-1.0
1575,8,TYR250,0.0,-1.0,0,0.0
1575,9,TYR130,0.0,-1.0,0,0.0
1575,10,GLU462,0.0,-1.0,0,0.0
1576,1,ASP281,-1.0,0.0,0,-1.0
1576,2,GLU43,-1.0,0.0,0,-1.0
1576,3,GLU363,-1.0,0.0,0,-1.0
1576,4,ASP383,-1.0,0.0,0,-1.0
1576,5,HIS134,0.0,1.0,0,0.0
1576,6,TYR170,0.0,-1.0,0,0.0
1576,7,LYS388,1.0,0.0,0,1.0
1576,8,HIS334,0.0,1.0,1,1.0
1576,9,HIS126,1.0,0.0,1,0.0
1576,10,HIS6,0.0,1.0,1,1.0
1577,1,HIS286,1.0,0.0,1,0.0
1577,2,TYR10,0.0,-1.0,0,0.0
1577,3,LYS108,1.0,0.0,0,1.0
1577,4,ASP143,-1.0,0.0,0,-1.0
1577,5,ASP281,-1.0,0.0,0,-1.0
1577,6,ASP407,-1.0,0.0,0,-1.0
1577,7,GLU91,-1.0,0.0,0,-1.0
1577,8,GLU331,-1.0,0.0,0,-1.0
1577,9,TYR450,0.0,-1.0,0,0.0
1577,10,GLU403,-1.0,0.0,0,-1.0
1578,1,ASP423,-1.0,0.0,0,-1.0
1578,2,GLU331,-1.0,0.0,0,-1.0
1578,3,GLU102,-1.0,0.0,0,-1.0
1578,4,ASP247,-1.0,0.0,0,-1.0
1578,5,LYS388,1.0,0.0,0,1.0
1578,6,ASP121,-1.0,0.0,0,-1.0
1578,7,GLU291,-1.0,0.0,0,-1.0
1578,8,ASP143,-1.0,0.0,0,-1.0
1578,9,HIS414,0.0,1.0,1,1.0
1578,10,ASP127,-1.0,0.0,0,-1.0
1579,1,LYS268,1.0,0.0,0,1.0
1579,2,ASP281,-1.0,0.0,0,-1.0
1579,3,TYR370,0.0,-1.0,0,0.0
1579,4,ASP183,-1.0,0.0,0,-1.0
1579,5,GLU222,-1.0,0.0,0,-1.0
1579,6,GLU403,-1.0,0.0,0,-1.0
1579,7,GLU331,-1.0,0.0,0,-1.0
1579,8,ASP7,-1.0,0.0,0,-1.0
1579,9,HIS454,0.0,1.0,1,1.0
1579,10,GLU342,-1.0,0.0,0,-1.0
1580,1,ARG285,1.0,0.0,0,1.0
1580,2,TYR130,0.0,-1.0,0,0.0
1580,3,HIS13,0.0,1.0,1,1.0
1580,4,TYR290,0.0,-1.0,0,0.0
1580,5,ASP41,-1.0,0.0,0,-1.0
1580,6,ASP81,-1.0,0.0,0,-1.0
1580,7,ASP1,-1.0,0.0,0,-1.0
1580,8,GLU51,-1.0,0.0,0,-1.0
1580,9,TYR250,0.0,-1.0,0,0.0
1580,10,LYS388,1.0,0.0,0,1.0
1581,1,GLU91,-1.0,0.0,0,-1.0
1581,2,ASP183,-1.0,0.0,0,-1.0
1581,3,GLU211,-1.0,0.0,0,-1.0
1581,4,ARG165,1.0,0.0,0,1.0
1581,5,ARG125,1.0,0.0,0,1.0
1581,6,HIS133,0.0,1.0,0,0.0
1581,7,HIS166,1.0,0.0,1,0.0
1581,8,GLU342,-1.0,0.0,0,-1.0
1581,9,ARG405,1.0,0.0,0,1.0
1581,10,LYS376,1.0,0.0,0,1.0
1582,1,GLU83,-1.0,0.0,0,-1.0
1582,2,GLU283,-1.0,0.0,0,-1.0
1582,3,TYR370,0.0,-1.0,0,0.0
1582,4,GLU163,-1.0,0.0,0,-1.0
1582,5,HIS14,0.0,1.0,0,0.0
1582,6,LYS28,1.0,0.0,0,1.0
1582,7,GLU182,-1.0,0.0,0,-1.0
1582,8,ASP281,-1.0,0.0,0,-1.0
1582,9,GLU91,-1.0,0.0,0,-1.0
1582,10,TYR450,0.0,-1.0,0,0.0
1583,1,GLU43,-1.0,0.0,0,-1.0
1583,2,TYR10,0.0,-1.0,0,0.0
1583,3,HIS454,1.0,0.0,1,0.0
1583,4,LYS96,1.0,0.0,0,1.0
1583,5,ASP441,-1.0,0.0,0,-1.0
1583,6,GLU203,-1.0,0.0,0,-1.0
1583,7,HIS213,1.0,0.0,1,0.0
1583,8,GLU411,-1.0,0.0,0,-1.0
1583,9,TYR370,0.0,-1.0,0,0.0
1583,10,GLU251,-1.0,0.0,0,-1.0
1584,1,GLU142,-1.0,0.0,0,-1.0
1584,2,ARG85,1.0,0.0,0,1.0
1584,3,ARG325,1.0,0.0,0,1.0
1584,4,LYS176,1.0,0.0,0,1.0
1584,5,HIS446,0.0,1.0,1,1.0
1584,6,TYR290,0.0,-1.0,0,0.0
1584,7,GLU222,-1.0,0.0,0,-1.0
1584,8,GLU182,-1.0,0.0,0,-1.0
1584,9,ASP81,-1.0,0.0,0,-1.0
1584,10,GLU331,-1.0,0.0,0,-1.0
1585,1,ASP167,-1.0,0.0,0,-1.0
1585,2,ARG365,1.0,0.0,0,1.0
1585,3,LYS28,1.0,0.0,0,1.0
1585,4,HIS294,1.0,0.0,1,0.0
1585,5,ARG45,1.0,0.0,0,1.0
1585,6,LYS108,1.0,0.0,0,1.0
1585,7,LYS348,1.0,0.0,0,1.0
1585,8,GLU331,-1.0,0.0,0,-1.0
1585,9,ASP241,-1.0,0.0,0,-1.0
1585,10,GLU3,-1.0,0.0,0,-1.0
1586,1,HIS374,0.0,1.0,0,0.0
1586,2,TYR250,0.0,-1.0,0,0.0
1586,3,LYS468,1.0,0.0,0,1.0
1586,4,ASP7,-1.0,0.0,0,-1.0
1586,5,HIS406,0.0,1.0,1,1.0
1586,6,ARG285,1.0,0.0,0,1.0
1586,7,HIS134,0.0,1.0,1,1.0
1586,8,TYR290,0.0,-1.0,0,0.0
1586,9,GLU283,-1.0,0.0,0,-1.0
1586,10,TYR90,0.0,-1.0,0,0.0
1587,1,ASP463,-1.0,0.0,0,-1.0
1587,2,GLU83,-1.0,0.0,0,-1.0
1587,3,HIS373,0.0,1.0,1,1.0
1587,4,LYS256,1.0,0.0,0,1.0
1587,5,LYS256,1.0,0.0,0,1.0
1587,6,HIS93,0.0,1.0,1,1.0
1587,7,ASP183,-1.0,0.0,0,-1.0
1587,8,HIS294,0.0,1.0,0,0.0
1587,9,LYS108,1.0,0.0,0,1.0
1587,10,HIS406,1.0,0.0,1,0.0
1588,1,TYR10,0.0,-1.0,0,0.0
1588,2,HIS206,0.0,1.0,1,1.0
1588,3,LYS228,1.0,0.0,0,1.0
1588,4,GLU163,-1.0,0.0,0,-1.0
1588,5,GLU462,0.0,-1.0,0,0.0
1588,6,LYS68,1.0,0.0,0,1.0
1588,7,HIS93,1.0,0.0,1,0.0
1588,8,HIS254,0.0,1.0,0,0.0
1588,9,HIS326,0.0,1.0,1,1.0
1588,10,GLU163,-1.0,0.0,0,-1.0
1589,1,ARG445,1.0,0.0,0,1.0
1589,2,HIS366,1.0,0.0,1,0.0
1589,3,ASP407,-1.0,0.0,0,-1.0
1589,4,LYS68,1.0,0.0,0,1.0
1589,5,HIS46,0.0,1.0,1,1.0
1589,6,HIS54,0.0,1.0,1,1.0
1589,7,HIS454,0.0,1.0,0,0.0
1589,8,ARG45,1.0,0.0,0,1.0
1589,9,ARG45,1.0,0.0,0,1.0
1589,10,HIS126,0.0,1.0,0,0.0
1590,1,HIS214,0.0,1.0,1,1.0
1590,2,HIS206,1.0,0.0,1,0.0
1590,3,ASP207,-1.0,0.0,0,-1.0
1590,4,TYR330,0.0,-1.0,0,0.0
1590,5,HIS286,0.0,1.0,1,1.0
1590,6,ARG125,1.0,0.0,0,1.0
1590,7,HIS214,1.0,0.0,1,0.0
1590,8,HIS366,0.0,1.0,1,1.0
1590,9,GLU462,0.0,-1.0,1,-1.0
1590,10,GLU262,-1.0,0.0,0,-1.0
1591,1,GLU91,-1.0,0.0,0,-1.0
1591,2,ASP281,-1.0,0.0,0,-1.0
1591,3,GLU142,-1.0,0.0,0,-1.0
1591,4,GLU451,-1.0,0.0,0,-1.0
1591,5,TYR170,0.0,-1.0,0,0.0
1591,6,ASP63,-1.0,0.0,0,-1.0
1591,7,TYR210,0.0,-1.0,0,0.0
1591,8,HIS446,1.0,0.0,1,0.0
1591,9,HIS6,1.0,0.0,1,0.0
1591,10,TYR290,0.0,-1.0,0,0.0
1592,1,GLU302,-1.0,0.0,0,-1.0
1592,2,GLU302,-1.0,0.0,0,-1.0
1592,3,ASP383,-1.0,0.0,0,-1.0
1592,4,ASP1,-1.0,0.0,0,-1.0
1592,5,TYR130,0.0,-1.0,0,0.0
1592,6,GLU211,-1.0,0.0,0,-1.0
1592,7,ASP63,-1.0,0.0,0,-1.0
1592,8,TYR50,0.0,-1.0,0,0.0
1592,9,ASP201,-1.0,0.0,0,-1.0
1592,10,ARG165,1.0,0.0,0,1.0
1593,1,ASP327,-1.0,0.0,0,-1.0
1593,2,ASP441,-1.0,0.0,0,-1.0
1593,3,TYR450,0.0,-1.0,0,0.0
1593,4,HIS413,0.0,1.0,0,0.0
1593,5,LYS256,1.0,0.0,0,1.0
1593,6,ASP287,-1.0,0.0,0,-1.0
1593,7,HIS213,0.0,1.0,1,1.0
1593,8,HIS366,1.0,0.0,1,0.0
1593,9,LYS336,1.0,0.0,0,1.0
1593,10,HIS214,0.0,1.0,0,0.0
1594,1,ASP183,-1.0,0.0,0,-1.0
1594,2,HIS333,1.0,0.0,1,0.0
1594,3,ASP63,-1.0,0.0,0,-1.0
1594,4,HIS294,0.0,1.0,0,0.0
1594,5,GLU342,-1.0,0.0,0,-1.0
1594,6,GLU211,-1.0,0.0,0,-1.0
1594,7,ASP143,-1.0,0.0,0,-1.0
1594,8,GLU211,-1.0,0.0,0,-1.0
1594,9,LYS216,1.0,0.0,0,1.0
1594,10,ASP167,-1.0,0.0,0,-1.0
1595,1,ASP121,-1.0,0.0,0,-1.0
1595,2,GLU123,-1.0,0.0,0,-1.0
1595,3,LYS56,1.0,0.0,0,1.0
1595,4,LYS16,1.0,0.0,0,1.0
1595,5,LYS336,1.0,0.0,0,1.0
1595,6,HIS173,0.0,1.0,1,1.0
1595,7,GLU251,-1.0,0.0,0,-1.0
1595,8,GLU451,-1.0,0.0,0,-1.0
1595,9,HIS14,0.0,1.0,0,0.0
1595,10,TYR50,0.0,-1.0,0,0.0
1596,1,GLU91,-1.0,0.0,0,-1.0
1596,2,ARG165,1.0,0.0,0,1.0
1596,3,ASP161,-1.0,0.0,0,-1.0
1596,4,GLU182,-1.0,0.0,0,-1.0
1596,5,LYS28,1.0,0.0,0,1.0
1596,6,HIS333,0.0,1.0,0,0.0
1596,7,HIS246,0.0,1.0,0,0.0
1596,8,HIS206,0.0,1.0,1,1.0
1596,9,HIS213,1.0,0.0,1,0.0
1596,10,HIS13,1.0,0.0,1,0.0
1597,1,GLU443,-1.0,0.0,0,-1.0
1597,2,TYR410,0.0,-1.0,0,0.0
1597,3,ASP241,-1.0,0.0,0,-1.0
1597,4,LYS148,1.0,0.0,0,1.0
1597,5,ASP327,-1.0,0.0,0,-1.0
1597,6,LYS56,1.0,0.0,0,1.0
1597,7,HIS166,0.0,1.0,1,1.0
1597,8,LYS456,1.0,0.0,0,1.0
1597,9,ASP401,-1.0,0.0,0,-1.0
1597,10,TYR50,0.0,-1.0,0,0.0
1598,1,ASP287,-1.0,0.0,0,-1.0
1598,2,GLU171,-1.0,0.0,0,-1.0
1598,3,ASP207,-1.0,0.0,0,-1.0
1598,4,HIS446,0.0,1.0,0,0.0
1598,5,LYS28,1.0,0.0,0,1.0
1598,6,GLU451,-1.0,0.0,0,-1.0
1598,7,LYS256,1.0,0.0,0,1.0
1598,8,LYS456,1.0,0.0,0,1.0
1598,9,HIS254,0.0,1.0,0,0.0
1598,10,GLU323,-1.0,0.0,0,-1.0
1599,1,GLU403,-1.0,0.0,0,-1.0
1599,2,LYS268,1.0,0.0,0,1.0
1599,3,GLU371,-1.0,0.0,0,-1.0
1599,4,LYS256,1.0,0.0,0,1.0
1599,5,HIS294,0.0,1.0,1,1.0
1599,6,GLU142,-1.0,0.0,0,-1.0
1599,7,ARG205,1.0,0.0,0,1.0
1599,8,LYS188,1.0,0.0,0,1.0
1599,9,ARG125,1.0,0.0,0,1.0
1599,10,ASP407,-1.0,0.0,0,-1.0
1600,1,TYR210,0.0,-1.0,0,0.0
1600,2,LYS456,1.0,0.0,0,1.0
1600,3,LYS348,1.0,0.0,0,1.0
1600,4,LYS188,1.0,0.0,0,1.0
1600,5,ARG165,1.0,0.0,0,1.0
1600,6,GLU91,-1.0,0.0,0,-1.0
1600,7,ARG205,1.0,0.0,0,1.0
1600,8,HIS166,1.0,0.0,1,0.0
1600,9,ASP81,-1.0,0.0,0,-1.0
1600,10,ASP327,-1.0,0.0,0,-1.0
1601,1,GLU43,-1.0,0.0,0,-1.0
1601,2,LYS136,1.0,0.0,0,1.0
1601,3,LYS336,1.0,0.0,0,1.0
1601,4,HIS294,1.0,0.0,1,0.0
1601,5,GLU22,-1.0,0.0,0,-1.0
1601,6,ASP167,-1.0,0.0,0,-1.0
1601,7,ASP247,-1.0,0.0,0,-1.0
1601,8,GLU62,-1.0,0.0,0,-1.0
1601,9,GLU262,-1.0,0.0,0,-1.0
1601,10,LYS416,1.0,0.0,0,1.0
1602,1,HIS366,0.0,1.0,1,1.0
1602,2,GLU203,-1.0,0.0,0,-1.0
1602,3,GLU211,-1.0,0.0,0,-1.0
1602,4,ARG405,1.0,0.0,0,1.0
1602,5,HIS414,1.0,0.0,1,0.0
1602,6,LYS416,1.0,0.0,0,1.0
1602,7,ARG365,1.0,0.0,0,1.0
1602,8,ARG205,1.0,0.0,0,1.0
1602,9,HIS293,0.0,1.0,1,1.0
1602,10,HIS94,1.0,0.0,1,0.0
1603,1,HIS414,0.0,1.0,1,1.0
1603,2,ASP121,-1.0,0.0,0,-1.0
1603,3,HIS94,0.0,1.0,0,0.0
1603,4,LYS56,1.0,0.0,0,1.0
1603,5,ASP423,-1.0,0.0,0,-1.0
1603,6,GLU302,-1.0,0.0,0,-1.0
1603,7,ASP423,-1.0,0.0,0,-1.0
1603,8,LYS148,1.0,0.0,0,1.0
1603,9,GLU43,-1.0,0.0,0,-1.0
1603,10,HIS173,1.0,0.0,1,0.0
1604,1,HIS413,0.0,1.0,1,1.0
1604,2,HIS246,0.0,1.0,1,1.0
1604,3,HIS334,1.0,0.0,1,0.0
1604,4,HIS46,1.0,0.0,1,0.0
1604,5,ASP41,-1.0,0.0,0,-1.0
1604,6,ASP1,-1.0,0.0,0,-1.0
1604,7,ASP47,-1.0,0.0,0,-1.0
1604,8,HIS246,1.0,0.0,1,0.0
1604,9,ASP241,-1.0,0.0,0,-1.0
1604,10,GLU51,-1.0,0.0,0,-1.0
1605,1,ARG45,1.0,0.0,0,1.0
1605,2,HIS406,0.0,1.0,0,0.0
1605,3,ASP63,-1.0,0.0,0,-1.0
1605,4,GLU203,-1.0,0.0,0,-1.0
1605,5,HIS94,0.0,1.0,0,0.0
1605,6,GLU411,-1.0,0.0,0,-1.0
1605,7,HIS246,0.0,1.0,1,1.0
1605,8,ASP207,-1.0,0.0,0,-1.0
1605,9,ASP447,-1.0,0.0,0,-1.0
1605,10,ASP281,-1.0,0.0,0,-1.0
1606,1,GLU171,-1.0,0.0,0,-1.0
1606,2,GLU91,-1.0,0.0,0,-1.0
1606,3,HIS414,1.0,0.0,1,0.0
1606,4,GLU171,-1.0,0.0,0,-1.0
1606,5,ASP383,-1.0,0.0,0,-1.0
1606,6,ASP143,-1.0,0.0,0,-1.0
1606,7,ASP361,-1.0,0.0,0,-1.0
1606,8,LYS376,1.0,0.0,0,1.0
1606,9,ASP223,-1.0,0.0,0,-1.0
1606,10,LYS148,1.0,0.0,0,1.0
1607,1,GLU331,-1.0,0.0,0,-1.0
1607,2,GLU182,-1.0,0.0,0,-1.0
1607,3,GLU251,-1.0,0.0,0,-1.0
1607,4,TYR90,0.0,-1.0,0,0.0
1607,5,ASP161,-1.0,0.0,0,-1.0
1607,6,HIS414,0.0,1.0,1,1.0
1607,7,LYS388,1.0,0.0,0,1.0
1607,8,GLU371,-1.0,0.0,0,-1.0
1607,9,GLU451,-1.0,0.0,0,-1.0
1607,10,LYS188,1.0,0.0,0,1.0
1608,1,TYR250,0.0,-1.0,0,0.0
1608,2,TYR290,0.0,-1.0,0,0.0
1608,3,HIS213,0.0,1.0,0,0.0
1608,4,LYS136,1.0,0.0,0,1.0
1608,5,ARG325,1.0,0.0,0,1.0
1608,6,GLU243,-1.0,0.0,0,-1.0
1608,7,ASP207,-1.0,0.0,0,-1.0
1608,8,GLU302,-1.0,0.0,0,-1.0
1608,9,HIS294,0.0,1.0,0,0.0
1608,10,ASP367,-1.0,0.0,0,-1.0
1609,1,TYR130,0.0,-1.0,0,0.0
1609,2,ASP281,-1.0,0.0,0,-1.0
1609,3,GLU222,-1.0,0.0,0,-1.0
1609,4,GLU382,-1.0,0.0,0,-1.0
1609,5,GLU363,-1.0,0.0,0,-1.0
1609,6,HIS53,0.0,1.0,1,1.0
1609,7,HIS86,0.0,1.0,1,1.0
1609,8,HIS173,0.0,1.0,1,1.0
1609,9,ASP121,-1.0,0.0,0,-1.0
1609,10,ASP463,-1.0,0.0,0,-1.0
1610,1,ASP143,-1.0,0.0,0,-1.0
1610,2,ASP207,-1.0,0.0,0,-1.0
1610,3,ASP361,-1.0,0.0,0,-1.0
1610,4,GLU451,-1.0,0.0,0,-1.0
1610,5,ASP327,-1.0,0.0,0,-1.0
1610,6,HIS414,1.0,0.0,1,0.0
1610,7,ASP327,-1.0,0.0,0,-1.0
1610,8,ASP183,-1.0,0.0,0,-1.0
1610,9,ASP47,-1.0,0.0,0,-1.0
1610,10,HIS453,1.0,0.0,1,0.0
1611,1,ARG245,1.0,0.0,0,1.0
1611,2,ARG5,1.0,0.0,0,1.0
1611,3,ASP87,-1.0,0.0,0,-1.0
1611,4,ARG405,1.0,0.0,0,1.0
1611,5,GLU331,-1.0,0.0,0,-1.0
1611,6,GLU51,-1.0,0.0,0,-1.0
1611,7,LYS188,1.0,0.0,0,1.0
1611,8,ASP183,-1.0,0.0,0,-1.0
1611,9,HIS54,1.0,0.0,1,0.0
1611,10,HIS334,0.0,1.0,1,1.0
1612,1,LYS136,1.0,0.0,0,1.0
1612,2,TYR90,0.0,-1.0,0,0.0
1612,3,LYS468,1.0,0.0,0,1.0
1612,4,HIS166,0.0,1.0,1,1.0
1612,5,GLU331,-1.0,0.0,0,-1.0
1612,6,HIS414,0.0,1.0,1,1.0
1612,7,ASP223,-1.0,0.0,0,-1.0
1612,8,TYR50,0.0,-1.0,0,0.0
1612,9,ASP23,-1.0,0.0,0,-1.0
1612,10,LYS456,1.0,0.0,0,1.0
1613,1,HIS414,1.0,0.0,1,0.0
1613,2,HIS406,0.0,1.0,0,0.0
1613,3,LYS228,1.0,0.0,0,1.0
1613,4,ARG285,1.0,0.0,0,1.0
1613,5,HIS94,0.0,1.0,0,0.0
1613,6,HIS406,0.0,1.0,1,1.0
1613,7,ASP41,-1.0,0.0,0,-1.0
1613,8,GLU22,-1.0,0.0,0,-1.0
1613,9,HIS206,1.0,0.0,1,0.0
1613,10,HIS333,0.0,1.0,0,0.0
1614,1,TYR90,0.0,-1.0,0,0.0
1614,2,LYS416,1.0,0.0,0,1.0
1614,3,GLU102,-1.0,0.0,0,-1.0
1614,4,LYS416,1.0,0.0,0,1.0
1614,5,HIS453,0.0,1.0,1,1.0
1614,6,ASP63,-1.0,0.0,0,-1.0
1614,7,HIS254,0.0,1.0,1,1.0
1614,8,ASP127,-1.0,0.0,0,-1.0
1614,9,ASP343,-1.0,0.0,0,-1.0
1614,10,ASP441,-1.0,0.0,0,-1.0
1615,1,LYS148,1.0,0.0,0,1.0
1615,2,TYR130,0.0,-1.0,0,0.0
1615,3,HIS294,0.0,1.0,0,0.0
1615,4,HIS333,0.0,1.0,0,0.0
1615,5,GLU243,-1.0,0.0,0,-1.0
1615,6,ASP441,-1.0,0.0,0,-1.0
1615,7,HIS14,0.0,1.0,1,1.0
1615,8,LYS376,1.0,0.0,0,1.0
1615,9,HIS46,0.0,1.0,1,1.0
1615,10,ASP343,-1.0,0.0,0,-1.0
1616,1,ASP407,-1.0,0.0,0,-1.0
1616,2,TYR130,0.0,-1.0,0,0.0
1616,3,HIS326,1.0,0.0,1,0.0
1616,4,LYS28,1.0,0.0,0,1.0
1616,5,GLU403,-1.0,0.0,0,-1.0
1616,6,LYS256,1.0,0.0,0,1.0
1616,7,ASP281,-1.0,0.0,0,-1.0
1616,8,GLU22,-1.0,0.0,0,-1.0
1616,9,LYS336,1.0,0.0,0,1.0
1616,10,HIS93,0.0,1.0,0,0.0
1617,1,LYS336,1.0,0.0,0,1.0
1617,2,ASP361,-1.0,0.0,0,-1.0
1617,3,GLU11,-1.0,0.0,0,-1.0
1617,4,TYR290,0.0,-1.0,0,0.0
1617,5,HIS133,0.0,1.0,0,0.0
1617,6,TYR210,0.0,-1.0,0,0.0
1617,7,ASP321,-1.0,0.0,0,-1.0
1617,8,HIS206,0.0,1.0,0,0.0
1617,9,ASP201,-1.0,0.0,0,-1.0
1617,10,ASP281,-1.0,0.0,0,-1.0
1618,1,GLU123,-1.0,0.0,0,-1.0
1618,2,ASP401,-1.0,0.0,0,-1.0
1618,3,GLU443,-1.0,0.0,0,-1.0
1618,4,LYS228,1.0,0.0,0,1.0
1618,5,HIS54,0.0,1.0,0,0.0
1618,6,TYR90,0.0,-1.0,0,0.0
1618,7,GLU62,-1.0,0.0,0,-1.0
1618,8,ASP303,-1.0,0.0,0,-1.0
1618,9,GLU22,-1.0,0.0,0,-1.0
1618,10,HIS286,1.0,0.0,1,0.0
1619,1,GLU11,-1.0,0.0,0,-1.0
1619,2,ASP161,-1.0,0.0,0,-1.0
1619,3,LYS108,1.0,0.0,0,1.0
1619,4,GLU142,-1.0,0.0,0,-1.0
1619,5,TYR10,0.0,-1.0,0,0.0
1619,6,GLU422,-1.0,0.0,0,-1.0
1619,7,ARG5,1.0,0.0,0,1.0
1619,8,ARG245,1.0,0.0,0,1.0
1619,9,LYS428,1.0,0.0,0,1.0
1619,10,GLU443,-1.0,0.0,0,-1.0
1620,1,LYS428,1.0,0.0,0,1.0
1620,2,TYR170,0.0,-1.0,0,0.0
1620,3,LYS216,1.0,0.0,0,1.0
1620,4,HIS294,0.0,1.0,1,1.0
1620,5,ASP287,-1.0,0.0,0,-1.0
1620,6,TYR250,0.0,-1.0,0,0.0
1620,7,ARG325,1.0,0.0,0,1.0
1620,8,TYR170,0.0,-1.0,0,0.0
1620,9,GLU211,-1.0,0.0,0,-1.0
1620,10,GLU62,-1.0,0.0,0,-1.0
1621,1,TYR130,0.0,-1.0,0,0.0
1621,2,GLU171,-1.0,0.0,0,-1.0
1621,3,GLU131,-1.0,0.0,0,-1.0
1621,4,TYR330,0.0,-1.0,0,0.0
1621,5,ASP207,-1.0,0.0,0,-1.0
1621,6,ASP303,-1.0,0.0,0,-1.0
1621,7,ASP167,-1.0,0.0,0,-1.0
1621,8,ASP241,-1.0,0.0,0,-1.0
1621,9,GLU451,-1.0,0.0,0,-1.0
1621,10,ASP463,-1.0,0.0,0,-1.0
1622,1,ASP401,-1.0,0.0,0,-1.0
1622,2,HIS53,1.0,0.0,1,0.0
1622,3,GLU102,-1.0,0.0,0,-1.0
1622,4,ARG85,1.0,0.0,0,1.0
1622,5,ASP223,-1.0,0.0,0,-1.0
1622,6,HIS173,1.0,0.0,1,0.0
1622,7,LYS256,1.0,0.0,0,1.0
1622,8,GLU331,-1.0,0.0,0,-1.0
1622,9,GLU443,-1.0,0.0,0,-1.0
1622,10,ARG445,1.0,0.0,0,1.0
1623,1,TYR450,0.0,-1.0,0,0.0
1623,2,GLU462,-1.0,0.0,1,0.0
1623,3,LYS148,1.0,0.0,0,1.0
1623,4,GLU451,-1.0,0.0,0,-1.0
1623,5,HIS373,1.0,0.0,1,0.0
1623,6,HIS166,1.0,0.0,1,0.0
1623,7,LYS428,1.0,0.0,0,1.0
1623,8,HIS253,0.0,1.0,0,0.0
1623,9,GLU43,-1.0,0.0,0,-1.0
1623,10,ASP63,-1.0,0.0,0,-1.0
1624,1,HIS173,0.0,1.0,1,1.0
1624,2,LYS256,1.0,0.0,0,1.0
1624,3,GLU382,-1.0,0.0,0,-1.0
1624,4,ASP441,-1.0,0.0,0,-1.0
1624,5,HIS334,1.0,0.0,1,0.0
1624,6,ASP183,-1.0,0.0,0,-1.0
1624,7,ASP361,-1.0,0.0,0,-1.0
1624,8,HIS286,0.0,1.0,0,0.0
1624,9,TYR130,0.0,-1.0,0,0.0
1624,10,GLU131,-1.0,0.0,0,-1.0
1625,1,LYS256,1.0,0.0,0,1.0
1625,2,ASP287,-1.0,0.0,0,-1.0
1625,3,ASP361,-1.0,0.0,0,-1.0
1625,4,TYR170,0.0,-1.0,0,0.0
1625,5,HIS406,1.0,0.0,1,0.0
1625,6,HIS293,1.0,0.0,1,0.0
1625,7,HIS454,0.0,1.0,0,0.0
1625,8,GLU462,0.0,-1.0,0,0.0
1625,9,HIS173,1.0,0.0,1,0.0
1625,10,LYS108,1.0,0.0,0,1.0
1626,1,GLU422,-1.0,0.0,0,-1.0
1626,2,HIS326,0.0,1.0,1,1.0
1626,3,ASP127,-1.0,0.0,0,-1.0
1626,4,HIS446,0.0,1.0,0,0.0
1626,5,HIS6,0.0,1.0,1,1.0
1626,6,HIS53,0.0,1.0,1,1.0
1626,7,TYR450,0.0,-1.0,0,0.0
1626,8,LYS348,1.0,0.0,0,1.0
1626,9,ASP447,-1.0,0.0,0,-1.0
1626,10,ASP7,-1.0,0.0,0,-1.0
1627,1,TYR330,0.0,-1.0,0,0.0
1627,2,HIS414,0.0,1.0,0,0.0
1627,3,LYS296,1.0,0.0,0,1.0
1627,4,HIS173,0.0,1.0,1,1.0
1627,5,TYR170,0.0,-1.0,0,0.0
1627,6,HIS453,1.0,0.0,1,0.0
1627,7,LYS388,1.0,0.0,0,1.0
1627,8,ARG405,1.0,0.0,0,1.0
1627,9,GLU403,-1.0,0.0,0,-1.0
1627,10,LYS28,1.0,0.0,0,1.0
1628,1,ASP241,-1.0,0.0,0,-1.0
1628,2,ASP103,-1.0,0.0,0,-1.0
1628,3,GLU83,-1.0,0.0,0,-1.0
1628,4,GLU62,-1.0,0.0,0,-1.0
1628,5,LYS388,1.0,0.0,0,1.0
1628,6,ARG45,1.0,0.0,0,1.0
1628,7,HIS174,0.0,1.0,0,0.0
1628,8,ASP303,-1.0,0.0,0,-1.0
1628,9,ASP241,-1.0,0.0,0,-1.0
1628,10,GLU142,-1.0,0.0,0,-1.0
1629,1,TYR370,0.0,-1.0,0,0.0
1629,2,ASP167,-1.0,0.0,0,-1.0
1629,3,ASP321,-1.0,0.0,0,-1.0
1629,4,ASP223,-1.0,0.0,0,-1.0
1629,5,TYR90,0.0,-1.0,0,0.0
1629,6,ARG205,1.0,0.0,0,1.0
1629,7,ARG165,1.0,0.0,0,1.0
1629,8,ARG165,1.0,0.0,0,1.0
1629,9,ASP81,-1.0,0.0,0,-1.0
1629,10,LYS176,1.0,0.0,0,1.0
1630,1,HIS134,1.0,0.0,1,0.0
1630,2,GLU342,-1.0,0.0,0,-1.0
1630,3,ASP223,-1.0,0.0,0,-1.0
1630,4,LYS96,1.0,0.0,0,1.0
1630,5,GLU163,-1.0,0.0,0,-1.0
1630,6,HIS246,1.0,0.0,1,0.0
1630,7,TYR10,0.0,-1.0,0,0.0
1630,8,HIS293,0.0,1.0,0,0.0
1630,9,ASP447,-1.0,0.0,0,-1.0
1630,10,ASP441,-1.0,0.0,0,-1.0
1631,1,ASP87,-1.0,0.0,0,-1.0
1631,2,TYR370,0.0,-1.0,0,0.0
1631,3,HIS54,0.0,1.0,0,0.0
1631,4,HIS126,0.0,1.0,1,1.0
1631,5,ASP167,-1.0,0.0,0,-1.0
1631,6,HIS254,1.0,0.0,1,0.0
1631,7,ASP207,-1.0,0.0,0,-1.0
1631,8,LYS108,1.0,0.0,0,1.0
1631,9,HIS373,0.0,1.0,1,1.0
1631,10,ASP287,-1.0,0.0,0,-1.0
1632,1,ASP327,-1.0,0.0,0,-1.0
1632,2,ARG365,1.0,0.0,0,1.0
1632,3,ASP423,-1.0,0.0,0,-1.0
1632,4,ASP241,-1.0,0.0,0,-1.0
1632,5,TYR330,0.0,-1.0,0,0.0
1632,6,GLU342,-1.0,0.0,0,-1.0
1632,7,HIS374,0.0,1.0,0,0.0
1632,8,LYS176,1.0,0.0,0,1.0
1632,9,GLU131,-1.0,0.0,0,-1.0
1632,10,GLU371,-1.0,0.0,0,-1.0
1633,1,TYR130,0.0,-1.0,0,0.0
1633,2,HIS454,0.0,1.0,1,1.0
1633,3,GLU411,-1.0,0.0,0,-1.0
1633,4,GLU443,-1.0,0.0,0,-1.0
1633,5,ASP47,-1.0,0.0,0,-1.0
1633,6,HIS86,1.0,0.0,1,0.0
1633,7,HIS46,1.0,0.0,1,0.0
1633,8,GLU262,-1.0,0.0,0,-1.0
1633,9,GLU451,-1.0,0.0,0,-1.0
1633,10,HIS134,0.0,1.0,0,0.0
1634,1,HIS46,0.0,1.0,0,0.0
1634,2,HIS13,0.0,1.0,1,1.0
1634,3,ASP7,-1.0,0.0,0,-1.0
1634,4,ASP161,-1.0,0.0,0,-1.0
1634,5,HIS454,1.0,0.0,1,0.0
1634,6,ASP281,-1.0,0.0,0,-1.0
1634,7,ASP223,-1.0,0.0,0,-1.0
1634,8,HIS413,1.0,0.0,1,0.0
1634,9,ASP327,-1.0,0.0,0,-1.0
1634,10,ASP343,-1.0,0.0,0,-1.0
1635,1,GLU102,-1.0,0.0,0,-1.0
1635,2,HIS293,0.0,1.0,0,0.0
1635,3,GLU182,-1.0,0.0,0,-1.0
1635,4,GLU222,-1.0,0.0,0,-1.0
1635,5,HIS46,0.0,1.0,1,1.0
1635,6,GLU403,-1.0,0.0,0,-1.0
1635,7,ARG165,1.0,0.0,0,1.0
1635,8,ASP183,-1.0,0.0,0,-1.0
1635,9,GLU443,-1.0,0.0,0,-1.0
1635,10,ASP63,-1.0,0.0,0,-1.0
1636,1,TYR410,0.0,-1.0,0,0.0
1636,2,TYR170,0.0,-1.0,0,0.0
1636,3,ASP321,-1.0,0.0,0,-1.0
1636,4,HIS286,0.0,1.0,1,1.0
1636,5,LYS388,1.0,0.0,0,1.0
1636,6,HIS134,0.0,1.0,1,1.0
1636,7,LYS456,1.0,0.0,0,1.0
1636,8,HIS374,0.0,1.0,0,0.0
1636,9,ASP121,-1.0,0.0,0,-1.0
1636,10,ASP463,-1.0,0.0,0,-1.0
1637,1,LYS296,1.0,0.0,0,1.0
1637,2,TYR330,0.0,-1.0,0,0.0
1637,3,ASP23,-1.0,0.0,0,-1.0
1637,4,HIS293,0.0,1.0,1,1.0
1637,5,ASP423,-1.0,0.0,0,-1.0
1637,6,ASP167,-1.0,0.0,0,-1.0
1637,7,LYS296,1.0,0.0,0,1.0
1637,8,TYR50,0.0,-1.0,0,0.0
1637,9,GLU11,-1.0,0.0,0,-1.0
1637,10,HIS454,0.0,1.0,1,1.0
1638,1,HIS86,0.0,1.0,1,1.0
1638,2,HIS453,0.0,1.0,1,1.0
1638,3,GLU462,0.0,-1.0,0,0.0
1638,4,LYS16,1.0,0.0,0,1.0
1638,5,LYS96,1.0,0.0,0,1.0
1638,6,ASP263,-1.0,0.0,0,-1.0
1638,7,ARG125,1.0,0.0,0,1.0
1638,8,ASP383,-1.0,0.0,0,-1.0
1638,9,ARG125,1.0,0.0,0,1.0
1638,10,HIS53,1.0,0.0,1,0.0
1639,1,GLU422,-1.0,0.0,0,-1.0
1639,2,ARG285,1.0,0.0,0,1.0
1639,3,GLU403,-1.0,0.0,0,-1.0
1639,4,HIS13,1.0,0.0,1,0.0
1639,5,GLU11,-1.0,0.0,0,-1.0
1639,6,TYR10,0.0,-1.0,0,0.0
1639,7,HIS246,0.0,1.0,1,1.0
1639,8,HIS126,1.0,0.0,1,0.0
1639,9,GLU171,-1.0,0.0,0,-1.0
1639,10,ASP361,-1.0,0.0,0,-1.0
1640,1,HIS246,1.0,0.0,0,1.0
1640,2,LYS296,1.0,0.0,0,1.0
1640,3,GLU331,-1.0,0.0,0,-1.0
1640,4,GLU123,-1.0,0.0,0,-1.0
1640,5,ASP287,-1.0,0.0,0,-1.0
1640,6,GLU403,-1.0,0.0,0,-1.0
1640,7,HIS6,1.0,0.0,1,0.0
1640,8,GLU62,-1.0,0.0,0,-1.0
1640,9,GLU363,-1.0,0.0,0,-1.0
1640,10,HIS86,1.0,0.0,1,0.0
1641,1,LYS96,1.0,0.0,0,1.0
1641,2,GLU451,-1.0,0.0,0,-1.0
1641,3,LYS136,1.0,0.0,0,1.0
1641,4,ASP327,-1.0,0.0,0,-1.0
1641,5,LYS268,1.0,0.0,0,1.0
1641,6,HIS413,0.0,1.0,1,1.0
1641,7,LYS216,1.0,0.0,0,1.0
1641,8,ASP303,-1.0,0.0,0,-1.0
1641,9,TYR450,0.0,-1.0,0,0.0
1641,10,GLU382,-1.0,0.0,0,-1.0
1642,1,HIS53,0.0,1.0,0,0.0
1642,2,ASP143,-1.0,0.0,0,-1.0
1642,3,LYS176,1.0,0.0,0,1.0
1642,4,GLU102,-1.0,0.0,0,-1.0
1642,5,HIS46,1.0,0.0,1,0.0
1642,6,HIS206,0.0,1.0,1,1.0
1642,7,LYS108,1.0,0.0,0,1.0
1642,8,TYR50,0.0,-1.0,0,0.0
1642,9,ASP103,-1.0,0.0,0,-1.0
1642,10,LYS428,1.0,0.0,0,1.0
1643,1,GLU371,-1.0,0.0,0,-1.0
1643,2,ASP81,-1.0,0.0,0,-1.0
1643,3,GLU243,-1.0,0.0,0,-1.0
1643,4,LYS176,1.0,0.0,0,1.0
1643,5,ARG445,1.0,0.0,0,1.0
1643,6,LYS56,1.0,0.0,0,1.0
1643,7,GLU3,-1.0,0.0,0,-1.0
1643,8,LYS28,1.0,0.0,0,1.0
1643,9,LYS388,1.0,0.0,0,1.0
1643,10,HIS253,0.0,1.0,1,1.0
1644,1,LYS176,1.0,0.0,0,1.0
1644,2,HIS413,1.0,0.0,1,0.0
1644,3,ARG285,1.0,0.0,0,1.0
1644,4,ASP463,-1.0,0.0,0,-1.0
1644,5,HIS133,0.0,1.0,1,1.0
1644,6,GLU462,0.0,-1.0,1,-1.0
1644,7,HIS326,1.0,0.0,0,1.0
1644,8,GLU43,-1.0,0.0,0,-1.0
1644,9,HIS454,1.0,0.0,1,0.0
1644,10,GLU443,-1.0,0.0,0,-1.0
1645,1,GLU182,-1.0,0.0,0,-1.0
1645,2,GLU102,-1.0,0.0,0,-1.0
1645,3,HIS334,0.0,1.0,1,1.0
1645,4,GLU323,-1.0,0.0,0,-1.0
1645,5,ARG5,1.0,0.0,0,1.0
1645,6,LYS388,1.0,0.0,0,1.0
1645,7,GLU291,-1.0,0.0,0,-1.0
1645,8,GLU171,-1.0,0.0,0,-1.0
1645,9,GLU203,-1.0,0.0,0,-1.0
1645,10,ARG85,1.0,0.0,0,1.0
1646,1,HIS454,0.0,1.0,1,1.0
1646,2,ASP183,-1.0,0.0,0,-1.0
1646,3,ASP7,-1.0,0.0,0,-1.0
1646,4,GLU163,-1.0,0.0,0,-1.0
1646,5,ASP207,-1.0,0.0,0,-1.0
1646,6,ASP361,-1.0,0.0,0,-1.0
1646,7,HIS286,1.0,0.0,1,0.0
1646,8,GLU422,-1.0,0.0,0,-1.0
1646,9,TYR170,0.0,-1.0,0,0.0
1646,10,GLU462,-1.0,0.0,1,0.0
1647,1,ASP343,-1.0,0.0,0,-1.0
1647,2,ARG325,1.0,0.0,0,1.0
1647,3,GLU142,-1.0,0.0,0,-1.0
1647,4,GLU302,-1.0,0.0,0,-1.0
1647,5,HIS326,1.0,0.0,0,1.0
1647,6,LYS176,1.0,0.0,0,1.0
1647,7,ASP401,-1.0,0.0,0,-1.0
1647,8,GLU251,-1.0,0.0,0,-1.0
1647,9,HIS54,0.0,1.0,1,1.0
1647,10,ARG445,1.0,0.0,0,1.0
1648,1,ASP223,-1.0,0.0,0,-1.0
1648,2,ASP401,-1.0,0.0,0,-1.0
1648,3,GLU323,-1.0,0.0,0,-1.0
1648,4,GLU443,-1.0,0.0,0,-1.0
1648,5,GLU211,-1.0,0.0,0,-1.0
1648,6,ASP241,-1.0,0.0,0,-1.0
1648,7,GLU323,-1.0,0.0,0,-1.0
1648,8,GLU342,-1.0,0.0,0,-1.0
1648,9,HIS54,1.0,0.0,1,0.0
1648,10,TYR130,0.0,-1.0,0,0.0
1649,1,ARG285,1.0,0.0,0,1.0
1649,2,GLU131,-1.0,0.0,0,-1.0
1649,3,GLU142,-1.0,0.0,0,-1.0
1649,4,ASP207,-1.0,0.0,0,-1.0
1649,5,TYR330,0.0,-1.0,0,0.0
1649,6,HIS46,0.0,1.0,1,1.0
1649,7,GLU371,-1.0,0.0,0,-1.0
1649,8,HIS453,1.0,0.0,1,0.0
1649,9,ASP127,-1.0,0.0,0,-1.0
1649,10,ASP207,-1.0,0.0,0,-1.0
1650,1,GLU403,-1.0,0.0,0,-1.0
1650,2,ARG205,1.0,0.0,0,1.0
1650,3,LYS216,1.0,0.0,0,1.0
1650,4,HIS454,1.0,0.0,1,0.0
1650,5,ASP121,-1.0,0.0,0,-1.0
1650,6,GLU422,-1.0,0.0,0,-1.0
1650,7,LYS296,1.0,0.0,0,1.0
1650,8,GLU222,-1.0,0.0,0,-1.0
1650,9,ARG365,1.0,0.0,0,1.0
1650,10,ARG205,1.0,0.0,0,1.0
1651,1,HIS293,1.0,0.0,1,0.0
1651,2,ASP201,-1.0,0.0,0,-1.0
1651,3,HIS94,0.0,1.0,0,0.0
1651,4,ASP423,-1.0,0.0,0,-1.0
1651,5,ARG245,1.0,0.0,0,1.0
1651,6,ASP303,-1.0,0.0,0,-1.0
1651,7,GLU323,-1.0,0.0,0,-1.0
1651,8,ASP441,-1.0,0.0,0,-1.0
1651,9,LYS108,1.0,0.0,0,1.0
1651,10,ASP1,-1.0,0.0,0,-1.0
1652,1,ASP367,-1.0,0.0,0,-1.0
1652,2,ASP167,-1.0,0.0,0,-1.0
1652,3,LYS468,1.0,0.0,0,1.0
1652,4,ARG325,1.0,0.0,0,1.0
1652,5,ASP1,-1.0,0.0,0,-1.0
1652,6,ARG205,1.0,0.0,0,1.0
1652,7,TYR450,0.0,-1.0,0,0.0
1652,8,GLU403,-1.0,0.0,0,-1.0
1652,9,HIS173,1.0,0.0,1,0.0
1652,10,ASP247,-1.0,0.0,0,-1.0
1653,1,HIS86,0.0,1.0,1,1.0
1653,2,LYS216,1.0,0.0,0,1.0
1653,3,GLU43,-1.0,0.0,0,-1.0
1653,4,LYS376,1.0,0.0,0,1.0
1653,5,GLU142,-1.0,0.0,0,-1.0
1653,6,LYS108,1.0,0.0,0,1.0
1653,7,HIS174,0.0,1.0,1,1.0
1653,8,ASP63,-1.0,0.0,0,-1.0
1653,9,LYS108,1.0,0.0,0,1.0
1653,10,ASP263,-1.0,0.0,0,-1.0
1654,1,LYS68,1.0,0.0,0,1.0
1654,2,HIS414,0.0,1.0,1,1.0
1654,3,TYR50,0.0,-1.0,0,0.0
1654,4,HIS286,0.0,1.0,1,1.0
1654,5,HIS126,0.0,1.0,0,0.0
1654,6,ARG285,1.0,0.0,0,1.0
1654,7,ASP343,-1.0,0.0,0,-1.0
1654,8,HIS246,1.0,0.0,1,0.0
1654,9,ARG165,1.0,0.0,0,1.0
1654,10,ARG125,1.0,0.0,0,1.0
1655,1,LYS268,1.0,0.0,0,1.0
1655,2,LYS468,1.0,0.0,0,1.0
1655,3,GLU443,-1.0,0.0,0,-1.0
1655,4,GLU411,-1.0,0.0,0,-1.0
1655,5,GLU443,-1.0,0.0,0,-1.0
1655,6,GLU222,-1.0,0.0,0,-1.0
1655,7,HIS6,0.0,1.0,0,0.0
1655,8,LYS136,1.0,0.0,0,1.0
1655,9,TYR410,0.0,-1.0,0,0.0
1655,10,ARG445,1.0,0.0,0,1.0
1656,1,HIS366,1.0,0.0,0,1.0
1656,2,LYS56,1.0,0.0,0,1.0
1656,3,HIS93,0.0,1.0,1,1.0
1656,4,ASP407,-1.0,0.0,0,-1.0
1656,5,ASP63,-1.0,0.0,0,-1.0
1656,6,TYR290,0.0,-1.0,0,0.0
1656,7,GLU142,-1.0,0.0,0,-1.0
1656,8,HIS54,0.0,1.0,1,1.0
1656,9,GLU123,-1.0,0.0,0,-1.0
1656,10,ARG45,1.0,0.0,0,1.0
1657,1,LYS268,1.0,0.0,0,1.0
1657,2,HIS246,0.0,1.0,1,1.0
1657,3,HIS174,1.0,0.0,1,0.0
1657,4,HIS293,0.0,1.0,1,1.0
1657,5,ASP1,-1.0,0.0,0,-1.0
1657,6,HIS94,0.0,1.0,0,0.0
1657,7,LYS456,1.0,0.0,0,1.0
1657,8,ASP87,-1.0,0.0,0,-1.0
1657,9,LYS468,1.0,0.0,0,1.0
1657,10,HIS126,0.0,1.0,1,1.0
1658,1,GLU211,-1.0,0.0,0,-1.0
1658,2,GLU62,-1.0,0.0,0,-1.0
1658,3,ARG85,1.0,0.0,0,1.0
1658,4,ASP223,-1.0,0.0,0,-1.0
1658,5,TYR370,0.0,-1.0,0,0.0
1658,6,ASP303,-1.0,0.0,0,-1.0
1658,7,TYR450,0.0,-1.0,0,0.0
1658,8,ARG85,1.0,0.0,0,1.0
1658,9,GLU251,-1.0,0.0,0,-1.0
1658,10,LYS176,1.0,0.0,0,1.0
1659,1,HIS173,0.0,1.0,1,1.0
1659,2,GLU451,-1.0,0.0,0,-1.0
1659,3,ASP81,-1.0,0.0,0,-1.0
1659,4,GLU302,-1.0,0.0,0,-1.0
1659,5,ASP401,-1.0,0.0,0,-1.0
1659,6,ASP327,-1.0,0.0,0,-1.0
1659,7,LYS136,1.0,0.0,0,1.0
1659,8,HIS93,1.0,0.0,1,0.0
1659,9,ASP327,-1.0,0.0,0,-1.0
1659,10,GLU182,-1.0,0.0,0,-1.0
1660,1,HIS414,1.0,0.0,1,0.0
1660,2,HIS294,1.0,0.0,1,0.0
1660,3,HIS174,0.0,1.0,0,0.0
1660,4,TYR130,0.0,-1.0,0,0.0
1660,5,LYS28,1.0,0.0,0,1.0
1660,6,ASP303,-1.0,0.0,0,-1.0
1660,7,ASP143,-1.0,0.0,0,-1.0
1660,8,ASP327,-1.0,0.0,0,-1.0
1660,9,ASP7,-1.0,0.0,0,-1.0
1660,10,ASP183,-1.0,0.0,0,-1.0
1661,1,GLU22,-1.0,0.0,0,-1.0
1661,2,ASP223,-1.0,0.0,0,-1.0
1661,3,HIS86,1.0,0.0,0,1.0
1661,4,GLU222,-1.0,0.0,0,-1.0
1661,5,ASP263,-1.0,0.0,0,-1.0
1661,6,HIS294,0.0,1.0,0,0.0
1661,7,ASP423,-1.0,0.0,0,-1.0
1661,8,ARG45,1.0,0.0,0,1.0
1661,9,LYS56,1.0,0.0,0,1.0
1661,10,HIS246,1.0,0.0,0,1.0
1662,1,GLU291,-1.0,0.0,0,-1.0
1662,2,GLU123,-1.0,0.0,0,-1.0
1662,3,HIS366,1.0,0.0,1,0.0
1662,4,GLU102,-1.0,0.0,0,-1.0
1662,5,ARG5,1.0,0.0,0,1.0
1662,6,LYS268,1.0,0.0,0,1.0
1662,7,HIS414,0.0,1.0,1,1.0
1662,8,LYS428,1.0,0.0,0,1.0
1662,9,TYR250,0.0,-1.0,0,0.0
1662,10,HIS294,0.0,1.0,1,1.0
1663,1,ASP383,-1.0,0.0,0,-1.0
1663,2,HIS334,1.0,0.0,1,0.0
1663,3,GLU342,-1.0,0.0,0,-1.0
1663,4,ASP441,-1.0,0.0,0,-1.0
1663,5,ASP401,-1.0,0.0,0,-1.0
1663,6,LYS188,1.0,0.0,0,1.0
1663,7,HIS134,1.0,0.0,1,0.0
1663,8,GLU403,-1.0,0.0,0,-1.0
1663,9,ARG205,1.0,0.0,0,1.0
1663,10,GLU83,-1.0,0.0,0,-1.0
1664,1,ASP287,-1.0,0.0,0,-1.0
1664,2,LYS56,1.0,0.0,0,1.0
1664,3,ARG5,1.0,0.0,0,1.0
1664,4,LYS96,1.0,0.0,0,1.0
1664,5,GLU22,-1.0,0.0,0,-1.0
1664,6,LYS136,1.0,0.0,0,1.0
1664,7,LYS336,1.0,0.0,0,1.0
1664,8,ASP183,-1.0,0.0,0,-1.0
1664,9,ASP241,-1.0,0.0,0,-1.0
1664,10,GLU131,-1.0,0.0,0,-1.0
1665,1,GLU163,-1.0,0.0,0,-1.0
1665,2,HIS213,0.0,1.0,1,1.0
1665,3,HIS133,1.0,0.0,1,0.0
1665,4,GLU222,-1.0,0.0,0,-1.0
1665,5,LYS376,1.0,0.0,0,1.0
1665,6,LYS336,1.0,0.0,0,1.0
1665,7,HIS173,1.0,0.0,1,0.0
1665,8,HIS413,0.0,1.0,0,0.0
1665,9,ASP161,-1.0,0.0,0,-1.0
1665,10,ASP47,-1.0,0.0,0,-1.0
1666,1,ARG245,1.0,0.0,0,1.0
1666,2,HIS174,0.0,1.0,1,1.0
1666,3,HIS93,0.0,1.0,0,0.0
1666,4,HIS326,1.0,0.0,1,0.0
1666,5,ARG45,1.0,0.0,0,1.0
1666,6,ASP23,-1.0,0.0,0,-1.0
1666,7,GLU22,-1.0,0.0,0,-1.0
1666,8,HIS126,1.0,0.0,0,1.0
1666,9,ARG445,1.0,0.0,0,1.0
1666,10,ASP321,-1.0,0.0,0,-1.0
1667,1,GLU22,-1.0,0.0,0,-1.0
1667,2,ASP441,-1.0,0.0,0,-1.0
1667,3,LYS136,1.0,0.0,0,1.0
1667,4,HIS374,0.0,1.0,0,0.0
1667,5,TYR50,0.0,-1.0,0,0.0
1667,6,TYR50,0.0,-1.0,0,0.0
1667,7,ASP463,-1.0,0.0,0,-1.0
1667,8,HIS174,1.0,0.0,1,0.0
1667,9,HIS446,0.0,1.0,1,1.0
1667,10,HIS213,1.0,0.0,1,0.0
1668,1,HIS246,1.0,0.0,1,0.0
1668,2,GLU403,-1.0,0.0,0,-1.0
1668,3,HIS334,0.0,1.0,0,0.0
1668,4,GLU371,-1.0,0.0,0,-1.0
1668,5,GLU11,-1.0,0.0,0,-1.0
1668,6,LYS296,1.0,0.0,0,1.0
1668,7,LYS376,1.0,0.0,0,1.0
1668,8,LYS336,1.0,0.0,0,1.0
1668,9,GLU83,-1.0,0.0,0,-1.0
1668,10,ASP383,-1.0,0.0,0,-1.0
1669,1,HIS86,1.0,0.0,1,0.0
1669,2,GLU291,-1.0,0.0,0,-1.0
1669,3,GLU382,-1.0,0.0,0,-1.0
1669,4,GLU382,-1.0,0.0,0,-1.0
1669,5,ASP441,-1.0,0.0,0,-1.0
1669,6,LYS468,1.0,0.0,0,1.0
1669,7,LYS28,1.0,0.0,0,1.0
1669,8,ARG205,1.0,0.0,0,1.0
1669,9,ARG85,1.0,0.0,0,1.0
1669,10,LYS96,1.0,0.0,0,1.0
1670,1,HIS174,0.0,1.0,1,1.0
1670,2,LYS348,1.0,0.0,0,1.0
1670,3,GLU302,-1.0,0.0,0,-1.0
1670,4,LYS256,1.0,0.0,0,1.0
1670,5,HIS93,0.0,1.0,0,0.0
1670,6,TYR10,0.0,-1.0,0,0.0
1670,7,ASP367,-1.0,0.0,0,-1.0
1670,8,ASP167,-1.0,0.0,0,-1.0
1670,9,HIS173,0.0,1.0,0,0.0
1670,10,GLU283,-1.0,0.0,0,-1.0
1671,1,LYS56,1.0,0.0,0,1.0
1671,2,ASP367,-1.0,0.0,0,-1.0
1671,3,GLU83,-1.0,0.0,0,-1.0
1671,4,LYS56,1.0,0.0,0,1.0
1671,5,GLU382,-1.0,0.0,0,-1.0
1671,6,ASP303,-1.0,0.0,0,-1.0
1671,7,HIS53,0.0,1.0,0,0.0
1671,8,HIS406,0.0,1.0,1,1.0
1671,9,ASP441,-1.0,0.0,0,-1.0
1671,10,ASP167,-1.0,0.0,0,-1.0
1672,1,HIS406,1.0,0.0,1,0.0
1672,2,ASP343,-1.0,0.0,0,-1.0
1672,3,GLU11,-1.0,0.0,0,-1.0
1672,4,ASP407,-1.0,0.0,0,-1.0
1672,5,LYS176,1.0,0.0,0,1.0
1672,6,ARG45,1.0,0.0,0,1.0
1672,7,HIS94,0.0,1.0,0,0.0
1672,8,ASP441,-1.0,0.0,0,-1.0
1672,9,HIS13,0.0,1.0,0,0.0
1672,10,LYS388,1.0,0.0,0,1.0
1673,1,LYS136,1.0,0.0,0,1.0
1673,2,LYS216,1.0,0.0,0,1.0
1673,3,LYS336,1.0,0.0,0,1.0
1673,4,LYS176,1.0,0.0,0,1.0
1673,5,HIS134,0.0,1.0,0,0.0
1673,6,GLU182,-1.0,0.0,0,-1.0
1673,7,TYR50,0.0,-1.0,0,0.0
1673,8,LYS228,1.0,0.0,0,1.0
1673,9,ASP63,-1.0,0.0,0,-1.0
1673,10,ARG5,1.0,0.0,0,1.0
1674,1,ARG405,1.0,0.0,0,1.0
1674,2,ASP401,-1.0,0.0,0,-1.0
1674,3,ASP201,-1.0,0.0,0,-1.0
1674,4,HIS254,0.0,1.0,0,0.0
1674,5,HIS174,1.0,0.0,1,0.0
1674,6,ASP223,-1.0,0.0,0,-1.0
1674,7,HIS174,0.0,1.0,1,1.0
1674,8,GLU51,-1.0,0.0,0,-1.0
1674,9,GLU131,-1.0,0.0,0,-1.0
1674,10,HIS54,1.0,0.0,1,0.0
1675,1,HIS333,0.0,1.0,1,1.0
1675,2,GLU11,-1.0,0.0,0,-1.0
1675,3,GLU43,-1.0,0.0,0,-1.0
1675,4,HIS246,0.0,1.0,1,1.0
1675,5,HIS286,1.0,0.0,1,0.0
1675,6,HIS326,0.0,1.0,0,0.0
1675,7,HIS286,0.0,1.0,1,1.0
1675,8,HIS13,0.0,1.0,1,1.0
1675,9,LYS416,1.0,0.0,0,1.0
1675,10,HIS293,1.0,0.0,1,0.0
1676,1,ASP423,-1.0,0.0,0,-1.0
1676,2,GLU403,-1.0,0.0,0,-1.0
1676,3,GLU411,-1.0,0.0,0,-1.0
1676,4,GLU62,-1.0,0.0,0,-1.0
1676,5,ARG125,1.0,0.0,0,1.0
1676,6,ASP241,-1.0,0.0,0,-1.0
1676,7,HIS133,0.0,1.0,0,0.0
1676,8,HIS13,1.0,0.0,1,0.0
1676,9,LYS468,1.0,0.0,0,1.0
1676,10,GLU451,-1.0,0.0,0,-1.0
1677,1,GLU203,-1.0,0.0,0,-1.0
1677,2,GLU91,-1.0,0.0,0,-1.0
1677,3,ASP441,-1.0,0.0,0,-1.0
1677,4,ASP121,-1.0,0.0,0,-1.0
1677,5,ASP87,-1.0,0.0,0,-1.0
1677,6,LYS308,1.0,0.0,0,1.0
1677,7,ASP7,-1.0,0.0,0,-1.0
1677,8,ARG85,1.0,0.0,0,1.0
1677,9,ARG245,1.0,0.0,0,1.0
1677,10,ASP463,-1.0,0.0,0,-1.0
1678,1,LYS16,1.0,0.0,0,1.0
1678,2,LYS336,1.0,0.0,0,1.0
1678,3,ARG445,1.0,0.0,0,1.0
1678,4,GLU363,-1.0,0.0,0,-1.0
1678,5,ARG365,1.0,0.0,0,1.0
1678,6,ASP447,-1.0,0.0,0,-1.0
1678,7,LYS256,1.0,0.0,0,1.0
1678,8,LYS296,1.0,0.0,0,1.0
1678,9,LYS28,1.0,0.0,0,1.0
1678,10,ASP321,-1.0,0.0,0,-1.0
1679,1,GLU422,-1.0,0.0,0,-1.0
1679,2,GLU382,-1.0,0.0,0,-1.0
1679,3,HIS214,0.0,1.0,0,0.0
1679,4,GLU342,-1.0,0.0,0,-1.0
1679,5,LYS348,1.0,0.0,0,1.0
1679,6,GLU283,-1.0,0.0,0,-1.0
1679,7,GLU62,-1.0,0.0,0,-1.0
1679,8,HIS214,0.0,1.0,0,0.0
1679,9,ARG165,1.0,0.0,0,1.0
1679,10,ARG445,1.0,0.0,0,1.0
1680,1,GLU11,-1.0,0.0,0,-1.0
1680,2,ASP201,-1.0,0.0,0,-1.0
1680,3,ASP407,-1.0,0.0,0,-1.0
1680,4,ASP367,-1.0,0.0,0,-1.0
1680,5,LYS96,1.0,0.0,0,1.0
1680,6,GLU3,-1.0,0.0,0,-1.0
1680,7,TYR170,0.0,-1.0,0,0.0
1680,8,GLU363,-1.0,0.0,0,-1.0
1680,9,TYR450,0.0,-1.0,0,0.0
1680,10,LYS468,1.0,0.0,0,1.0
1681,1,GLU222,-1.0,0.0,0,-1.0
1681,2,HIS13,0.0,1.0,1,1.0
1681,3,LYS136,1.0,0.0,0,1.0
1681,4,ASP441,-1.0,0.0,0,-1.0
1681,5,ARG405,1.0,0.0,0,1.0
1681,6,LYS176,1.0,0.0,0,1.0
1681,7,ASP263,-1.0,0.0,0,-1.0
1681,8,TYR130,0.0,-1.0,0,0.0
1681,9,ASP1,-1.0,0.0,0,-1.0
1681,10,HIS293,0.0,1.0,1,1.0
1682,1,TYR130,0.0,-1.0,0,0.0
1682,2,ASP447,-1.0,0.0,0,-1.0
1682,3,HIS366,0.0,1.0,1,1.0
1682,4,HIS6,0.0,1.0,0,0.0
1682,5,TYR130,0.0,-1.0,0,0.0
1682,6,ARG165,1.0,0.0,0,1.0
1682,7,GLU443,-1.0,0.0,0,-1.0
1682,8,GLU43,-1.0,0.0,0,-1.0
1682,9,GLU123,-1.0,0.0,0,-1.0
1682,10,TYR250,0.0,-1.0,0,0.0
1683,1,ASP63,-1.0,0.0,0,-1.0
1683,2,HIS254,0.0,1.0,0,0.0
1683,3,HIS246,1.0,0.0,1,0.0
1683,4,GLU243,-1.0,0.0,0,-1.0
1683,5,HIS214,0.0,1.0,1,1.0
1683,6,TYR450,0.0,-1.0,0,0.0
1683,7,TYR290,0.0,-1.0,0,0.0
1683,8,GLU222,-1.0,0.0,0,-1.0
1683,9,LYS468,1.0,0.0,0,1.0
1683,10,LYS416,1.0,0.0,0,1.0
1684,1,ARG365,1.0,0.0,0,1.0
1684,2,HIS126,1.0,0.0,0,1.0
1684,3,HIS126,1.0,0.0,1,0.0
1684,4,GLU363,-1.0,0.0,0,-1.0
1684,5,GLU451,-1.0,0.0,0,-1.0
1684,6,LYS456,1.0,0.0,0,1.0
1684,7,TYR210,0.0,-1.0,0,0.0
1684,8,TYR210,0.0,-1.0,0,0.0
1684,9,ASP327,-1.0,0.0,0,-1.0
1684,10,GLU411,-1.0,0.0,0,-1.0
1685,1,ASP343,-1.0,0.0,0,-1.0
1685,2,GLU182,-1.0,0.0,0,-1.0
1685,3,GLU142,-1.0,0.0,0,-1.0
1685,4,GLU11,-1.0,0.0,0,-1.0
1685,5,ASP183,-1.0,0.0,0,-1.0
1685,6,ASP343,-1.0,0.0,0,-1.0
1685,7,ARG405,1.0,0.0,0,1.0
1685,8,HIS254,0.0,1.0,0,0.0
1685,9,HIS373,1.0,0.0,1,0.0
1685,10,GLU211,-1.0,0.0,0,-1.0
1686,1,HIS286,1.0,0.0,1,0.0
1686,2,TYR10,0.0,-1.0,0,0.0
1686,3,HIS166,0.0,1.0,1,1.0
1686,4,HIS206,1.0,0.0,1,0.0
1686,5,TYR370,0.0,-1.0,0,0.0
1686,6,GLU371,-1.0,0.0,0,-1.0
1686,7,LYS148,1.0,0.0,0,1.0
1686,8,ASP81,-1.0,0.0,0,-1.0
1686,9,GLU371,-1.0,0.0,0,-1.0
1686,10,ASP87,-1.0,0.0,0,-1.0
1687,1,GLU443,-1.0,0.0,0,-1.0
1687,2,HIS53,0.0,1.0,1,1.0
1687,3,ASP7,-1.0,0.0,0,-1.0
1687,4,LYS188,1.0,0.0,0,1.0
1687,5,GLU11,-1.0,0.0,0,-1.0
1687,6,LYS416,1.0,0.0,0,1.0
1687,7,ASP143,-1.0,0.0,0,-1.0
1687,8,GLU323,-1.0,0.0,0,-1.0
1687,9,ARG125,1.0,0.0,0,1.0
1687,10,GLU182,-1.0,0.0,0,-1.0
1688,1,HIS94,0.0,1.0,0,0.0
1688,2,HIS173,0.0,1.0,0,0.0
1688,3,ARG125,1.0,0.0,0,1.0
1688,4,TYR370,0.0,-1.0,0,0.0
1688,5,HIS406,0.0,1.0,1,1.0
1688,6,ASP127,-1.0,0.0,0,-1.0
1688,7,LYS376,1.0,0.0,0,1.0
1688,8,HIS414,1.0,0.0,1,0.0
1688,9,HIS13,1.0,0.0,1,0.0
1688,10,ASP361,-1.0,0.0,0,-1.0
1689,1,TYR450,0.0,-1.0,0,0.0
1689,2,GLU222,-1.0,0.0,0,-1.0
1689,3,GLU422,-1.0,0.0,0,-1.0
1689,4,GLU291,-1.0,0.0,0,-1.0
1689,5,ASP201,-1.0,0.0,0,-1.0
1689,6,GLU131,-1.0,0.0,0,-1.0
1689,7,GLU3,-1.0,0.0,0,-1.0
1689,8,ASP383,-1.0,0.0,0,-1.0
1689,9,GLU243,-1.0,0.0,0,-1.0
1689,10,LYS416,1.0,0.0,0,1.0
1690,1,TYR250,0.0,-1.0,0,0.0
1690,2,ASP167,-1.0,0.0,0,-1.0
1690,3,ASP401,-1.0,0.0,0,-1.0
1690,4,LYS336,1.0,0.0,0,1.0
1690,5,HIS53,1.0,0.0,1,0.0
1690,6,GLU262,-1.0,0.0,0,-1.0
1690,7,LYS108,1.0,0.0,0,1.0
1690,8,GLU131,-1.0,0.0,0,-1.0
1690,9,GLU283,-1.0,0.0,0,-1.0
1690,10,ASP143,-1.0,0.0,0,-1.0
1691,1,TYR130,0.0,-1.0,0,0.0
1691,2,ASP41,-1.0,0.0,0,-1.0
1691,3,HIS414,0.0,1.0,1,1.0
1691,4,LYS108,1.0,0.0,0,1.0
1691,5,HIS293,1.0,0.0,1,0.0
1691,6,ASP7,-1.0,0.0,0,-1.0
1691,7,ARG5,1.0,0.0,0,1.0
1691,8,GLU462,0.0,-1.0,0,0.0
1691,9,HIS326,0.0,1.0,0,0.0
1691,10,HIS294,1.0,0.0,1,0.0
1692,1,ASP263,-1.0,0.0,0,-1.0
1692,2,HIS286,0.0,1.0,1,1.0
1692,3,ASP63,-1.0,0.0,0,-1.0
1692,4,ASP103,-1.0,0.0,0,-1.0
1692,5,LYS308,1.0,0.0,0,1.0
1692,6,ASP23,-1.0,0.0,0,-1.0
1692,7,GLU211,-1.0,0.0,0,-1.0
1692,8,ASP23,-1.0,0.0,0,-1.0
1692,9,GLU43,-1.0,0.0,0,-1.0
1692,10,ARG45,1.0,0.0,0,1.0
1693,1,HIS414,1.0,0.0,1,0.0
1693,2,LYS16,1.0,0.0,0,1.0
1693,3,ASP103,-1.0,0.0,0,-1.0
1693,4,LYS348,1.0,0.0,0,1.0
1693,5,LYS376,1.0,0.0,0,1.0
1693,6,LYS136,1.0,0.0,0,1.0
1693,7,ARG325,1.0,0.0,0,1.0
1693,8,ASP87,-1.0,0.0,0,-1.0
1693,9,ASP167,-1.0,0.0,0,-1.0
1693,10,ASP121,-1.0,0.0,0,-1.0
1694,1,TYR10,0.0,-1.0,0,0.0
1694,2,GLU411,-1.0,0.0,0,-1.0
1694,3,ASP7,-1.0,0.0,0,-1.0
1694,4,HIS174,1.0,0.0,1,0.0
1694,5,ASP127,-1.0,0.0,0,-1.0
1694,6,GLU382,-1.0,0.0,1,0.0
1694,7,LYS256,1.0,0.0,0,1.0
1694,8,ASP321,-1.0,0.0,0,-1.0
1694,9,TYR90,0.0,-1.0,0,0.0
1694,10,LYS296,1.0,0.0,0,1.0
1695,1,GLU51,-1.0,0.0,0,-1.0
1695,2,HIS246,0.0,1.0,1,1.0
1695,3,ARG5,1.0,0.0,0,1.0
1695,4,ARG285,1.0,0.0,0,1.0
1695,5,TYR330,0.0,-1.0,0,0.0
1695,6,HIS134,0.0,1.0,1,1.0
1695,7,HIS213,0.0,1.0,1,1.0
1695,8,TYR410,0.0,-1.0,0,0.0
1695,9,GLU222,-1.0,0.0,0,-1.0
1695,10,ASP23,-1.0,0.0,0,-1.0
1696,1,ASP343,-1.0,0.0,0,-1.0
1696,2,LYS456,1.0,0.0,0,1.0
1696,3,LYS308,1.0,0.0,0,1.0
1696,4,ASP143,-1.0,0.0,0,-1.0
1696,5,ASP423,-1.0,0.0,0,-1.0
1696,6,ASP23,-1.0,0.0,0,-1.0
1696,7,LYS416,1.0,0.0,0,1.0
1696,8,HIS293,0.0,1.0,1,1.0
1696,9,ASP41,-1.0,0.0,0,-1.0
1696,10,GLU363,-1.0,0.0,0,-1.0
1697,1,GLU51,-1.0,0.0,0,-1.0
1697,2,ASP327,-1.0,0.0,0,-1.0
1697,3,GLU283,-1.0,0.0,0,-1.0
1697,4,HIS14,1.0,0.0,1,0.0
1697,5,GLU83,-1.0,0.0,0,-1.0
1697,6,ASP367,-1.0,0.0,0,-1.0
1697,7,HIS293,1.0,0.0,0,1.0
1697,8,HIS14,0.0,1.0,0,0.0
1697,9,LYS456,1.0,0.0,0,1.0
1697,10,ASP207,-1.0,0.0,0,-1.0
1698,1,LYS256,1.0,0.0,0,1.0
1698,2,GLU51,-1.0,0.0,0,-1.0
1698,3,HIS286,1.0,0.0,0,1.0
1698,4,HIS133,0.0,1.0,0,0.0
1698,5,GLU342,-1.0,0.0,0,-1.0
1698,6,LYS68,1.0,0.0,0,1.0
1698,7,GLU142,-1.0,0.0,0,-1.0
1698,8,HIS214,1.0,0.0,1,0.0
1698,9,ASP463,-1.0,0.0,0,-1.0
1698,10,ARG165,1.0,0.0,0,1.0
1699,1,HIS206,0.0,1.0,1,1.0
1699,2,HIS174,0.0,1.0,0,0.0
1699,3,TYR90,0.0,-1.0,0,0.0
1699,4,HIS13,0.0,1.0,0,0.0
1699,5,HIS13,0.0,1.0,1,1.0
1699,6,HIS294,0.0,1.0,1,1.0
1699,7,LYS96,1.0,0.0,0,1.0
1699,8,HIS446,1.0,0.0,1,0.0
1699,9,HIS173,0.0,1.0,0,0.0
1699,10,LYS468,1.0,0.0,0,1.0
1700,1,GLU382,0.0,-1.0,1,-1.0
1700,2,GLU283,-1.0,0.0,0,-1.0
1700,3,GLU123,-1.0,0.0,0,-1.0
1700,4,GLU222,-1.0,0.0,0,-1.0
1700,5,GLU83,-1.0,0.0,0,-1.0
1700,6,LYS468,1.0,0.0,0,1.0
1700,7,TYR330,0.0,-1.0,0,0.0
1700,8,GLU443,-1.0,0.0,0,-1.0
1700,9,ASP361,-1.0,0.0,0,-1.0
1700,10,HIS326,0.0,1.0,1,1.0
1701,1,GLU91,-1.0,0.0,0,-1.0
1701,2,HIS414,0.0,1.0,1,1.0
1701,3,HIS126,0.0,1.0,1,1.0
1701,4,ARG245,1.0,0.0,0,1.0
1701,5,HIS213,1.0,0.0,1,0.0
1701,6,ASP207,-1.0,0.0,0,-1.0
1701,7,ARG85,1.0,0.0,0,1.0
1701,8,HIS54,0.0,1.0,1,1.0
1701,9,LYS228,1.0,0.0,0,1.0
1701,10,HIS133,0.0,1.0,0,0.0
1702,1,HIS253,1.0,0.0,1,0.0
1702,2,GLU123,-1.0,0.0,0,-1.0
1702,3,HIS46,1.0,0.0,1,0.0
1702,4,HIS254,0.0,1.0,1,1.0
1702,5,LYS296,1.0,0.0,0,1.0
1702,6,ASP121,-1.0,0.0,0,-1.0
1702,7,GLU422,-1.0,0.0,0,-1.0
1702,8,HIS293,1.0,0.0,1,0.0
1702,9,LYS148,1.0,0.0,0,1.0
1702,10,LYS228,1.0,0.0,0,1.0
1703,1,GLU3,-1.0,0.0,0,-1.0
1703,2,TYR10,0.0,-1.0,0,0.0
1703,3,ASP281,-1.0,0.0,0,-1.0
1703,4,ASP23,-1.0,0.0,0,-1.0
1703,5,HIS166,1.0,0.0,1,0.0
1703,6,ASP23,-1.0,0.0,0,-1.0
1703,7,HIS214,0.0,1.0,0,0.0
1703,8,LYS228,1.0,0.0,0,1.0
1703,9,LYS176,1.0,0.0,0,1.0
1703,10,ASP121,-1.0,0.0,0,-1.0
1704,1,GLU323,-1.0,0.0,0,-1.0
1704,2,GLU342,-1.0,0.0,0,-1.0
1704,3,ASP63,-1.0,0.0,0,-1.0
1704,4,LYS216,1.0,0.0,0,1.0
1704,5,TYR330,0.0,-1.0,0,0.0
1704,6,HIS326,1.0,0.0,1,0.0
1704,7,ASP7,-1.0,0.0,0,-1.0
1704,8,HIS174,0.0,1.0,1,1.0
1704,9,HIS133,0.0,1.0,0,0.0
1704,10,ARG365,1.0,0.0,0,1.0
1705,1,GLU131,-1.0,0.0,0,-1.0
1705,2,TYR130,0.0,-1.0,0,0.0
1705,3,LYS216,1.0,0.0,0,1.0
1705,4,TYR50,0.0,-1.0,0,0.0
1705,5,HIS293,0.0,1.0,0,0.0
1705,6,HIS133,0.0,1.0,0,0.0
1705,7,GLU283,-1.0,0.0,0,-1.0
1705,8,GLU222,-1.0,0.0,0,-1.0
1705,9,ARG85,1.0,0.0,0,1.0
1705,10,TYR170,0.0,-1.0,0,0.0
1706,1,LYS416,1.0,0.0,0,1.0
1706,2,ASP441,-1.0,0.0,0,-1.0
1706,3,LYS176,1.0,0.0,0,1.0
1706,4,ASP183,-1.0,0.0,0,-1.0
1706,5,ASP361,-1.0,0.0,0,-1.0
1706,6,ARG125,1.0,0.0,0,1.0
1706,7,HIS326,0.0,1.0,1,1.0
1706,8,ASP41,-1.0,0.0,0,-1.0
1706,9,LYS188,1.0,0.0,0,1.0
1706,10,ARG85,1.0,0.0,0,1.0
1707,1,GLU62,-1.0,0.0,0,-1.0
1707,2,HIS126,1.0,0.0,1,0.0
1707,3,HIS454,0.0,1.0,1,1.0
1707,4,ASP63,-1.0,0.0,0,-1.0
1707,5,GLU163,-1.0,0.0,0,-1.0
1707,6,GLU291,-1.0,0.0,0,-1.0
1707,7,ASP7,-1.0,0.0,0,-1.0
1707,8,ASP247,-1.0,0.0,0,-1.0
1707,9,HIS406,1.0,0.0,1,0.0
1707,10,ASP161,-1.0,0.0,0,-1.0
1708,1,ASP361,-1.0,0.0,0,-1.0
1708,2,ASP201,-1.0,0.0,0,-1.0
1708,3,ASP167,-1.0,0.0,0,-1.0
1708,4,HIS6,0.0,1.0,1,1.0
1708,5,GLU443,-1.0,0.0,0,-1.0
1708,6,ASP183,-1.0,0.0,0,-1.0
1708,7,LYS388,1.0,0.0,0,1.0
1708,8,LYS376,1.0,0.0,0,1.0
1708,9,GLU262,-1.0,0.0,0,-1.0
1708,10,ASP121,-1.0,0.0,0,-1.0
1709,1,GLU83,-1.0,0.0,0,-1.0
1709,2,GLU83,-1.0,0.0,0,-1.0
1709,3,HIS13,1.0,0.0,1,0.0
1709,4,HIS374,0.0,1.0,1,1.0
1709,5,GLU102,-1.0,0.0,0,-1.0
1709,6,ARG405,1.0,0.0,0,1.0
1709,7,ASP81,-1.0,0.0,0,-1.0
1709,8,GLU302,-1.0,0.0,0,-1.0
1709,9,ASP361,-1.0,0.0,0,-1.0
1709,10,ASP303,-1.0,0.0,0,-1.0
1710,1,HIS54,1.0,0.0,1,0.0
1710,2,GLU283,-1.0,0.0,0,-1.0
1710,3,ARG285,1.0,0.0,0,1.0
1710,4,GLU243,-1.0,0.0,0,-1.0
1710,5,LYS456,1.0,0.0,0,1.0
1710,6,ASP287,-1.0,0.0,0,-1.0
1710,7,ASP23,-1.0,0.0,0,-1.0
1710,8,HIS334,0.0,1.0,0,0.0
1710,9,ASP407,-1.0,0.0,0,-1.0
1710,10,TYR10,0.0,-1.0,0,0.0
1711,1,ARG365,1.0,0.0,0,1.0
1711,2,ASP161,-1.0,0.0,0,-1.0
1711,3,GLU142,-1.0,0.0,0,-1.0
1711,4,GLU142,-1.0,0.0,0,-1.0
1711,5,GLU131,-1.0,0.0,0,-1.0
1711,6,ARG405,1.0,0.0,0,1.0
1711,7,GLU222,-1.0,0.0,0,-1.0
1711,8,TYR90,0.0,-1.0,0,0.0
1711,9,GLU142,-1.0,0.0,0,-1.0
1711,10,HIS54,0.0,1.0,0,0.0
1712,1,LYS268,1.0,0.0,0,1.0
1712,2,GLU222,-1.0,0.0,0,-1.0
1712,3,TYR410,0.0,-1.0,0,0.0
1712,4,ARG285,1.0,0.0,0,1.0
1712,5,HIS293,0.0,1.0,1,1.0
1712,6,ARG285,1.0,0.0,0,1.0
1712,7,GLU371,-1.0,0.0,0,-1.0
1712,8,GLU291,-1.0,0.0,0,-1.0
1712,9,ASP167,-1.0,0.0,0,-1.0
1712,10,ASP7,-1.0,0.0,0,-1.0
1713,1,GLU283,-1.0,0.0,0,-1.0
1713,2,ARG165,1.0,0.0,0,1.0
1713,3,GLU142,-1.0,0.0,0,-1.0
1713,4,TYR170,0.0,-1.0,0,0.0
1713,5,TYR90,0.0,-1.0,0,0.0
1713,6,GLU323,-1.0,0.0,0,-1.0
1713,7,ASP201,-1.0,0.0,0,-1.0
1713,8,LYS468,1.0,0.0,0,1.0
1713,9,GLU211,-1.0,0.0,0,-1.0
1713,10,ASP401,-1.0,0.0,0,-1.0
1714,1,ASP47,-1.0,0.0,0,-1.0
1714,2,ASP343,-1.0,0.0,0,-1.0
1714,3,HIS213,0.0,1.0,1,1.0
1714,4,ASP407,-1.0,0.0,0,-1.0
1714,5,GLU203,-1.0,0.0,0,-1.0
1714,6,ARG285,1.0,0.0,0,1.0
1714,7,LYS416,1.0,0.0,0,1.0
1714,8,HIS14,0.0,1.0,1,1.0
1714,9,HIS413,0.0,1.0,0,0.0
1714,10,ARG85,1.0,0.0,0,1.0
1715,1,ASP223,-1.0,0.0,0,-1.0
1715,2,GLU382,-1.0,0.0,0,-1.0
1715,3,GLU422,-1.0,0.0,0,-1.0
1715,4,ARG405,1.0,0.0,0,1.0
1715,5,HIS53,0.0,1.0,0,0.0
1715,6,LYS68,1.0,0.0,0,1.0
1715,7,LYS28,1.0,0.0,0,1.0
1715,8,ASP343,-1.0,0.0,0,-1.0
1715,9,HIS454,1.0,0.0,1,0.0
1715,10,HIS93,0.0,1.0,1,1.0
1716,1,GLU211,-1.0,0.0,0,-1.0
1716,2,ASP343,-1.0,0.0,0,-1.0
1716,3,ASP343,-1.0,0.0,0,-1.0
1716,4,GLU291,-1.0,0.0,0,-1.0
1716,5,LYS296,1.0,0.0,0,1.0
1716,6,LYS136,1.0,0.0,0,1.0
1716,7,ASP407,-1.0,0.0,0,-1.0
1716,8,ASP223,-1.0,0.0,0,-1.0
1716,9,LYS388,1.0,0.0,0,1.0
1716,10,HIS294,1.0,0.0,1,0.0
1717,1,GLU43,-1.0,0.0,0,-1.0
1717,2,LYS108,1.0,0.0,0,1.0
1717,3,TYR210,0.0,-1.0,0,0.0
1717,4,LYS188,1.0,0.0,0,1.0
1717,5,ARG165,1.0,0.0,0,1.0
1717,6,TYR170,0.0,-1.0,0,0.0
1717,7,HIS13,0.0,1.0,0,0.0
1717,8,GLU3,-1.0,0.0,0,-1.0
1717,9,ASP103,-1.0,0.0,0,-1.0
1717,10,GLU83,-1.0,0.0,0,-1.0
1718,1,HIS214,0.0,1.0,0,0.0
1718,2,LYS68,1.0,0.0,0,1.0
1718,3,HIS206,1.0,0.0,1,0.0
1718,4,LYS416,1.0,0.0,0,1.0
1718,5,HIS373,0.0,1.0,1,1.0
1718,6,HIS414,1.0,0.0,1,0.0
1718,7,ARG245,1.0,0.0,0,1.0
1718,8,HIS166,0.0,1.0,1,1.0
1718,9,GLU102,-1.0,0.0,0,-1.0
1718,10,HIS254,1.0,0.0,1,0.0
1719,1,GLU43,-1.0,0.0,0,-1.0
1719,2,GLU462,0.0,-1.0,0,0.0
1719,3,ASP183,-1.0,0.0,0,-1.0
1719,4,HIS246,1.0,0.0,1,0.0
1719,5,TYR250,0.0,-1.0,0,0.0
1719,6,ASP167,-1.0,0.0,0,-1.0
1719,7,ASP241,-1.0,0.0,0,-1.0
1719,8,HIS294,0.0,1.0,1,1.0
1719,9,GLU411,-1.0,0.0,0,-1.0
1719,10,HIS166,1.0,0.0,1,0.0
1720,1,HIS213,1.0,0.0,0,1.0
1720,2,ARG285,1.0,0.0,0,1.0
1720,3,HIS366,1.0,0.0,1,0.0
1720,4,ASP447,-1.0,0.0,0,-1.0
1720,5,HIS326,1.0,0.0,1,0.0
1720,6,ARG365,1.0,0.0,0,1.0
1720,7,HIS446,0.0,1.0,1,1.0
1720,8,ASP103,-1.0,0.0,0,-1.0
1720,9,HIS213,1.0,0.0,1,0.0
1720,10,TYR290,0.0,-1.0,0,0.0
1721,1,GLU43,-1.0,0.0,0,-1.0
1721,2,LYS388,1.0,0.0,0,1.0
1721,3,TYR330,0.0,-1.0,0,0.0
1721,4,LYS428,1.0,0.0,0,1.0
1721,5,ASP127,-1.0,0.0,0,-1.0
1721,6,ASP167,-1.0,0.0,0,-1.0
1721,7,HIS214,0.0,1.0,1,1.0
1721,8,LYS136,1.0,0.0,0,1.0
1721,9,LYS348,1.0,0.0,0,1.0
1721,10,HIS93,1.0,0.0,1,0.0
1722,1,TYR130,0.0,-1.0,0,0.0
1722,2,LYS296,1.0,0.0,0,1.0
1722,3,GLU291,-1.0,0.0,0,-1.0
1722,4,ASP383,-1.0,0.0,0,-1.0
1722,5,LYS216,1.0,0.0,0,1.0
1722,6,ASP441,-1.0,0.0,0,-1.0
1722,7,ASP367,-1.0,0.0,0,-1.0
1722,8,GLU203,-1.0,0.0,0,-1.0
1722,9,HIS454,0.0,1.0,0,0.0
1722,10,GLU43,-1.0,0.0,0,-1.0
1723,1,LYS468,1.0,0.0,0,1.0
1723,2,TYR210,0.0,-1.0,0,0.0
1723,3,ARG85,1.0,0.0,0,1.0
1723,4,LYS148,1.0,0.0,0,1.0
1723,5,ASP327,-1.0,0.0,0,-1.0
1723,6,HIS134,1.0,0.0,1,0.0
1723,7,ASP343,-1.0,0.0,0,-1.0
1723,8,LYS228,1.0,0.0,0,1.0
1723,9,HIS54,0.0,1.0,1,1.0
1723,10,HIS6,1.0,0.0,1,0.0
1724,1,ASP303,-1.0,0.0,0,-1.0
1724,2,HIS53,0.0,1.0,1,1.0
1724,3,ARG285,1.0,0.0,0,1.0
1724,4,GLU171,-1.0,0.0,0,-1.0
1724,5,GLU342,-1.0,0.0,0,-1.0
1724,6,LYS268,1.0,0.0,0,1.0
1724,7,ARG445,1.0,0.0,0,1.0
1724,8,LYS108,1.0,0.0,0,1.0
1724,9,GLU102,-1.0,0.0,0,-1.0
1724,10,HIS53,1.0,0.0,1,0.0
1725,1,HIS173,0.0,1.0,0,0.0
1725,2,TYR250,0.0,-1.0,0,0.0
1725,3,GLU302,-1.0,0.0,0,-1.0
1725,4,GLU382,-1.0,0.0,0,-1.0
1725,5,GLU403,-1.0,0.0,0,-1.0
1725,6,HIS366,0.0,1.0,1,1.0
1725,7,TYR210,0.0,-1.0,0,0.0
1725,8,HIS14,1.0,0.0,1,0.0
1725,9,HIS373,1.0,0.0,1,0.0
1725,10,TYR130,0.0,-1.0,0,0.0
1726,1,ARG5,1.0,0.0,0,1.0
1726,2,GLU62,-1.0,0.0,0,-1.0
1726,3,ASP321,-1.0,0.0,0,-1.0
1726,4,TYR50,0.0,-1.0,0,0.0
1726,5,HIS166,0.0,1.0,1,1.0
1726,6,ARG5,1.0,0.0,0,1.0
1726,7,HIS366,1.0,0.0,0,1.0
1726,8,GLU211,-1.0,0.0,0,-1.0
1726,9,GLU411,-1.0,0.0,0,-1.0
1726,10,HIS134,0.0,1.0,1,1.0
1727,1,HIS413,0.0,1.0,1,1.0
1727,2,ASP441,-1.0,0.0,0,-1.0
1727,3,HIS334,0.0,1.0,0,0.0
1727,4,ASP1,-1.0,0.0,0,-1.0
1727,5,ASP287,-1.0,0.0,0,-1.0
1727,6,HIS166,1.0,0.0,1,0.0
1727,7,ASP401,-1.0,0.0,0,-1.0
1727,8,LYS256,1.0,0.0,0,1.0
1727,9,ASP201,-1.0,0.0,0,-1.0
1727,10,HIS374,1.0,0.0,1,0.0
1728,1,GLU323,-1.0,0.0,0,-1.0
1728,2,HIS214,1.0,0.0,1,0.0
1728,3,ARG45,1.0,0.0,0,1.0
1728,4,LYS28,1.0,0.0,0,1.0
1728,5,GLU262,-1.0,0.0,0,-1.0
1728,6,GLU342,-1.0,0.0,0,-1.0
1728,7,HIS93,0.0,1.0,0,0.0
1728,8,LYS468,1.0,0.0,0,1.0
1728,9,ASP161,-1.0,0.0,0,-1.0
1728,10,ASP321,-1.0,0.0,0,-1.0
1729,1,GLU171,-1.0,0.0,0,-1.0
1729,2,HIS126,0.0,1.0,0,0.0
1729,3,GLU163,-1.0,0.0,0,-1.0
1729,4,ASP447,-1.0,0.0,0,-1.0
1729,5,TYR290,0.0,-1.0,0,0.0
1729,6,GLU323,-1.0,0.0,0,-1.0
1729,7,ASP463,-1.0,0.0,0,-1.0
1729,8,HIS326,0.0,1.0,1,1.0
1729,9,TYR90,0.0,-1.0,0,0.0
1729,10,ASP81,-1.0,0.0,0,-1.0
1730,1,HIS373,0.0,1.0,0,0.0
1730,2,TYR290,0.0,-1.0,0,0.0
1730,3,GLU422,-1.0,0.0,0,-1.0
1730,4,LYS336,1.0,0.0,0,1.0
1730,5,HIS374,0.0,1.0,1,1.0
1730,6,LYS376,1.0,0.0,0,1.0
1730,7,HIS14,0.0,1.0,0,0.0
1730,8,GLU403,-1.0,0.0,0,-1.0
1730,9,HIS293,1.0,0.0,1,0.0
1730,10,ASP23,-1.0,0.0,0,-1.0
1731,1,HIS414,0.0,1.0,0,0.0
1731,2,LYS136,1.0,0.0,0,1.0
1731,3,HIS453,0.0,1.0,1,1.0
1731,4,HIS453,1.0,0.0,1,0.0
1731,5,ARG405,1.0,0.0,0,1.0
1731,6,GLU171,-1.0,0.0,0,-1.0
1731,7,ASP241,-1.0,0.0,0,-1.0
1731,8,ASP263,-1.0,0.0,0,-1.0
1731,9,ASP263,-1.0,0.0,0,-1.0
1731,10,TYR330,0.0,-1.0,0,0.0
1732,1,LYS136,1.0,0.0,0,1.0
1732,2,ARG405,1.0,0.0,0,1.0
1732,3,HIS254,0.0,1.0,1,1.0
1732,4,HIS53,0.0,1.0,0,0.0
1732,5,LYS108,1.0,0.0,0,1.0
1732,6,GLU51,-1.0,0.0,0,-1.0
1732,7,GLU102,-1.0,0.0,0,-1.0
1732,8,HIS93,0.0,1.0,0,0.0
1732,9,GLU83,-1.0,0.0,0,-1.0
1732,10,ASP263,-1.0,0.0,0,-1.0
1733,1,LYS256,1.0,0.0,0,1.0
1733,2,ASP87,-1.0,0.0,0,-1.0
1733,3,HIS253,0.0,1.0,1,1.0
1733,4,HIS326,1.0,0.0,1,0.0
1733,5,ASP121,-1.0,0.0,0,-1.0
1733,6,HIS93,0.0,1.0,1,1.0
1733,7,TYR290,0.0,-1.0,0,0.0
1733,8,ASP23,-1.0,0.0,0,-1.0
1733,9,GLU411,-1.0,0.0,0,-1.0
1733,10,ASP407,-1.0,0.0,0,-1.0
1734,1,TYR250,0.0,-1.0,0,0.0
1734,2,TYR250,0.0,-1.0,0,0.0
1734,3,ASP327,-1.0,0.0,0,-1.0
1734,4,HIS94,0.0,1.0,0,0.0
1734,5,ARG405,1.0,0.0,0,1.0
1734,6,LYS108,1.0,0.0,0,1.0
1734,7,HIS374,1.0,0.0,1,0.0
1734,8,HIS93,1.0,0.0,1,0.0
1734,9,ASP361,-1.0,0.0,0,-1.0
1734,10,ARG45,1.0,0.0,0,1.0
1735,1,GLU342,-1.0,0.0,0,-1.0
1735,2,ASP41,-1.0,0.0,0,-1.0
1735,3,HIS86,0.0,1.0,0,0.0
1735,4,GLU371,-1.0,0.0,0,-1.0
1735,5,LYS136,1.0,0.0,0,1.0
1735,6,LYS176,1.0,0.0,0,1.0
1735,7,GLU443,-1.0,0.0,0,-1.0
1735,8,GLU462,0.0,-1.0,1,-1.0
1735,9,ASP367,-1.0,0.0,0,-1.0
1735,10,TYR130,0.0,-1.0,0,0.0
1736,1,LYS148,1.0,0.0,0,1.0
1736,2,TYR210,0.0,-1.0,0,0.0
1736,3,HIS253,1.0,0.0,1,0.0
1736,4,LYS188,1.0,0.0,0,1.0
1736,5,GLU371,-1.0,0.0,0,-1.0
1736,6,TYR330,0.0,-1.0,0,0.0
1736,7,ARG445,1.0,0.0,0,1.0
1736,8,HIS173,0.0,1.0,1,1.0
1736,9,ASP167,-1.0,0.0,0,-1.0
1736,10,HIS334,0.0,1.0,0,0.0
1737,1,ASP423,-1.0,0.0,0,-1.0
1737,2,GLU243,-1.0,0.0,0,-1.0
1737,3,LYS268,1.0,0.0,0,1.0
1737,4,HIS53,0.0,1.0,1,1.0
1737,5,TYR170,0.0,-1.0,0,0.0
1737,6,LYS68,1.0,0.0,0,1.0
1737,7,ASP383,-1.0,0.0,0,-1.0
1737,8,ASP401,-1.0,0.0,0,-1.0
1737,9,ASP327,-1.0,0.0,0,-1.0
1737,10,ASP201,-1.0,0.0,0,-1.0
1738,1,HIS54,1.0,0.0,1,0.0
1738,2,HIS206,0.0,1.0,1,1.0
1738,3,LYS268,1.0,0.0,0,1.0
1738,4,LYS428,1.0,0.0,0,1.0
1738,5,GLU11,-1.0,0.0,0,-1.0
1738,6,HIS286,1.0,0.0,1,0.0
1738,7,HIS53,1.0,0.0,1,0.0
1738,8,HIS46,0.0,1.0,0,0.0
1738,9,ASP423,-1.0,0.0,0,-1.0
1738,10,TYR330,0.0,-1.0,0,0.0
1739,1,LYS268,1.0,0.0,0,1.0
1739,2,ASP407,-1.0,0.0,0,-1.0
1739,3,ASP47,-1.0,0.0,0,-1.0
1739,4,HIS173,1.0,0.0,1,0.0
1739,5,HIS254,1.0,0.0,1,0.0
1739,6,GLU3,-1.0,0.0,0,-1.0
1739,7,LYS256,1.0,0.0,0,1.0
1739,8,GLU342,-1.0,0.0,0,-1.0
1739,9,HIS373,0.0,1.0,1,1.0
1739,10,GLU91,-1.0,0.0,0,-1.0
1740,1,GLU43,-1.0,0.0,0,-1.0
1740,2,ASP401,-1.0,0.0,0,-1.0
1740,3,HIS333,1.0,0.0,1,0.0
1740,4,ASP103,-1.0,0.0,0,-1.0
1740,5,ASP121,-1.0,0.0,0,-1.0
1740,6,ASP103,-1.0,0.0,0,-1.0
1740,7,LYS188,1.0,0.0,0,1.0
1740,8,HIS413,1.0,0.0,1,0.0
1740,9,TYR370,0.0,-1.0,0,0.0
1740,10,GLU123,-1.0,0.0,0,-1.0
1741,1,TYR330,0.0,-1.0,0,0.0
1741,2,ASP127,-1.0,0.0,0,-1.0
1741,3,TYR50,0.0,-1.0,0,0.0
1741,4,HIS293,0.0,1.0,1,1.0
1741,5,TYR330,0.0,-1.0,0,0.0
1741,6,LYS428,1.0,0.0,0,1.0
1741,7,HIS174,1.0,0.0,1,0.0
1741,8,ASP281,-1.0,0.0,0,-1.0
1741,9,TYR170,0.0,-1.0,0,0.0
1741,10,LYS136,1.0,0.0,0,1.0
1742,1,LYS296,1.0,0.0,0,1.0
1742,2,GLU243,-1.0,0.0,0,-1.0
1742,3,HIS254,0.0,1.0,0,0.0
1742,4,GLU302,-1.0,0.0,0,-1.0
1742,5,LYS428,1.0,0.0,0,1.0
1742,6,ASP47,-1.0,0.0,0,-1.0
1742,7,HIS333,0.0,1.0,1,1.0
1742,8,GLU203,-1.0,0.0,0,-1.0
1742,9,HIS6,0.0,1.0,1,1.0
1742,10,ASP127,-1.0,0.0,0,-1.0
1743,1,ASP361,-1.0,0.0,0,-1.0
1743,2,ARG45,1.0,0.0,0,1.0
1743,3,HIS126,0.0,1.0,1,1.0
1743,4,ASP201,-1.0,0.0,0,-1.0
1743,5,HIS126,1.0,0.0,1,0.0
1743,6,GLU22,-1.0,0.0,0,-1.0
1743,7,LYS256,1.0,0.0,0,1.0
1743,8,ASP183,-1.0,0.0,0,-1.0
1743,9,GLU11,-1.0,0.0,0,-1.0
1743,10,GLU142,-1.0,0.0,0,-1.0
1744,1,GLU102,-1.0,0.0,0,-1.0
1744,2,HIS414,0.0,1.0,0,0.0
1744,3,ASP447,-1.0,0.0,0,-1.0
1744,4,HIS53,0.0,1.0,1,1.0
1744,5,LYS336,1.0,0.0,0,1.0
1744,6,ASP241,-1.0,0.0,0,-1.0
1744,7,GLU462,-1.0,0.0,1,0.0
1744,8,GLU91,-1.0,0.0,0,-1.0
1744,9,GLU182,-1.0,0.0,0,-1.0
1744,10,LYS268,1.0,0.0,0,1.0
1745,1,ARG125,1.0,0.0,0,1.0
1745,2,GLU43,-1.0,0.0,0,-1.0
1745,3,TYR290,0.0,-1.0,0,0.0
1745,4,ASP287,-1.0,0.0,0,-1.0
1745,5,GLU171,-1.0,0.0,0,-1.0
1745,6,GLU451,-1.0,0.0,0,-1.0
1745,7,ASP103,-1.0,0.0,0,-1.0
1745,8,ASP407,-1.0,0.0,0,-1.0
1745,9,TYR290,0.0,-1.0,0,0.0
1745,10,HIS126,0.0,1.0,1,1.0
1746,1,GLU102,-1.0,0.0,0,-1.0
1746,2,GLU131,-1.0,0.0,0,-1.0
1746,3,HIS126,1.0,0.0,1,0.0
1746,4,GLU62,-1.0,0.0,0,-1.0
1746,5,LYS428,1.0,0.0,0,1.0
1746,6,HIS214,0.0,1.0,0,0.0
1746,7,TYR370,0.0,-1.0,0,0.0
1746,8,GLU123,-1.0,0.0,0,-1.0
1746,9,HIS206,1.0,0.0,1,0.0
1746,10,TYR330,0.0,-1.0,0,0.0
1747,1,HIS253,0.0,1.0,1,1.0
1747,2,GLU3,-1.0,0.0,0,-1.0
1747,3,TYR250,0.0,-1.0,0,0.0
1747,4,GLU302,-1.0,0.0,0,-1.0
1747,5,ARG205,1.0,0.0,0,1.0
1747,6,ARG205,1.0,0.0,0,1.0
1747,7,GLU342,-1.0,0.0,0,-1.0
1747,8,ASP263,-1.0,0.0,0,-1.0
1747,9,TYR170,0.0,-1.0,0,0.0
1747,10,GLU222,-1.0,0.0,0,-1.0
1748,1,LYS188,1.0,0.0,0,1.0
1748,2,ASP1,-1.0,0.0,0,-1.0
1748,3,HIS86,0.0,1.0,0,0.0
1748,4,LYS28,1.0,0.0,0,1.0
1748,5,TYR250,0.0,-1.0,0,0.0
1748,6,GLU131,-1.0,0.0,0,-1.0
1748,7,ASP201,-1.0,0.0,0,-1.0
1748,8,LYS148,1.0,0.0,0,1.0
1748,9,ASP463,-1.0,0.0,0,-1.0
1748,10,LYS468,1.0,0.0,0,1.0
1749,1,GLU11,-1.0,0.0,0,-1.0
1749,2,ASP161,-1.0,0.0,0,-1.0
1749,3,ASP1,-1.0,0.0,0,-1.0
1749,4,HIS6,1.0,0.0,1,0.0
1749,5,GLU3,-1.0,0.0,0,-1.0
1749,6,ARG445,1.0,0.0,0,1.0
1749,7,LYS376,1.0,0.0,0,1.0
1749,8,HIS213,0.0,1.0,1,1.0
1749,9,HIS253,1.0,0.0,1,0.0
1749,10,GLU222,-1.0,0.0,0,-1.0
1750,1,HIS366,1.0,0.0,1,0.0
1750,2,HIS294,1.0,0.0,1,0.0
1750,3,ARG325,1.0,0.0,0,1.0
1750,4,LYS468,1.0,0.0,0,1.0
1750,5,GLU222,-1.0,0.0,0,-1.0
1750,6,ASP441,-1.0,0.0,0,-1.0
1750,7,GLU251,-1.0,0.0,0,-1.0
1750,8,ASP361,-1.0,0.0,0,-1.0
1750,9,GLU283,-1.0,0.0,0,-1.0
1750,10,LYS136,1.0,0.0,0,1.0
1751,1,TYR10,0.0,-1.0,0,0.0
1751,2,HIS454,0.0,1.0,0,0.0
1751,3,LYS268,1.0,0.0,0,1.0
1751,4,GLU262,-1.0,0.0,0,-1.0
1751,5,HIS46,0.0,1.0,0,0.0
1751,6,LYS148,1.0,0.0,0,1.0
1751,7,HIS453,0.0,1.0,1,1.0
1751,8,ASP303,-1.0,0.0,0,-1.0
1751,9,HIS134,1.0,0.0,1,0.0
1751,10,HIS166,0.0,1.0,0,0.0
1752,1,TYR10,0.0,-1.0,0,0.0
1752,2,ASP247,-1.0,0.0,0,-1.0
1752,3,GLU11,-1.0,0.0,0,-1.0
1752,4,LYS268,1.0,0.0,0,1.0
1752,5,ASP103,-1.0,0.0,0,-1.0
1752,6,ASP361,-1.0,0.0,0,-1.0
1752,7,ASP401,-1.0,0.0,0,-1.0
1752,8,LYS56,1.0,0.0,0,1.0
1752,9,ARG165,1.0,0.0,0,1.0
1752,10,LYS416,1.0,0.0,0,1.0
1753,1,ARG445,1.0,0.0,0,1.0
1753,2,GLU3,-1.0,0.0,0,-1.0
1753,3,GLU403,-1.0,0.0,0,-1.0
1753,4,ARG5,1.0,0.0,0,1.0
1753,5,ASP383,-1.0,0.0,0,-1.0
1753,6,ASP161,-1.0,0.0,0,-1.0
1753,7,ARG245,1.0,0.0,0,1.0
1753,8,GLU43,-1.0,0.0,0,-1.0
1753,9,GLU443,-1.0,0.0,0,-1.0
1753,10,GLU422,-1.0,0.0,0,-1.0
1754,1,GLU422,-1.0,0.0,0,-1.0
1754,2,GLU443,-1.0,0.0,0,-1.0
1754,3,LYS96,1.0,0.0,0,1.0
1754,4,GLU203,-1.0,0.0,0,-1.0
1754,5,GLU451,-1.0,0.0,0,-1.0
1754,6,TYR250,0.0,-1.0,0,0.0
1754,7,GLU451,-1.0,0.0,0,-1.0
1754,8,HIS334,0.0,1.0,1,1.0
1754,9,ASP383,-1.0,0.0,0,-1.0
1754,10,ASP407,-1.0,0.0,0,-1.0
1755,1,HIS413,0.0,1.0,1,1.0
1755,2,ASP361,-1.0,0.0,0,-1.0
1755,3,HIS373,1.0,0.0,1,0.0
1755,4,GLU123,-1.0,0.0,0,-1.0
1755,5,GLU411,-1.0,0.0,0,-1.0
1755,6,LYS28,1.0,0.0,0,1.0
1755,7,LYS428,1.0,0.0,0,1.0
1755,8,LYS256,1.0,0.0,0,1.0
1755,9,HIS213,1.0,0.0,1,0.0
1755,10,LYS216,1.0,0.0,0,1.0
1756,1,HIS166,0.0,1.0,0,0.0
1756,2,HIS414,0.0,1.0,0,0.0
1756,3,ASP463,-1.0,0.0,0,-1.0
1756,4,GLU251,-1.0,0.0,0,-1.0
1756,5,GLU203,-1.0,0.0,0,-1.0
1756,6,TYR410,0.0,-1.0,0,0.0
1756,7,GLU462,0.0,-1.0,1,-1.0
1756,8,GLU331,-1.0,0.0,0,-1.0
1756,9,ASP241,-1.0,0.0,0,-1.0
1756,10,LYS308,1.0,0.0,0,1.0
1757,1,HIS46,0.0,1.0,1,1.0
1757,2,ARG45,1.0,0.0,0,1.0
1757,3,ASP23,-1.0,0.0,0,-1.0
1757,4,LYS268,1.0,0.0,0,1.0
1757,5,ARG45,1.0,0.0,0,1.0
1757,6,GLU182,-1.0,0.0,0,-1.0
1757,7,GLU291,-1.0,0.0,0,-1.0
1757,8,GLU222,-1.0,0.0,0,-1.0
1757,9,LYS108,1.0,0.0,0,1.0
1757,10,GLU262,-1.0,0.0,0,-1.0
1758,1,LYS68,1.0,0.0,0,1.0
1758,2,LYS176,1.0,0.0,0,1.0
1758,3,ASP407,-1.0,0.0,0,-1.0
1758,4,GLU43,-1.0,0.0,0,-1.0
1758,5,HIS214,0.0,1.0,1,1.0
1758,6,GLU163,-1.0,0.0,0,-1.0
1758,7,GLU283,-1.0,0.0,0,-1.0
1758,8,HIS326,0.0,1.0,1,1.0
1758,9,GLU51,-1.0,0.0,0,-1.0
1758,10,HIS206,0.0,1.0,1,1.0
1759,1,ASP321,-1.0,0.0,0,-1.0
1759,2,GLU291,-1.0,0.0,0,-1.0
1759,3,ASP441,-1.0,0.0,0,-1.0
1759,4,ASP401,-1.0,0.0,0,-1.0
1759,5,LYS136,1.0,0.0,0,1.0
1759,6,GLU131,-1.0,0.0,0,-1.0
1759,7,ASP127,-1.0,0.0,0,-1.0
1759,8,GLU222,-1.0,0.0,0,-1.0
1759,9,TYR210,0.0,-1.0,0,0.0
1759,10,ARG325,1.0,0.0,0,1.0
1760,1,LYS296,1.0,0.0,0,1.0
1760,2,ASP303,-1.0,0.0,0,-1.0
1760,3,LYS416,1.0,0.0,0,1.0
1760,4,GLU382,-1.0,0.0,0,-1.0
1760,5,ARG245,1.0,0.0,0,1.0
1760,6,ARG365,1.0,0.0,0,1.0
1760,7,LYS68,1.0,0.0,0,1.0
1760,8,ASP321,-1.0,0.0,0,-1.0
1760,9,ASP167,-1.0,0.0,0,-1.0
1760,10,LYS336,1.0,0.0,0,1.0
1761,1,HIS126,0.0,1.0,1,1.0
1761,2,GLU102,-1.0,0.0,0,-1.0
1761,3,HIS406,0.0,1.0,1,1.0
1761,4,ARG85,1.0,0.0,0,1.0
1761,5,GLU371,-1.0,0.0,0,-1.0
1761,6,GLU182,-1.0,0.0,0,-1.0
1761,7,HIS326,1.0,0.0,1,0.0
1761,8,LYS456,1.0,0.0,0,1.0
1761,9,ASP281,-1.0,0.0,0,-1.0
1761,10,TYR410,0.0,-1.0,0,0.0
1762,1,GLU411,-1.0,0.0,0,-1.0
1762,2,GLU222,-1.0,0.0,0,-1.0
1762,3,ASP303,-1.0,0.0,0,-1.0
1762,4,LYS336,1.0,0.0,0,1.0
1762,5,TYR450,0.0,-1.0,0,0.0
1762,6,LYS136,1.0,0.0,0,1.0
1762,7,ASP143,-1.0,0.0,0,-1.0
1762,8,HIS53,1.0,0.0,1,0.0
1762,9,HIS406,1.0,0.0,1,0.0
1762,10,ASP423,-1.0,0.0,0,-1.0
1763,1,ARG445,1.0,0.0,0,1.0
1763,2,HIS454,0.0,1.0,1,1.0
1763,3,GLU11,-1.0,0.0,0,-1.0
1763,4,HIS174,0.0,1.0,1,1.0
1763,5,TYR290,0.0,-1.0,0,0.0
1763,6,HIS54,0.0,1.0,0,0.0
1763,7,ARG405,1.0,0.0,0,1.0
1763,8,ASP41,-1.0,0.0,0,-1.0
1763,9,GLU262,-1.0,0.0,0,-1.0
1763,10,LYS16,1.0,0.0,0,1.0
1764,1,ASP407,-1.0,0.0,0,-1.0
1764,2,GLU222,-1.0,0.0,0,-1.0
1764,3,ASP167,-1.0,0.0,0,-1.0
1764,4,HIS206,1.0,0.0,1,0.0
1764,5,LYS108,1.0,0.0,0,1.0
1764,6,ARG365,1.0,0.0,0,1.0
1764,7,ARG45,1.0,0.0,0,1.0
1764,8,HIS374,0.0,1.0,1,1.0
1764,9,TYR170,0.0,-1.0,0,0.0
1764,10,ASP143,-1.0,0.0,0,-1.0
1765,1,HIS93,0.0,1.0,0,0.0
1765,2,GLU182,-1.0,0.0,0,-1.0
1765,3,ASP223,-1.0,0.0,0,-1.0
1765,4,ASP207,-1.0,0.0,0,-1.0
1765,5,GLU363,-1.0,0.0,0,-1.0
1765,6,GLU443,-1.0,0.0,0,-1.0
1765,7,GLU363,-1.0,0.0,0,-1.0
1765,8,HIS446,1.0,0.0,1,0.0
1765,9,ASP343,-1.0,0.0,0,-1.0
1765,10,GLU302,-1.0,0.0,0,-1.0
1766,1,TYR370,0.0,-1.0,0,0.0
1766,2,GLU43,-1.0,0.0,0,-1.0
1766,3,GLU222,-1.0,0.0,0,-1.0
1766,4,HIS446,0.0,1.0,1,1.0
1766,5,HIS46,1.0,0.0,1,0.0
1766,6,LYS216,1.0,0.0,0,1.0
1766,7,HIS93,0.0,1.0,0,0.0
1766,8,LYS188,1.0,0.0,0,1.0
1766,9,ARG365,1.0,0.0,0,1.0
1766,10,ASP401,-1.0,0.0,0,-1.0
1767,1,LYS216,1.0,0.0,0,1.0
1767,2,LYS16,1.0,0.0,0,1.0
1767,3,LYS16,1.0,0.0,0,1.0
1767,4,GLU462,-1.0,0.0,1,0.0
1767,5,TYR210,0.0,-1.0,0,0.0
1767,6,HIS14,0.0,1.0,1,1.0
1767,7,ASP127,-1.0,0.0,0,-1.0
1767,8,HIS6,0.0,1.0,1,1.0
1767,9,ARG165,1.0,0.0,0,1.0
1767,10,GLU203,-1.0,0.0,0,-1.0
1768,1,HIS294,0.0,1.0,0,0.0
1768,2,GLU251,-1.0,0.0,0,-1.0
1768,3,GLU291,-1.0,0.0,0,-1.0
1768,4,GLU91,-1.0,0.0,0,-1.0
1768,5,HIS333,1.0,0.0,1,0.0
1768,6,ASP303,-1.0,0.0,0,-1.0
1768,7,LYS148,1.0,0.0,0,1.0
1768,8,GLU342,-1.0,0.0,0,-1.0
1768,9,GLU43,-1.0,0.0,0,-1.0
1768,10,HIS214,1.0,0.0,1,0.0
1769,1,HIS214,0.0,1.0,1,1.0
1769,2,ARG85,1.0,0.0,0,1.0
1769,3,TYR130,0.0,-1.0,0,0.0
1769,4,HIS174,1.0,0.0,1,0.0
1769,5,ASP361,-1.0,0.0,0,-1.0
1769,6,ASP41,-1.0,0.0,0,-1.0
1769,7,HIS206,0.0,1.0,1,1.0
1769,8,HIS286,0.0,1.0,1,1.0
1769,9,GLU323,-1.0,0.0,0,-1.0
1769,10,HIS294,0.0,1.0,0,0.0
1770,1,ASP321,-1.0,0.0,0,-1.0
1770,2,LYS336,1.0,0.0,0,1.0
1770,3,HIS126,1.0,0.0,1,0.0
1770,4,GLU222,-1.0,0.0,0,-1.0
1770,5,TYR50,0.0,-1.0,0,0.0
1770,6,ASP383,-1.0,0.0,0,-1.0
1770,7,GLU331,-1.0,0.0,0,-1.0
1770,8,TYR50,0.0,-1.0,0,0.0
1770,9,TYR450,0.0,-1.0,0,0.0
1770,10,HIS454,1.0,0.0,1,0.0
1771,1,ASP87,-1.0,0.0,0,-1.0
1771,2,ASP441,-1.0,0.0,0,-1.0
1771,3,ASP401,-1.0,0.0,0,-1.0
1771,4,LYS188,1.0,0.0,0,1.0
1771,5,ARG85,1.0,0.0,0,1.0
1771,6,HIS14,1.0,0.0,1,0.0
1771,7,HIS134,0.0,1.0,1,1.0
1771,8,ARG125,1.0,0.0,0,1.0
1771,9,GLU443,-1.0,0.0,0,-1.0
1771,10,TYR10,0.0,-1.0,0,0.0
1772,1,ASP287,-1.0,0.0,0,-1.0
1772,2,TYR250,0.0,-1.0,0,0.0
1772,3,HIS446,1.0,0.0,1,0.0
1772,4,LYS268,1.0,0.0,0,1.0
1772,5,ASP327,-1.0,0.0,0,-1.0
1772,6,ASP207,-1.0,0.0,0,-1.0
1772,7,HIS13,0.0,1.0,1,1.0
1772,8,HIS254,0.0,1.0,0,0.0
1772,9,GLU171,-1.0,0.0,0,-1.0
1772,10,HIS246,0.0,1.0,1,1.0
1773,1,ARG205,1.0,0.0,0,1.0
1773,2,GLU251,-1.0,0.0,0,-1.0
1773,3,ASP183,-1.0,0.0,0,-1.0
1773,4,LYS56,1.0,0.0,0,1.0
1773,5,LYS96,1.0,0.0,0,1.0
1773,6,GLU382,-1.0,0.0,0,-1.0
1773,7,GLU283,-1.0,0.0,0,-1.0
1773,8,GLU211,-1.0,0.0,0,-1.0
1773,9,ASP383,-1.0,0.0,0,-1.0
1773,10,HIS134,1.0,0.0,1,0.0
1774,1,LYS416,1.0,0.0,0,1.0
1774,2,HIS254,0.0,1.0,1,1.0
1774,3,TYR50,0.0,-1.0,0,0.0
1774,4,LYS348,1.0,0.0,0,1.0
1774,5,HIS373,0.0,1.0,1,1.0
1774,6,GLU83,-1.0,0.0,0,-1.0
1774,7,ARG45,1.0,0.0,0,1.0
1774,8,GLU331,-1.0,0.0,0,-1.0
1774,9,GLU171,-1.0,0.0,0,-1.0
1774,10,GLU243,-1.0,0.0,0,-1.0
1775,1,HIS453,1.0,0.0,1,0.0
1775,2,GLU163,-1.0,0.0,0,-1.0
1775,3,LYS216,1.0,0.0,0,1.0
1775,4,TYR50,0.0,-1.0,0,0.0
1775,5,ASP143,-1.0,0.0,0,-1.0
1775,6,ARG405,1.0,0.0,0,1.0
1775,7,GLU403,-1.0,0.0,0,-1.0
1775,8,HIS293,1.0,0.0,1,0.0
1775,9,GLU262,-1.0,0.0,0,-1.0
1775,10,GLU43,-1.0,0.0,0,-1.0
1776,1,HIS333,0.0,1.0,1,1.0
1776,2,GLU403,-1.0,0.0,0,-1.0
1776,3,GLU331,-1.0,0.0,0,-1.0
1776,4,ASP121,-1.0,0.0,0,-1.0
1776,5,HIS86,0.0,1.0,1,1.0
1776,6,LYS456,1.0,0.0,0,1.0
1776,7,ASP401,-1.0,0.0,0,-1.0
1776,8,GLU131,-1.0,0.0,0,-1.0
1776,9,HIS406,0.0,1.0,1,1.0
1776,10,ASP7,-1.0,0.0,0,-1.0
1777,1,LYS256,1.0,0.0,0,1.0
1777,2,HIS13,1.0,0.0,1,0.0
1777,3,ASP401,-1.0,0.0,0,-1.0
1777,4,LYS216,1.0,0.0,0,1.0
1777,5,LYS388,1.0,0.0,0,1.0
1777,6,GLU123,-1.0,0.0,0,-1.0
1777,7,TYR250,0.0,-1.0,0,0.0
1777,8,HIS453,0.0,1.0,1,1.0
1777,9,GLU382,-1.0,0.0,0,-1.0
1777,10,HIS326,0.0,1.0,1,1.0
1778,1,ASP367,-1.0,0.0,0,-1.0
1778,2,HIS214,1.0,0.0,1,0.0
1778,3,ASP103,-1.0,0.0,0,-1.0
1778,4,GLU203,-1.0,0.0,0,-1.0
1778,5,TYR450,0.0,-1.0,0,0.0
1778,6,HIS134,0.0,1.0,0,0.0
1778,7,GLU411,-1.0,0.0,0,-1.0
1778,8,LYS296,1.0,0.0,0,1.0
1778,9,GLU302,-1.0,0.0,0,-1.0
1778,10,ARG85,1.0,0.0,0,1.0
1779,1,ASP383,-1.0,0.0,0,-1.0
1779,2,LYS388,1.0,0.0,0,1.0
1779,3,HIS173,0.0,1.0,0,0.0
1779,4,LYS216,1.0,0.0,0,1.0
1779,5,ASP167,-1.0,0.0,0,-1.0
1779,6,ARG245,1.0,0.0,0,1.0
1779,7,HIS446,0.0,1.0,1,1.0
1779,8,GLU222,-1.0,0.0,0,-1.0
1779,9,ASP321,-1.0,0.0,0,-1.0
1779,10,HIS14,0.0,1.0,0,0.0
1780,1,HIS454,0.0,1.0,0,0.0
1780,2,ASP81,-1.0,0.0,0,-1.0
1780,3,HIS406,1.0,0.0,1,0.0
1780,4,GLU62,-1.0,0.0,0,-1.0
1780,5,ARG5,1.0,0.0,0,1.0
1780,6,HIS173,0.0,1.0,0,0.0
1780,7,ASP407,-1.0,0.0,0,-1.0
1780,8,ASP367,-1.0,0.0,0,-1.0
1780,9,ASP327,-1.0,0.0,0,-1.0
1780,10,HIS213,0.0,1.0,1,1.0
1781,1,GLU62,-1.0,0.0,0,-1.0
1781,2,HIS406,0.0,1.0,1,1.0
1781,3,LYS188,1.0,0.0,0,1.0
1781,4,GLU123,-1.0,0.0,0,-1.0
1781,5,ARG405,1.0,0.0,0,1.0
1781,6,ASP143,-1.0,0.0,0,-1.0
1781,7,HIS173,0.0,1.0,1,1.0
1781,8,HIS293,0.0,1.0,1,1.0
1781,9,ASP47,-1.0,0.0,0,-1.0
1781,10,TYR50,0.0,-1.0,0,0.0
1782,1,GLU51,-1.0,0.0,0,-1.0
1782,2,ASP281,-1.0,0.0,0,-1.0
1782,3,HIS446,1.0,0.0,1,0.0
1782,4,HIS86,1.0,0.0,1,0.0
1782,5,HIS94,0.0,1.0,0,0.0
1782,6,HIS253,0.0,1.0,0,0.0
1782,7,ASP441,-1.0,0.0,0,-1.0
1782,8,LYS216,1.0,0.0,0,1.0
1782,9,ASP263,-1.0,0.0,0,-1.0
1782,10,GLU251,-1.0,0.0,0,-1.0
1783,1,TYR330,0.0,-1.0,0,0.0
1783,2,GLU51,-1.0,0.0,0,-1.0
1783,3,LYS216,1.0,0.0,0,1.0
1783,4,TYR90,0.0,-1.0,0,0.0
1783,5,ARG125,1.0,0.0,0,1.0
1783,6,HIS333,1.0,0.0,1,0.0
1783,7,HIS406,1.0,0.0,1,0.0
1783,8,HIS54,0.0,1.0,1,1.0
1783,9,GLU62,-1.0,0.0,0,-1.0
1783,10,ASP401,-1.0,0.0,0,-1.0
1784,1,ARG325,1.0,0.0,0,1.0
1784,2,ASP87,-1.0,0.0,0,-1.0
1784,3,ASP143,-1.0,0.0,0,-1.0
1784,4,GLU22,-1.0,0.0,0,-1.0
1784,5,ASP23,-1.0,0.0,0,-1.0
1784,6,GLU371,-1.0,0.0,0,-1.0
1784,7,GLU403,-1.0,0.0,0,-1.0
1784,8,LYS296,1.0,0.0,0,1.0
1784,9,LYS56,1.0,0.0,0,1.0
1784,10,ASP127,-1.0,0.0,0,-1.0
1785,1,LYS228,1.0,0.0,0,1.0
1785,2,GLU222,-1.0,0.0,0,-1.0
1785,3,GLU203,-1.0,0.0,0,-1.0
1785,4,ASP63,-1.0,0.0,0,-1.0
1785,5,GLU462,0.0,-1.0,0,0.0
1785,6,HIS173,1.0,0.0,1,0.0
1785,7,HIS333,0.0,1.0,1,1.0
1785,8,TYR170,0.0,-1.0,0,0.0
1785,9,LYS376,1.0,0.0,0,1.0
1785,10,HIS86,0.0,1.0,1,1.0
1786,1,HIS326,1.0,0.0,1,0.0
1786,2,HIS406,0.0,1.0,1,1.0
1786,3,ARG125,1.0,0.0,0,1.0
1786,4,LYS336,1.0,0.0,0,1.0
1786,5,HIS134,0.0,1.0,1,1.0
1786,6,HIS53,0.0,1.0,0,0.0
1786,7,LYS16,1.0,0.0,0,1.0
1786,8,TYR410,0.0,-1.0,0,0.0
1786,9,GLU163,-1.0,0.0,0,-1.0
1786,10,HIS446,0.0,1.0,1,1.0
1787,1,ASP41,-1.0,0.0,0,-1.0
1787,2,ASP401,-1.0,0.0,0,-1.0
1787,3,GLU203,-1.0,0.0,0,-1.0
1787,4,ASP167,-1.0,0.0,0,-1.0
1787,5,GLU211,-1.0,0.0,0,-1.0
1787,6,TYR130,0.0,-1.0,0,0.0
1787,7,TYR370,0.0,-1.0,0,0.0
1787,8,HIS133,0.0,1.0,1,1.0
1787,9,ASP327,-1.0,0.0,0,-1.0
1787,10,HIS94,0.0,1.0,1,1.0
1788,1,ASP23,-1.0,0.0,0,-1.0
1788,2,ASP447,-1.0,0.0,0,-1.0
1788,3,GLU3,-1.0,0.0,0,-1.0
1788,4,ASP441,-1.0,0.0,0,-1.0
1788,5,GLU451,-1.0,0.0,0,-1.0
1788,6,GLU302,-1.0,0.0,0,-1.0
1788,7,ASP1,-1.0,0.0,0,-1.0
1788,8,LYS108,1.0,0.0,0,1.0
1788,9,LYS68,1.0,0.0,0,1.0
1788,10,GLU243,-1.0,0.0,0,-1.0
1789,1,LYS376,1.0,0.0,0,1.0
1789,2,GLU291,-1.0,0.0,0,-1.0
1789,3,LYS428,1.0,0.0,0,1.0
1789,4,GLU323,-1.0,0.0,0,-1.0
1789,5,ASP287,-1.0,0.0,0,-1.0
1789,6,LYS308,1.0,0.0,0,1.0
1789,7,TYR410,0.0,-1.0,0,0.0
1789,8,ASP103,-1.0,0.0,0,-1.0
1789,9,ASP201,-1.0,0.0,0,-1.0
1789,10,GLU363,-1.0,0.0,0,-1.0
1790,1,ASP41,-1.0,0.0,0,-1.0
1790,2,GLU411,-1.0,0.0,0,-1.0
1790,3,LYS176,1.0,0.0,0,1.0
1790,4,ASP463,-1.0,0.0,0,-1.0
1790,5,GLU203,-1.0,0.0,0,-1.0
1790,6,ASP463,-1.0,0.0,0,-1.0
1790,7,HIS133,1.0,0.0,1,0.0
1790,8,TYR410,0.0,-1.0,0,0.0
1790,9,GLU222,-1.0,0.0,0,-1.0
1790,10,HIS54,1.0,0.0,1,0.0
1791,1,HIS254,1.0,0.0,1,0.0
1791,2,HIS6,1.0,0.0,1,0.0
1791,3,LYS336,1.0,0.0,0,1.0
1791,4,ARG285,1.0,0.0,0,1.0
1791,5,ARG405,1.0,0.0,0,1.0
1791,6,ASP23,-1.0,0.0,0,-1.0
1791,7,HIS166,0.0,1.0,0,0.0
1791,8,ASP343,-1.0,0.0,0,-1.0
1791,9,GLU3,-1.0,0.0,0,-1.0
1791,10,GLU62,-1.0,0.0,0,-1.0
1792,1,ARG245,1.0,0.0,0,1.0
1792,2,GLU222,-1.0,0.0,0,-1.0
1792,3,GLU382,-1.0,0.0,0,-1.0
1792,4,GLU171,-1.0,0.0,0,-1.0
1792,5,HIS294,0.0,1.0,0,0.0
1792,6,GLU243,-1.0,0.0,0,-1.0
1792,7,ASP463,-1.0,0.0,0,-1.0
1792,8,ASP7,-1.0,0.0,0,-1.0
1792,9,HIS173,0.0,1.0,1,1.0
1792,10,GLU371,-1.0,0.0,0,-1.0
1793,1,GLU102,-1.0,0.0,0,-1.0
1793,2,ASP281,-1.0,0.0,0,-1.0
1793,3,HIS46,0.0,1.0,0,0.0
1793,4,LYS228,1.0,0.0,0,1.0
1793,5,ASP41,-1.0,0.0,0,-1.0
1793,6,ASP121,-1.0,0.0,0,-1.0
1793,7,ASP447,-1.0,0.0,0,-1.0
1793,8,TYR50,0.0,-1.0,0,0.0
1793,9,ASP263,-1.0,0.0,0,-1.0
1793,10,GLU182,-1.0,0.0,0,-1.0
1794,1,ARG245,1.0,0.0,0,1.0
1794,2,LYS336,1.0,0.0,0,1.0
1794,3,GLU51,-1.0,0.0,0,-1.0
1794,4,GLU283,-1.0,0.0,0,-1.0
1794,5,LYS28,1.0,0.0,0,1.0
1794,6,HIS406,1.0,0.0,1,0.0
1794,7,LYS28,1.0,0.0,0,1.0
1794,8,TYR370,0.0,-1.0,0,0.0
1794,9,LYS348,1.0,0.0,0,1.0
1794,10,LYS216,1.0,0.0,0,1.0
1795,1,HIS93,0.0,1.0,0,0.0
1795,2,GLU142,-1.0,0.0,0,-1.0
1795,3,HIS174,0.0,1.0,0,0.0
1795,4,HIS174,0.0,1.0,1,1.0
1795,5,LYS148,1.0,0.0,0,1.0
1795,6,GLU83,-1.0,0.0,0,-1.0
1795,7,HIS214,0.0,1.0,0,0.0
1795,8,ASP367,-1.0,0.0,0,-1.0
1795,9,ASP81,-1.0,0.0,0,-1.0
1795,10,HIS53,0.0,1.0,0,0.0
1796,1,HIS13,0.0,1.0,0,0.0
1796,2,HIS213,1.0,0.0,1,0.0
1796,3,ARG365,1.0,0.0,0,1.0
1796,4,HIS133,0.0,1.0,0,0.0
1796,5,GLU211,-1.0,0.0,0,-1.0
1796,6,HIS446,1.0,0.0,1,0.0
1796,7,GLU443,-1.0,0.0,0,-1.0
1796,8,ASP303,-1.0,0.0,0,-1.0
1796,9,HIS174,1.0,0.0,1,0.0
1796,10,ASP161,-1.0,0.0,0,-1.0
1797,1,ASP167,-1.0,0.0,0,-1.0
1797,2,GLU251,-1.0,0.0,0,-1.0
1797,3,ASP303,-1.0,0.0,0,-1.0
1797,4,LYS296,1.0,0.0,0,1.0
1797,5,GLU91,-1.0,0.0,0,-1.0
1797,6,ASP127,-1.0,0.0,0,-1.0
1797,7,TYR370,0.0,-1.0,0,0.0
1797,8,HIS366,0.0,1.0,1,1.0
1797,9,HIS253,0.0,1.0,1,1.0
1797,10,ASP401,-1.0,0.0,0,-1.0
1798,1,ASP223,-1.0,0.0,0,-1.0
1798,2,GLU331,-1.0,0.0,0,-1.0
1798,3,GLU171,-1.0,0.0,0,-1.0
1798,4,HIS133,0.0,1.0,0,0.0
1798,5,GLU62,-1.0,0.0,0,-1.0
1798,6,HIS14,0.0,1.0,0,0.0
1798,7,LYS468,1.0,0.0,0,1.0
1798,8,GLU142,-1.0,0.0,0,-1.0
1798,9,ASP167,-1.0,0.0,0,-1.0
1798,10,ARG85,1.0,0.0,0,1.0
1799,1,ASP441,-1.0,0.0,0,-1.0
1799,2,HIS246,1.0,0.0,1,0.0
1799,3,TYR290,0.0,-1.0,0,0.0
1799,4,ARG405,1.0,0.0,0,1.0
1799,5,HIS174,0.0,1.0,1,1.0
1799,6,ASP87,-1.0,0.0,0,-1.0
1799,7,HIS94,1.0,0.0,1,0.0
1799,8,ASP41,-1.0,0.0,0,-1.0
1799,9,GLU203,-1.0,0.0,0,-1.0
1799,10,GLU403,-1.0,0.0,0,-1.0
1800,1,HIS14,0.0,1.0,0,0.0
1800,2,ASP143,-1.0,0.0,0,-1.0
1800,3,GLU163,-1.0,0.0,0,-1.0
1800,4,GLU331,-1.0,0.0,0,-1.0
1800,5,ASP47,-1.0,0.0,0,-1.0
1800,6,HIS126,0.0,1.0,1,1.0
1800,7,GLU342,-1.0,0.0,0,-1.0
1800,8,HIS213,0.0,1.0,0,0.0
1800,9,GLU123,-1.0,0.0,0,-1.0
1800,10,HIS54,0.0,1.0,1,1.0
1801,1,HIS413,1.0,0.0,1,0.0
1801,2,GLU62,-1.0,0.0,0,-1.0
1801,3,GLU251,-1.0,0.0,0,-1.0
1801,4,GLU211,-1.0,0.0,0,-1.0
1801,5,ASP447,-1.0,0.0,0,-1.0
1801,6,ARG445,1.0,0.0,0,1.0
1801,7,LYS56,1.0,0.0,0,1.0
1801,8,HIS373,1.0,0.0,1,0.0
1801,9,HIS293,1.0,0.0,1,0.0
1801,10,GLU302,-1.0,0.0,0,-1.0
1802,1,GLU182,-1.0,0.0,0,-1.0
1802,2,TYR10,0.0,-1.0,0,0.0
1802,3,LYS16,1.0,0.0,0,1.0
1802,4,ASP407,-1.0,0.0,0,-1.0
1802,5,GLU102,-1.0,0.0,0,-1.0
1802,6,ASP287,-1.0,0.0,0,-1.0
1802,7,HIS373,0.0,1.0,0,0.0
1802,8,GLU331,-1.0,0.0,0,-1.0
1802,9,HIS333,1.0,0.0,1,0.0
1802,10,HIS53,0.0,1.0,0,0.0
1803,1,HIS414,0.0,1.0,0,0.0
1803,2,ASP263,-1.0,0.0,0,-1.0
1803,3,TYR130,0.0,-1.0,0,0.0
1803,4,LYS56,1.0,0.0,0,1.0
1803,5,HIS54,1.0,0.0,1,0.0
1803,6,GLU291,-1.0,0.0,0,-1.0
1803,7,LYS68,1.0,0.0,0,1.0
1803,8,ASP121,-1.0,0.0,0,-1.0
1803,9,ASP167,-1.0,0.0,0,-1.0
1803,10,GLU102,-1.0,0.0,0,-1.0
1804,1,GLU142,-1.0,0.0,0,-1.0
1804,2,TYR50,0.0,-1.0,0,0.0
1804,3,GLU22,-1.0,0.0,0,-1.0
1804,4,GLU422,-1.0,0.0,0,-1.0
1804,5,HIS373,0.0,1.0,1,1.0
1804,6,GLU203,-1.0,0.0,0,-1.0
1804,7,ARG5,1.0,0.0,0,1.0
1804,8,GLU171,-1.0,0.0,0,-1.0
1804,9,HIS334,1.0,0.0,1,0.0
1804,10,LYS216,1.0,0.0,0,1.0
1805,1,GLU43,-1.0,0.0,0,-1.0
1805,2,GLU83,-1.0,0.0,0,-1.0
1805,3,HIS6,0.0,1.0,0,0.0
1805,4,LYS188,1.0,0.0,0,1.0
1805,5,ARG285,1.0,0.0,0,1.0
1805,6,ASP87,-1.0,0.0,0,-1.0
1805,7,GLU43,-1.0,0.0,0,-1.0
1805,8,ASP223,-1.0,0.0,0,-1.0
1805,9,GLU91,-1.0,0.0,0,-1.0
1805,10,LYS416,1.0,0.0,0,1.0
1806,1,LYS216,1.0,0.0,0,1.0
1806,2,HIS366,1.0,0.0,1,0.0
1806,3,GLU411,-1.0,0.0,0,-1.0
1806,4,TYR290,0.0,-1.0,0,0.0
1806,5,ASP263,-1.0,0.0,0,-1.0
1806,6,GLU222,-1.0,0.0,0,-1.0
1806,7,TYR370,0.0,-1.0,0,0.0
1806,8,ASP23,-1.0,0.0,0,-1.0
1806,9,ASP361,-1.0,0.0,0,-1.0
1806,10,LYS68,1.0,0.0,0,1.0
1807,1,ARG45,1.0,0.0,0,1.0
1807,2,HIS134,1.0,0.0,1,0.0
1807,3,ASP23,-1.0,0.0,0,-1.0
1807,4,HIS254,0.0,1.0,0,0.0
1807,5,HIS286,1.0,0.0,1,0.0
1807,6,GLU163,-1.0,0.0,0,-1.0
1807,7,ASP423,-1.0,0.0,0,-1.0
1807,8,HIS93,0.0,1.0,1,1.0
1807,9,ARG325,1.0,0.0,0,1.0
1807,10,ASP201,-1.0,0.0,0,-1.0
1808,1,LYS296,1.0,0.0,0,1.0
1808,2,GLU43,-1.0,0.0,0,-1.0
1808,3,ASP303,-1.0,0.0,0,-1.0
1808,4,ARG5,1.0,0.0,0,1.0
1808,5,HIS374,1.0,0.0,1,0.0
1808,6,LYS16,1.0,0.0,0,1.0
1808,7,GLU283,-1.0,0.0,0,-1.0
1808,8,TYR410,0.0,-1.0,0,0.0
1808,9,ASP223,-1.0,0.0,0,-1.0
1808,10,LYS416,1.0,0.0,0,1.0
1809,1,HIS174,1.0,0.0,1,0.0
1809,2,GLU443,-1.0,0.0,0,-1.0
1809,3,GLU443,-1.0,0.0,1,0.0
1809,4,ASP287,-1.0,0.0,1,0.0
1809,5,LYS56,1.0,0.0,0,1.0
1809,6,GLU203,-1.0,0.0,0,-1.0
1809,7,GLU443,0.0,-1.0,1,-1.0
1809,8,TYR410,0.0,-1.0,0,0.0
1809,9,LYS428,1.0,0.0,0,1.0
1809,10,GLU422,-1.0,0.0,0,-1.0
1810,1,HIS133,0.0,1.0,1,1.0
1810,2,LYS228,1.0,0.0,0,1.0
1810,3,HIS206,1.0,0.0,1,0.0
1810,4,HIS366,0.0,1.0,1,1.0
1810,5,HIS373,1.0,0.0,1,0.0
1810,6,ASP441,-1.0,0.0,0,-1.0
1810,7,HIS13,0.0,1.0,0,0.0
1810,8,GLU262,-1.0,0.0,0,-1.0
1810,9,ASP63,-1.0,0.0,0,-1.0
1810,10,ASP361,-1.0,0.0,0,-1.0
1811,1,ASP143,-1.0,0.0,0,-1.0
1811,2,HIS53,0.0,1.0,1,1.0
1811,3,ASP407,-1.0,0.0,0,-1.0
1811,4,ASP143,-1.0,0.0,0,-1.0
1811,5,HIS13,0.0,1.0,1,1.0
1811,6,GLU331,-1.0,0.0,0,-1.0
1811,7,ARG205,1.0,0.0,0,1.0
1811,8,GLU62,-1.0,0.0,0,-1.0
1811,9,TYR450,0.0,-1.0,0,0.0
1811,10,HIS93,1.0,0.0,1,0.0
1812,1,TYR50,0.0,-1.0,0,0.0
1812,2,LYS176,1.0,0.0,0,1.0
1812,3,GLU142,-1.0,0.0,0,-1.0
1812,4,TYR210,0.0,-1.0,0,0.0
1812,5,HIS174,0.0,1.0,0,0.0
1812,6,GLU422,-1.0,0.0,0,-1.0
1812,7,HIS53,1.0,0.0,1,0.0
1812,8,ASP223,-1.0,0.0,0,-1.0
1812,9,TYR210,0.0,-1.0,0,0.0
1812,10,GLU403,-1.0,0.0,0,-1.0
1813,1,TYR250,0.0,-1.0,0,0.0
1813,2,ASP1,-1.0,0.0,0,-1.0
1813,3,HIS454,0.0,1.0,0,0.0
1813,4,HIS13,1.0,0.0,1,0.0
1813,5,GLU302,-1.0,0.0,0,-1.0
1813,6,HIS453,1.0,0.0,1,0.0
1813,7,GLU443,-1.0,0.0,0,-1.0
1813,8,HIS253,1.0,0.0,1,0.0
1813,9,TYR370,0.0,-1.0,0,0.0
1813,10,ASP321,-1.0,0.0,0,-1.0
1814,1,GLU291,-1.0,0.0,0,-1.0
1814,2,HIS326,0.0,1.0,1,1.0
1814,3,ARG325,1.0,0.0,0,1.0
1814,4,HIS373,0.0,1.0,1,1.0
1814,5,HIS53,0.0,1.0,0,0.0
1814,6,HIS13,0.0,1.0,0,0.0
1814,7,LYS296,1.0,0.0,0,1.0
1814,8,TYR410,0.0,-1.0,0,0.0
1814,9,TYR450,0.0,-1.0,0,0.0
1814,10,TYR330,0.0,-1.0,0,0.0
1815,1,ASP361,-1.0,0.0,0,-1.0
1815,2,LYS268,1.0,0.0,0,1.0
1815,3,ASP343,-1.0,0.0,0,-1.0
1815,4,GLU11,-1.0,0.0,0,-1.0
1815,5,GLU203,-1.0,0.0,0,-1.0
1815,6,ASP241,-1.0,0.0,0,-1.0
1815,7,HIS406,0.0,1.0,1,1.0
1815,8,TYR410,0.0,-1.0,0,0.0
1815,9,TYR170,0.0,-1.0,0,0.0
1815,10,ASP87,-1.0,0.0,0,-1.0
1816,1,HIS13,0.0,1.0,0,0.0
1816,2,ASP41,-1.0,0.0,0,-1.0
1816,3,HIS13,0.0,1.0,1,1.0
1816,4,GLU422,-1.0,0.0,0,-1.0
1816,5,HIS366,1.0,0.0,1,0.0
1816,6,HIS326,1.0,0.0,1,0.0
1816,7,ARG325,1.0,0.0,0,1.0
1816,8,HIS213,0.0,1.0,1,1.0
1816,9,TYR290,0.0,-1.0,0,0.0
1816,10,ASP327,-1.0,0.0,0,-1.0
1817,1,GLU451,-1.0,0.0,0,-1.0
1817,2,GLU371,-1.0,0.0,0,-1.0
1817,3,ARG5,1.0,0.0,0,1.0
1817,4,ASP383,-1.0,0.0,0,-1.0
1817,5,ARG205,1.0,0.0,0,1.0
1817,6,GLU411,-1.0,0.0,0,-1.0
1817,7,LYS136,1.0,0.0,0,1.0
1817,8,HIS133,1.0,0.0,1,0.0
1817,9,ASP7,-1.0,0.0,0,-1.0
1817,10,LYS268,1.0,0.0,0,1.0
1818,1,GLU222,-1.0,0.0,0,-1.0
1818,2,LYS56,1.0,0.0,0,1.0
1818,3,ASP361,-1.0,0.0,0,-1.0
1818,4,ASP321,-1.0,0.0,0,-1.0
1818,5,ARG165,1.0,0.0,0,1.0
1818,6,GLU283,-1.0,0.0,0,-1.0
1818,7,ASP127,-1.0,0.0,0,-1.0
1818,8,GLU251,-1.0,0.0,0,-1.0
1818,9,GLU22,-1.0,0.0,0,-1.0
1818,10,TYR50,0.0,-1.0,0,0.0
1819,1,HIS413,0.0,1.0,0,0.0
1819,2,ARG365,1.0,0.0,0,1.0
1819,3,ASP463,-1.0,0.0,0,-1.0
1819,4,TYR130,0.0,-1.0,0,0.0
1819,5,GLU43,-1.0,0.0,0,-1.0
1819,6,GLU51,-1.0,0.0,0,-1.0
1819,7,ASP47,-1.0,0.0,0,-1.0
1819,8,LYS428,1.0,0.0,0,1.0
1819,9,HIS374,0.0,1.0,0,0.0
1819,10,ASP441,-1.0,0.0,0,-1.0
1820,1,ASP183,-1.0,0.0,0,-1.0
1820,2,ARG285,1.0,0.0,0,1.0
1820,3,GLU422,-1.0,0.0,0,-1.0
1820,4,ASP321,-1.0,0.0,0,-1.0
1820,5,ASP161,-1.0,0.0,0,-1.0
1820,6,HIS286,0.0,1.0,0,0.0
1820,7,GLU323,-1.0,0.0,0,-1.0
1820,8,GLU462,0.0,-1.0,0,0.0
1820,9,TYR10,0.0,-1.0,0,0.0
1820,10,ARG445,1.0,0.0,0,1.0
1821,1,ASP183,-1.0,0.0,0,-1.0
1821,2,ARG45,1.0,0.0,0,1.0
1821,3,LYS296,1.0,0.0,0,1.0
1821,4,GLU171,-1.0,0.0,0,-1.0
1821,5,ASP63,-1.0,0.0,0,-1.0
1821,6,GLU363,-1.0,0.0,0,-1.0
1821,7,GLU163,-1.0,0.0,0,-1.0
1821,8,HIS54,0.0,1.0,1,1.0
1821,9,LYS176,1.0,0.0,0,1.0
1821,10,ASP121,-1.0,0.0,0,-1.0
1822,1,ASP63,-1.0,0.0,0,-1.0
1822,2,LYS428,1.0,0.0,0,1.0
1822,3,LYS296,1.0,0.0,0,1.0
1822,4,HIS54,1.0,0.0,1,0.0
1822,5,ASP81,-1.0,0.0,0,-1.0
1822,6,LYS308,1.0,0.0,0,1.0
1822,7,HIS253,0.0,1.0,0,0.0
1822,8,LYS56,1.0,0.0,0,1.0
1822,9,LYS216,1.0,0.0,0,1.0
1822,10,GLU102,-1.0,0.0,0,-1.0
1823,1,HIS333,0.0,1.0,1,1.0
1823,2,HIS14,0.0,1.0,0,0.0
1823,3,LYS136,1.0,0.0,0,1.0
1823,4,GLU222,-1.0,0.0,0,-1.0
1823,5,HIS293,0.0,1.0,0,0.0
1823,6,HIS253,0.0,1.0,0,0.0
1823,7,ASP81,-1.0,0.0,0,-1.0
1823,8,ASP463,-1.0,0.0,0,-1.0
1823,9,TYR210,0.0,-1.0,0,0.0
1823,10,ASP407,-1.0,0.0,0,-1.0
1824,1,HIS13,1.0,0.0,1,0.0
1824,2,ASP47,-1.0,0.0,0,-1.0
1824,3,GLU283,-1.0,0.0,0,-1.0
1824,4,ASP47,-1.0,0.0,0,-1.0
1824,5,LYS388,1.0,0.0,0,1.0
1824,6,LYS456,1.0,0.0,0,1.0
1824,7,ASP401,-1.0,0.0,0,-1.0
1824,8,LYS56,1.0,0.0,0,1.0
1824,9,GLU102,-1.0,0.0,0,-1.0
1824,10,GLU11,-1.0,0.0,0,-1.0
1825,1,HIS214,0.0,1.0,0,0.0
1825,2,LYS148,1.0,0.0,0,1.0
1825,3,ASP241,-1.0,0.0,0,-1.0
1825,4,HIS134,0.0,1.0,1,1.0
1825,5,HIS206,0.0,1.0,0,0.0
1825,6,HIS13,0.0,1.0,0,0.0
1825,7,ASP247,-1.0,0.0,0,-1.0
1825,8,GLU43,-1.0,0.0,0,-1.0
1825,9,GLU403,-1.0,0.0,0,-1.0
1825,10,ARG125,1.0,0.0,0,1.0
1826,1,GLU462,0.0,-1.0,0,0.0
1826,2,ASP361,-1.0,0.0,0,-1.0
1826,3,ASP447,-1.0,0.0,0,-1.0
1826,4,TYR170,0.0,-1.0,0,0.0
1826,5,LYS428,1.0,0.0,0,1.0
1826,6,GLU171,-1.0,0.0,0,-1.0
1826,7,ASP23,-1.0,0.0,0,-1.0
1826,8,LYS256,1.0,0.0,0,1.0
1826,9,LYS228,1.0,0.0,0,1.0
1826,10,GLU182,-1.0,0.0,0,-1.0
1827,1,GLU62,-1.0,0.0,0,-1.0
1827,2,LYS56,1.0,0.0,0,1.0
1827,3,ASP7,-1.0,0.0,0,-1.0
1827,4,TYR290,0.0,-1.0,0,0.0
1827,5,GLU302,-1.0,0.0,0,-1.0
1827,6,GLU22,-1.0,0.0,0,-1.0
1827,7,HIS293,0.0,1.0,1,1.0
1827,8,GLU51,-1.0,0.0,0,-1.0
1827,9,ASP23,-1.0,0.0,0,-1.0
1827,10,ASP281,-1.0,0.0,0,-1.0
1828,1,TYR370,0.0,-1.0,0,0.0
1828,2,ASP183,-1.0,0.0,0,-1.0
1828,3,GLU243,-1.0,0.0,0,-1.0
1828,4,HIS133,0.0,1.0,0,0.0
1828,5,ASP281,-1.0,0.0,0,-1.0
1828,6,GLU163,-1.0,0.0,0,-1.0
1828,7,HIS294,0.0,1.0,0,0.0
1828,8,HIS406,1.0,0.0,0,1.0
1828,9,HIS133,0.0,1.0,1,1.0
1828,10,GLU123,-1.0,0.0,0,-1.0
1829,1,ASP383,-1.0,0.0,0,-1.0
1829,2,ARG245,1.0,0.0,0,1.0
1829,3,GLU102,-1.0,0.0,0,-1.0
1829,4,ARG45,1.0,0.0,0,1.0
1829,5,HIS214,0.0,1.0,0,0.0
1829,6,ARG125,1.0,0.0,0,1.0
1829,7,GLU422,-1.0,0.0,0,-1.0
1829,8,GLU331,-1.0,0.0,0,-1.0
1829,9,GLU131,-1.0,0.0,0,-1.0
1829,10,ARG125,1.0,0.0,0,1.0
1830,1,GLU331,-1.0,0.0,0,-1.0
1830,2,ASP63,-1.0,0.0,0,-1.0
1830,3,GLU411,-1.0,0.0,0,-1.0
1830,4,ARG45,1.0,0.0,0,1.0
1830,5,ASP127,-1.0,0.0,0,-1.0
1830,6,GLU203,-1.0,0.0,0,-1.0
1830,7,LYS28,1.0,0.0,0,1.0
1830,8,TYR370,0.0,-1.0,0,0.0
1830,9,ASP121,-1.0,0.0,0,-1.0
1830,10,HIS293,1.0,0.0,1,0.0
1831,1,GLU43,-1.0,0.0,0,-1.0
1831,2,LYS268,1.0,0.0,0,1.0
1831,3,GLU382,-1.0,0.0,0,-1.0
1831,4,LYS176,1.0,0.0,0,1.0
1831,5,ASP247,-1.0,0.0,0,-1.0
1831,6,HIS94,0.0,1.0,1,1.0
1831,7,GLU203,-1.0,0.0,0,-1.0
1831,8,ASP23,-1.0,0.0,0,-1.0
1831,9,TYR170,0.0,-1.0,0,0.0
1831,10,LYS148,1.0,0.0,0,1.0
1832,1,GLU131,-1.0,0.0,0,-1.0
1832,2,ARG205,1.0,0.0,0,1.0
1832,3,GLU102,-1.0,0.0,0,-1.0
1832,4,HIS94,1.0,0.0,1,0.0
1832,5,GLU163,-1.0,0.0,0,-1.0
1832,6,ASP447,-1.0,0.0,0,-1.0
1832,7,GLU22,-1.0,0.0,0,-1.0
1832,8,ASP263,-1.0,0.0,0,-1.0
1832,9,ARG245,1.0,0.0,0,1.0
1832,10,HIS53,0.0,1.0,1,1.0
1833,1,TYR450,0.0,-1.0,0,0.0
1833,2,LYS256,1.0,0.0,0,1.0
1833,3,ASP263,-1.0,0.0,0,-1.0
1833,4,ASP247,-1.0,0.0,0,-1.0
1833,5,GLU91,-1.0,0.0,0,-1.0
1833,6,HIS94,0.0,1.0,1,1.0
1833,7,ARG5,1.0,0.0,0,1.0
1833,8,ASP223,-1.0,0.0,0,-1.0
1833,9,LYS308,1.0,0.0,0,1.0
1833,10,ASP447,-1.0,0.0,0,-1.0
1834,1,GLU262,-1.0,0.0,0,-1.0
1834,2,ASP63,-1.0,0.0,0,-1.0
1834,3,LYS336,1.0,0.0,0,1.0
1834,4,ARG445,1.0,0.0,0,1.0
1834,5,HIS134,1.0,0.0,1,0.0
1834,6,ASP263,-1.0,0.0,0,-1.0
1834,7,TYR50,0.0,-1.0,0,0.0
1834,8,HIS254,0.0,1.0,1,1.0
1834,9,ASP81,-1.0,0.0,0,-1.0
1834,10,ARG325,1.0,0.0,0,1.0
1835,1,ASP303,-1.0,0.0,0,-1.0
1835,2,HIS326,0.0,1.0,1,1.0
1835,3,ARG205,1.0,0.0,0,1.0
1835,4,ARG285,1.0,0.0,0,1.0
1835,5,GLU331,-1.0,0.0,0,-1.0
1835,6,HIS134,0.0,1.0,0,0.0
1835,7,HIS6,0.0,1.0,0,0.0
1835,8,HIS326,1.0,0.0,1,0.0
1835,9,TYR10,0.0,-1.0,0,0.0
1835,10,ASP401,-1.0,0.0,0,-1.0
1836,1,HIS254,1.0,0.0,1,0.0
1836,2,ASP41,-1.0,0.0,0,-1.0
1836,3,ARG125,1.0,0.0,0,1.0
1836,4,GLU182,-1.0,0.0,0,-1.0
1836,5,ASP407,-1.0,0.0,0,-1.0
1836,6,ASP447,-1.0,0.0,0,-1.0
1836,7,LYS348,1.0,0.0,0,1.0
1836,8,ARG365,1.0,0.0,0,1.0
1836,9,HIS134,0.0,1.0,1,1.0
1836,10,HIS173,1.0,0.0,1,0.0
1837,1,GLU443,-1.0,0.0,0,-1.0
1837,2,GLU443,-1.0,0.0,0,-1.0
1837,3,GLU11,-1.0,0.0,0,-1.0
1837,4,ASP303,-1.0,0.0,0,-1.0
1837,5,TYR50,0.0,-1.0,0,0.0
1837,6,ARG5,1.0,0.0,0,1.0
1837,7,HIS54,0.0,1.0,0,0.0
1837,8,GLU123,-1.0,0.0,0,-1.0
1837,9,GLU43,-1.0,0.0,0,-1.0
1837,10,ASP423,-1.0,0.0,0,-1.0
1838,1,GLU62,-1.0,0.0,0,-1.0
1838,2,GLU382,-1.0,0.0,0,-1.0
1838,3,HIS13,0.0,1.0,1,1.0
1838,4,HIS14,0.0,1.0,0,0.0
1838,5,TYR90,0.0,-1.0,0,0.0
1838,6,HIS174,0.0,1.0,1,1.0
1838,7,HIS126,1.0,0.0,0,1.0
1838,8,ASP223,-1.0,0.0,0,-1.0
1838,9,ARG125,1.0,0.0,0,1.0
1838,10,HIS293,0.0,1.0,1,1.0
1839,1,GLU422,-1.0,0.0,0,-1.0
1839,2,GLU291,-1.0,0.0,0,-1.0
1839,3,HIS93,0.0,1.0,1,1.0
1839,4,TYR250,0.0,-1.0,0,0.0
1839,5,LYS28,1.0,0.0,0,1.0
1839,6,GLU291,-1.0,0.0,0,-1.0
1839,7,GLU22,-1.0,0.0,0,-1.0
1839,8,GLU3,-1.0,0.0,0,-1.0
1839,9,TYR10,0.0,-1.0,0,0.0
1839,10,ASP401,-1.0,0.0,0,-1.0
1840,1,LYS348,1.0,0.0,0,1.0
1840,2,HIS253,0.0,1.0,0,0.0
1840,3,LYS136,1.0,0.0,0,1.0
1840,4,ASP161,-1.0,0.0,0,-1.0
1840,5,GLU43,-1.0,0.0,0,-1.0
1840,6,ASP103,-1.0,0.0,0,-1.0
1840,7,ASP161,-1.0,0.0,0,-1.0
1840,8,LYS28,1.0,0.0,0,1.0
1840,9,TYR410,0.0,-1.0,0,0.0
1840,10,HIS53,1.0,0.0,1,0.0
1841,1,HIS173,0.0,1.0,0,0.0
1841,2,ASP281,-1.0,0.0,0,-1.0
1841,3,LYS176,1.0,0.0,0,1.0
1841,4,ASP143,-1.0,0.0,0,-1.0
1841,5,ASP407,-1.0,0.0,0,-1.0
1841,6,TYR170,0.0,-1.0,0,0.0
1841,7,ASP303,-1.0,0.0,0,-1.0
1841,8,LYS136,1.0,0.0,0,1.0
1841,9,HIS126,1.0,0.0,1,0.0
1841,10,GLU291,-1.0,0.0,0,-1.0
1842,1,HIS6,0.0,1.0,1,1.0
1842,2,HIS294,0.0,1.0,1,1.0
1842,3,LYS188,1.0,0.0,0,1.0
1842,4,GLU123,-1.0,0.0,0,-1.0
1842,5,HIS133,1.0,0.0,1,0.0
1842,6,ASP287,0.0,-1.0,1,-1.0
1842,7,HIS174,1.0,0.0,1,0.0
1842,8,HIS453,0.0,1.0,1,1.0
1842,9,LYS96,1.0,0.0,0,1.0
1842,10,ASP447,-1.0,0.0,0,-1.0
1843,1,GLU243,-1.0,0.0,0,-1.0
1843,2,LYS268,1.0,0.0,0,1.0
1843,3,GLU3,-1.0,0.0,0,-1.0
1843,4,GLU382,-1.0,0.0,0,-1.0
1843,5,LYS176,1.0,0.0,0,1.0
1843,6,TYR170,0.0,-1.0,0,0.0
1843,7,HIS53,0.0,1.0,0,0.0
1843,8,ASP361,-1.0,0.0,0,-1.0
1843,9,HIS333,1.0,0.0,1,0.0
1843,10,HIS46,0.0,1.0,1,1.0
1844,1,LYS336,1.0,0.0,0,1.0
1844,2,TYR250,0.0,-1.0,0,0.0
1844,3,ASP201,-1.0,0.0,0,-1.0
1844,4,GLU62,-1.0,0.0,0,-1.0
1844,5,ASP81,-1.0,0.0,0,-1.0
1844,6,ASP407,-1.0,0.0,0,-1.0
1844,7,ASP41,-1.0,0.0,0,-1.0
1844,8,HIS134,1.0,0.0,1,0.0
1844,9,LYS216,1.0,0.0,0,1.0
1844,10,HIS254,0.0,1.0,1,1.0
1845,1,ASP263,-1.0,0.0,0,-1.0
1845,2,LYS228,1.0,0.0,0,1.0
1845,3,ARG45,1.0,0.0,0,1.0
1845,4,GLU411,-1.0,0.0,0,-1.0
1845,5,GLU11,-1.0,0.0,0,-1.0
1845,6,HIS93,1.0,0.0,1,0.0
1845,7,GLU182,-1.0,0.0,0,-1.0
1845,8,LYS428,1.0,0.0,0,1.0
1845,9,ARG365,1.0,0.0,0,1.0
1845,10,LYS16,1.0,0.0,0,1.0
1846,1,GLU422,-1.0,0.0,0,-1.0
1846,2,HIS246,0.0,1.0,0,0.0
1846,3,ARG245,1.0,0.0,0,1.0
1846,4,ARG205,1.0,0.0,0,1.0
1846,5,LYS16,1.0,0.0,0,1.0
1846,6,GLU443,-1.0,0.0,1,0.0
1846,7,TYR410,0.0,-1.0,0,0.0
1846,8,LYS296,1.0,0.0,0,1.0
1846,9,ASP161,-1.0,0.0,0,-1.0
1846,10,TYR410,0.0,-1.0,0,0.0
1847,1,HIS94,1.0,0.0,1,0.0
1847,2,GLU283,-1.0,0.0,0,-1.0
1847,3,ASP423,-1.0,0.0,0,-1.0
1847,4,LYS176,1.0,0.0,0,1.0
1847,5,ASP63,-1.0,0.0,0,-1.0
1847,6,GLU102,-1.0,0.0,0,-1.0
1847,7,GLU171,-1.0,0.0,0,-1.0
1847,8,ASP41,-1.0,0.0,0,-1.0
1847,9,ASP127,-1.0,0.0,0,-1.0
1847,10,LYS68,1.0,0.0,0,1.0
1848,1,HIS93,0.0,1.0,0,0.0
1848,2,HIS373,1.0,0.0,1,0.0
1848,3,HIS246,0.0,1.0,1,1.0
1848,4,HIS454,0.0,1.0,0,0.0
1848,5,GLU182,-1.0,0.0,0,-1.0
1848,6,HIS293,1.0,0.0,1,0.0
1848,7,GLU211,-1.0,0.0,0,-1.0
1848,8,ASP423,-1.0,0.0,0,-1.0
1848,9,TYR450,0.0,-1.0,0,0.0
1848,10,LYS216,1.0,0.0,0,1.0
1849,1,HIS446,0.0,1.0,1,1.0
1849,2,ASP327,-1.0,0.0,0,-1.0
1849,3,GLU291,-1.0,0.0,0,-1.0
1849,4,GLU371,-1.0,0.0,0,-1.0
1849,5,GLU283,-1.0,0.0,0,-1.0
1849,6,HIS213,1.0,0.0,1,0.0
1849,7,HIS253,0.0,1.0,1,1.0
1849,8,LYS256,1.0,0.0,0,1.0
1849,9,GLU222,-1.0,0.0,0,-1.0
1849,10,GLU62,-1.0,0.0,0,-1.0
1850,1,HIS326,0.0,1.0,1,1.0
1850,2,TYR10,0.0,-1.0,0,0.0
1850,3,HIS86,1.0,0.0,1,0.0
1850,4,ASP183,-1.0,0.0,0,-1.0
1850,5,HIS213,0.0,1.0,0,0.0
1850,6,HIS326,1.0,0.0,1,0.0
1850,7,GLU51,-1.0,0.0,0,-1.0
1850,8,ASP241,-1.0,0.0,0,-1.0
1850,9,ASP127,-1.0,0.0,0,-1.0
1850,10,LYS256,1.0,0.0,0,1.0
1851,1,HIS294,1.0,0.0,1,0.0
1851,2,ARG285,1.0,0.0,0,1.0
1851,3,LYS468,1.0,0.0,0,1.0
1851,4,ASP167,-1.0,0.0,0,-1.0
1851,5,LYS96,1.0,0.0,0,1.0
1851,6,TYR370,0.0,-1.0,0,0.0
1851,7,GLU131,-1.0,0.0,0,-1.0
1851,8,ASP321,-1.0,0.0,0,-1.0
1851,9,ASP223,-1.0,0.0,0,-1.0
1851,10,GLU342,-1.0,0.0,0,-1.0
1852,1,GLU451,-1.0,0.0,0,-1.0
1852,2,ASP207,-1.0,0.0,0,-1.0
1852,3,LYS388,1.0,0.0,0,1.0
1852,4,GLU62,-1.0,0.0,0,-1.0
1852,5,ARG165,1.0,0.0,0,1.0
1852,6,HIS166,0.0,1.0,1,1.0
1852,7,LYS388,1.0,0.0,0,1.0
1852,8,HIS94,0.0,1.0,1,1.0
1852,9,ASP127,-1.0,0.0,0,-1.0
1852,10,HIS13,1.0,0.0,1,0.0
1853,1,HIS53,0.0,1.0,1,1.0
1853,2,TYR90,0.0,-1.0,0,0.0
1853,3,GLU171,-1.0,0.0,0,-1.0
1853,4,LYS268,1.0,0.0,0,1.0
1853,5,LYS456,1.0,0.0,1,0.0
1853,6,GLU443,0.0,-1.0,1,-1.0
1853,7,GLU443,-1.0,0.0,0,-1.0
1853,8,GLU51,-1.0,0.0,0,-1.0
1853,9,HIS134,0.0,1.0,0,0.0
1853,10,LYS256,1.0,0.0,0,1.0
1854,1,HIS326,0.0,1.0,1,1.0
1854,2,GLU83,-1.0,0.0,0,-1.0
1854,3,HIS366,0.0,1.0,1,1.0
1854,4,ASP103,-1.0,0.0,0,-1.0
1854,5,ASP47,-1.0,0.0,0,-1.0
1854,6,HIS166,1.0,0.0,1,0.0
1854,7,ASP321,-1.0,0.0,0,-1.0
1854,8,HIS54,0.0,1.0,0,0.0
1854,9,LYS28,1.0,0.0,0,1.0
1854,10,HIS174,0.0,1.0,1,1.0
1855,1,ASP223,-1.0,0.0,0,-1.0
1855,2,LYS388,1.0,0.0,0,1.0
1855,3,LYS456,0.0,1.0,1,1.0
1855,4,TYR130,0.0,-1.0,0,0.0
1855,5,LYS68,1.0,0.0,0,1.0
1855,6,ARG245,1.0,0.0,0,1.0
1855,7,ARG245,1.0,0.0,0,1.0
1855,8,GLU142,-1.0,0.0,0,-1.0
1855,9,HIS373,0.0,1.0,1,1.0
1855,10,ASP441,-1.0,0.0,0,-1.0
1856,1,TYR290,0.0,-1.0,0,0.0
1856,2,ASP287,-1.0,0.0,0,-1.0
1856,3,ARG205,1.0,0.0,0,1.0
1856,4,ARG205,1.0,0.0,0,1.0
1856,5,GLU331,-1.0,0.0,0,-1.0
1856,6,HIS46,1.0,0.0,1,0.0
1856,7,GLU222,-1.0,0.0,0,-1.0
1856,8,LYS268,1.0,0.0,0,1.0
1856,9,LYS96,1.0,0.0,0,1.0
1856,10,HIS454,0.0,1.0,0,0.0
1857,1,HIS46,0.0,1.0,1,1.0
1857,2,GLU91,-1.0,0.0,0,-1.0
1857,3,LYS268,1.0,0.0,0,1.0
1857,4,HIS134,0.0,1.0,0,0.0
1857,5,LYS336,1.0,0.0,0,1.0
1857,6,HIS133,0.0,1.0,0,0.0
1857,7,HIS206,0.0,1.0,1,1.0
1857,8,GLU331,-1.0,0.0,0,-1.0
1857,9,GLU371,-1.0,0.0,0,-1.0
1857,10,ASP201,-1.0,0.0,0,-1.0
1858,1,GLU11,-1.0,0.0,0,-1.0
1858,2,LYS348,1.0,0.0,0,1.0
1858,3,GLU243,-1.0,0.0,0,-1.0
1858,4,LYS136,1.0,0.0,0,1.0
1858,5,LYS188,1.0,0.0,0,1.0
1858,6,ASP63,-1.0,0.0,0,-1.0
1858,7,GLU83,-1.0,0.0,0,-1.0
1858,8,TYR210,0.0,-1.0,0,0.0
1858,9,TYR450,0.0,-1.0,0,0.0
1858,10,LYS148,1.0,0.0,0,1.0
1859,1,ASP1,-1.0,0.0,0,-1.0
1859,2,ASP281,-1.0,0.0,0,-1.0
1859,3,ARG165,1.0,0.0,0,1.0
1859,4,ASP183,-1.0,0.0,0,-1.0
1859,5,HIS246,1.0,0.0,1,0.0
1859,6,GLU382,-1.0,0.0,0,-1.0
1859,7,GLU382,-1.0,0.0,1,0.0
1859,8,HIS326,1.0,0.0,0,1.0
1859,9,ARG85,1.0,0.0,0,1.0
1859,10,ARG365,1.0,0.0,0,1.0
1860,1,GLU211,-1.0,0.0,0,-1.0
1860,2,TYR370,0.0,-1.0,0,0.0
1860,3,GLU422,-1.0,0.0,0,-1.0
1860,4,HIS334,0.0,1.0,0,0.0
1860,5,GLU371,-1.0,0.0,0,-1.0
1860,6,TYR50,0.0,-1.0,0,0.0
1860,7,TYR50,0.0,-1.0,0,0.0
1860,8,HIS174,1.0,0.0,1,0.0
1860,9,GLU363,-1.0,0.0,0,-1.0
1860,10,LYS428,1.0,0.0,0,1.0
1861,1,LYS228,1.0,0.0,0,1.0
1861,2,ARG405,1.0,0.0,0,1.0
1861,3,GLU163,-1.0,0.0,0,-1.0
1861,4,TYR410,0.0,-1.0,0,0.0
1861,5,ASP287,-1.0,0.0,0,-1.0
1861,6,LYS56,1.0,0.0,0,1.0
1861,7,TYR170,0.0,-1.0,0,0.0
1861,8,GLU251,-1.0,0.0,0,-1.0
1861,9,GLU222,-1.0,0.0,0,-1.0
1861,10,ARG45,1.0,0.0,0,1.0
1862,1,ASP161,-1.0,0.0,0,-1.0
1862,2,HIS333,0.0,1.0,1,1.0
1862,3,HIS133,0.0,1.0,1,1.0
1862,4,ASP423,-1.0,0.0,0,-1.0
1862,5,ASP207,-1.0,0.0,0,-1.0
1862,6,LYS16,1.0,0.0,0,1.0
1862,7,HIS206,1.0,0.0,1,0.0
1862,8,GLU3,-1.0,0.0,0,-1.0
1862,9,GLU131,-1.0,0.0,0,-1.0
1862,10,LYS16,1.0,0.0,0,1.0
1863,1,LYS96,1.0,0.0,0,1.0
1863,2,GLU451,-1.0,0.0,0,-1.0
1863,3,HIS294,0.0,1.0,1,1.0
1863,4,TYR170,0.0,-1.0,0,0.0
1863,5,HIS54,0.0,1.0,0,0.0
1863,6,ASP41,-1.0,0.0,0,-1.0
1863,7,ASP47,-1.0,0.0,0,-1.0
1863,8,ASP401,-1.0,0.0,0,-1.0
1863,9,HIS206,0.0,1.0,1,1.0
1863,10,LYS28,1.0,0.0,0,1.0
1864,1,LYS68,1.0,0.0,0,1.0
1864,2,ASP281,-1.0,0.0,0,-1.0
1864,3,HIS413,0.0,1.0,0,0.0
1864,4,GLU302,-1.0,0.0,0,-1.0
1864,5,ASP47,-1.0,0.0,0,-1.0
1864,6,ASP63,-1.0,0.0,0,-1.0
1864,7,TYR90,0.0,-1.0,0,0.0
1864,8,GLU142,-1.0,0.0,0,-1.0
1864,9,ASP161,-1.0,0.0,0,-1.0
1864,10,GLU102,-1.0,0.0,0,-1.0
1865,1,ARG125,1.0,0.0,0,1.0
1865,2,HIS246,0.0,1.0,0,0.0
1865,3,LYS228,1.0,0.0,0,1.0
1865,4,HIS406,1.0,0.0,1,0.0
1865,5,GLU251,-1.0,0.0,0,-1.0
1865,6,HIS286,0.0,1.0,1,1.0
1865,7,GLU22,-1.0,0.0,0,-1.0
1865,8,GLU142,-1.0,0.0,0,-1.0
1865,9,GLU283,-1.0,0.0,0,-1.0
1865,10,GLU182,-1.0,0.0,0,-1.0
1866,1,TYR90,0.0,-1.0,0,0.0
1866,2,LYS268,1.0,0.0,0,1.0
1866,3,TYR370,0.0,-1.0,0,0.0
1866,4,GLU451,-1.0,0.0,0,-1.0
1866,5,LYS136,1.0,0.0,0,1.0
1866,6,ASP343,-1.0,0.0,0,-1.0
1866,7,LYS268,1.0,0.0,0,1.0
1866,8,GLU403,-1.0,0.0,0,-1.0
1866,9,ARG325,1.0,0.0,0,1.0
1866,10,HIS46,1.0,0.0,1,0.0
1867,1,TYR210,0.0,-1.0,0,0.0
1867,2,HIS446,1.0,0.0,1,0.0
1867,3,HIS6,1.0,0.0,1,0.0
1867,4,GLU411,-1.0,0.0,0,-1.0
1867,5,ASP441,-1.0,0.0,0,-1.0
1867,6,TYR210,0.0,-1.0,0,0.0
1867,7,HIS333,1.0,0.0,1,0.0
1867,8,ASP247,-1.0,0.0,0,-1.0
1867,9,LYS188,1.0,0.0,0,1.0
1867,10,ARG445,1.0,0.0,0,1.0
1868,1,GLU62,-1.0,0.0,0,-1.0
1868,2,ASP7,-1.0,0.0,0,-1.0
1868,3,LYS188,1.0,0.0,0,1.0
1868,4,HIS214,0.0,1.0,0,0.0
1868,5,GLU3,-1.0,0.0,0,-1.0
1868,6,HIS126,0.0,1.0,1,1.0
1868,7,HIS406,0.0,1.0,1,1.0
1868,8,GLU131,-1.0,0.0,0,-1.0
1868,9,LYS176,1.0,0.0,0,1.0
1868,10,TYR170,0.0,-1.0,0,0.0
1869,1,HIS374,0.0,1.0,0,0.0
1869,2,ASP143,-1.0,0.0,0,-1.0
1869,3,ASP183,-1.0,0.0,0,-1.0
1869,4,GLU102,-1.0,0.0,0,-1.0
1869,5,TYR370,0.0,-1.0,0,0.0
1869,6,HIS6,0.0,1.0,0,0.0
1869,7,GLU302,-1.0,0.0,0,-1.0
1869,8,HIS86,0.0,1.0,1,1.0
1869,9,HIS334,0.0,1.0,1,1.0
1869,10,HIS166,0.0,1.0,1,1.0
1870,1,GLU62,-1.0,0.0,0,-1.0
1870,2,HIS46,0.0,1.0,1,1.0
1870,3,ASP7,-1.0,0.0,0,-1.0
1870,4,HIS54,0.0,1.0,0,0.0
1870,5,LYS468,1.0,0.0,0,1.0
1870,6,LYS308,1.0,0.0,0,1.0
1870,7,HIS14,0.0,1.0,1,1.0
1870,8,ASP383,-1.0,0.0,0,-1.0
1870,9,LYS456,1.0,0.0,0,1.0
1870,10,LYS216,1.0,0.0,0,1.0
1871,1,ASP407,-1.0,0.0,0,-1.0
1871,2,LYS108,1.0,0.0,0,1.0
1871,3,ASP87,-1.0,0.0,0,-1.0
1871,4,HIS254,1.0,0.0,1,0.0
1871,5,GLU222,-1.0,0.0,0,-1.0
1871,6,TYR250,0.0,-1.0,0,0.0
1871,7,HIS6,0.0,1.0,1,1.0
1871,8,LYS28,1.0,0.0,0,1.0
1871,9,TYR50,0.0,-1.0,0,0.0
1871,10,GLU102,-1.0,0.0,0,-1.0
1872,1,GLU11,-1.0,0.0,0,-1.0
1872,2,ARG125,1.0,0.0,0,1.0
1872,3,HIS174,0.0,1.0,1,1.0
1872,4,ASP167,-1.0,0.0,0,-1.0
1872,5,LYS228,1.0,0.0,0,1.0
1872,6,HIS214,0.0,1.0,1,1.0
1872,7,GLU83,-1.0,0.0,0,-1.0
1872,8,TYR330,0.0,-1.0,0,0.0
1872,9,GLU382,0.0,-1.0,1,-1.0
1872,10,TYR130,0.0,-1.0,0,0.0
1873,1,LYS108,1.0,0.0,0,1.0
1873,2,HIS326,1.0,0.0,1,0.0
1873,3,ARG85,1.0,0.0,0,1.0
1873,4,HIS454,0.0,1.0,0,0.0
1873,5,HIS406,1.0,0.0,1,0.0
1873,6,LYS176,1.0,0.0,0,1.0
1873,7,TYR370,0.0,-1.0,0,0.0
1873,8,ASP23,-1.0,0.0,0,-1.0
1873,9,LYS148,1.0,0.0,0,1.0
1873,10,GLU62,-1.0,0.0,0,-1.0
1874,1,LYS96,1.0,0.0,0,1.0
1874,2,ASP327,-1.0,0.0,0,-1.0
1874,3,ASP407,-1.0,0.0,0,-1.0
1874,4,GLU302,-1.0,0.0,0,-1.0
1874,5,LYS308,1.0,0.0,0,1.0
1874,6,GLU371,-1.0,0.0,0,-1.0
1874,7,ASP41,-1.0,0.0,0,-1.0
1874,8,HIS413,0.0,1.0,1,1.0
1874,9,HIS134,0.0,1.0,0,0.0
1874,10,LYS416,1.0,0.0,0,1.0
1875,1,GLU363,-1.0,0.0,0,-1.0
1875,2,ASP121,-1.0,0.0,0,-1.0
1875,3,TYR250,0.0,-1.0,0,0.0
1875,4,HIS94,1.0,0.0,1,0.0
1875,5,ASP143,-1.0,0.0,0,-1.0
1875,6,GLU11,-1.0,0.0,0,-1.0
1875,7,ASP343,-1.0,0.0,0,-1.0
1875,8,TYR410,0.0,-1.0,0,0.0
1875,9,ASP281,-1.0,0.0,0,-1.0
1875,10,HIS246,0.0,1.0,1,1.0
1876,1,ASP201,-1.0,0.0,0,-1.0
1876,2,HIS413,1.0,0.0,1,0.0
1876,3,HIS166,1.0,0.0,1,0.0
1876,4,HIS134,0.0,1.0,0,0.0
1876,5,LYS176,1.0,0.0,0,1.0
1876,6,ARG365,1.0,0.0,0,1.0
1876,7,ASP121,-1.0,0.0,0,-1.0
1876,8,LYS176,1.0,0.0,0,1.0
1876,9,GLU371,-1.0,0.0,0,-1.0
1876,10,HIS93,0.0,1.0,1,1.0
1877,1,TYR130,0.0,-1.0,0,0.0
1877,2,ASP361,-1.0,0.0,0,-1.0
1877,3,TYR170,0.0,-1.0,0,0.0
1877,4,GLU411,-1.0,0.0,0,-1.0
1877,5,GLU443,-1.0,0.0,0,-1.0
1877,6,HIS133,1.0,0.0,1,0.0
1877,7,GLU91,-1.0,0.0,0,-1.0
1877,8,GLU91,-1.0,0.0,0,-1.0
1877,9,ASP263,-1.0,0.0,0,-1.0
1877,10,HIS334,1.0,0.0,1,0.0
1878,1,ASP207,-1.0,0.0,0,-1.0
1878,2,GLU422,-1.0,0.0,0,-1.0
1878,3,ASP183,-1.0,0.0,0,-1.0
1878,4,ASP383,-1.0,0.0,0,-1.0
1878,5,HIS54,0.0,1.0,0,0.0
1878,6,GLU411,-1.0,0.0,0,-1.0
1878,7,ARG365,1.0,0.0,0,1.0
1878,8,HIS14,1.0,0.0,1,0.0
1878,9,ARG205,1.0,0.0,0,1.0
1878,10,HIS454,0.0,1.0,0,0.0
1879,1,HIS166,0.0,1.0,1,1.0
1879,2,HIS453,1.0,0.0,1,0.0
1879,3,GLU462,0.0,-1.0,0,0.0
1879,4,ASP121,-1.0,0.0,0,-1.0
1879,5,LYS216,1.0,0.0,0,1.0
1879,6,TYR10,0.0,-1.0,0,0.0
1879,7,HIS173,0.0,1.0,1,1.0
1879,8,LYS376,1.0,0.0,0,1.0
1879,9,GLU11,-1.0,0.0,0,-1.0
1879,10,GLU451,-1.0,0.0,0,-1.0
1880,1,LYS336,1.0,0.0,0,1.0
1880,2,HIS166,1.0,0.0,1,0.0
1880,3,LYS416,1.0,0.0,0,1.0
1880,4,ASP121,-1.0,0.0,0,-1.0
1880,5,GLU43,-1.0,0.0,0,-1.0
1880,6,LYS228,1.0,0.0,0,1.0
1880,7,LYS348,1.0,0.0,0,1.0
1880,8,HIS246,1.0,0.0,1,0.0
1880,9,GLU291,-1.0,0.0,0,-1.0
1880,10,HIS246,0.0,1.0,0,0.0
1881,1,GLU291,-1.0,0.0,0,-1.0
1881,2,LYS228,1.0,0.0,0,1.0
1881,3,ARG165,1.0,0.0,0,1.0
1881,4,HIS414,0.0,1.0,0,0.0
1881,5,ASP247,-1.0,0.0,0,-1.0
1881,6,HIS246,0.0,1.0,1,1.0
1881,7,LYS16,1.0,0.0,0,1.0
1881,8,ASP223,-1.0,0.0,0,-1.0
1881,9,ASP361,-1.0,0.0,0,-1.0
1881,10,HIS13,0.0,1.0,0,0.0
1882,1,ARG285,1.0,0.0,0,1.0
1882,2,LYS376,1.0,0.0,0,1.0
1882,3,HIS253,1.0,0.0,1,0.0
1882,4,HIS413,0.0,1.0,1,1.0
1882,5,ASP401,-1.0,0.0,0,-1.0
1882,6,GLU262,-1.0,0.0,0,-1.0
1882,7,HIS134,0.0,1.0,0,0.0
1882,8,HIS206,1.0,0.0,1,0.0
1882,9,HIS134,0.0,1.0,0,0.0
1882,10,GLU443,-1.0,0.0,0,-1.0
1883,1,LYS136,1.0,0.0,0,1.0
1883,2,GLU11,-1.0,0.0,0,-1.0
1883,3,ASP127,-1.0,0.0,0,-1.0
1883,4,HIS53,1.0,0.0,1,0.0
1883,5,ARG285,1.0,0.0,0,1.0
1883,6,GLU203,-1.0,0.0,0,-1.0
1883,7,ARG45,1.0,0.0,0,1.0
1883,8,HIS413,1.0,0.0,1,0.0
1883,9,HIS246,1.0,0.0,1,0.0
1883,10,LYS336,1.0,0.0,0,1.0
1884,1,LYS28,1.0,0.0,0,1.0
1884,2,HIS166,0.0,1.0,1,1.0
1884,3,HIS134,0.0,1.0,1,1.0
1884,4,HIS334,0.0,1.0,1,1.0
1884,5,ARG165,1.0,0.0,0,1.0
1884,6,HIS14,0.0,1.0,1,1.0
1884,7,HIS54,0.0,1.0,1,1.0
1884,8,ASP23,-1.0,0.0,0,-1.0
1884,9,ASP7,-1.0,0.0,0,-1.0
1884,10,LYS388,1.0,0.0,0,1.0
1885,1,LYS136,1.0,0.0,0,1.0
1885,2,HIS294,1.0,0.0,0,1.0
1885,3,ASP343,-1.0,0.0,0,-1.0
1885,4,HIS14,1.0,0.0,1,0.0
1885,5,GLU182,-1.0,0.0,0,-1.0
1885,6,GLU142,-1.0,0.0,0,-1.0
1885,7,GLU43,-1.0,0.0,0,-1.0
1885,8,HIS413,0.0,1.0,0,0.0
1885,9,GLU262,-1.0,0.0,0,-1.0
1885,10,GLU323,-1.0,0.0,0,-1.0
1886,1,ASP223,-1.0,0.0,0,-1.0
1886,2,ARG445,1.0,0.0,0,1.0
1886,3,HIS6,1.0,0.0,1,0.0
1886,4,HIS374,0.0,1.0,1,1.0
1886,5,LYS28,1.0,0.0,0,1.0
1886,6,GLU422,-1.0,0.0,0,-1.0
1886,7,HIS213,0.0,1.0,1,1.0
1886,8,ASP87,-1.0,0.0,0,-1.0
1886,9,TYR50,0.0,-1.0,0,0.0
1886,10,HIS214,1.0,0.0,1,0.0
1887,1,HIS373,1.0,0.0,1,0.0
1887,2,ASP343,-1.0,0.0,0,-1.0
1887,3,GLU142,-1.0,0.0,0,-1.0
1887,4,ASP47,-1.0,0.0,0,-1.0
1887,5,GLU11,-1.0,0.0,0,-1.0
1887,6,ASP263,-1.0,0.0,0,-1.0
1887,7,ASP303,-1.0,0.0,0,-1.0
1887,8,ARG445,1.0,0.0,0,1.0
1887,9,HIS174,1.0,0.0,1,0.0
1887,10,ASP423,-1.0,0.0,0,-1.0
1888,1,HIS413,0.0,1.0,0,0.0
1888,2,ASP401,-1.0,0.0,0,-1.0
1888,3,LYS176,1.0,0.0,0,1.0
1888,4,TYR330,0.0,-1.0,0,0.0
1888,5,LYS428,1.0,0.0,0,1.0
1888,6,HIS126,1.0,0.0,1,0.0
1888,7,ASP121,-1.0,0.0,0,-1.0
1888,8,HIS174,0.0,1.0,1,1.0
1888,9,GLU142,-1.0,0.0,0,-1.0
1888,10,ARG365,1.0,0.0,0,1.0
1889,1,HIS133,0.0,1.0,0,0.0
1889,2,ASP287,-1.0,0.0,0,-1.0
1889,3,GLU451,-1.0,0.0,0,-1.0
1889,4,GLU211,-1.0,0.0,0,-1.0
1889,5,HIS126,0.0,1.0,1,1.0
1889,6,TYR450,0.0,-1.0,0,0.0
1889,7,ASP207,-1.0,0.0,0,-1.0
1889,8,HIS366,1.0,0.0,1,0.0
1889,9,ASP303,-1.0,0.0,0,-1.0
1889,10,TYR250,0.0,-1.0,0,0.0
1890,1,GLU123,-1.0,0.0,0,-1.0
1890,2,LYS308,1.0,0.0,0,1.0
1890,3,ASP167,-1.0,0.0,0,-1.0
1890,4,GLU182,-1.0,0.0,0,-1.0
1890,5,ASP367,-1.0,0.0,0,-1.0
1890,6,GLU211,-1.0,0.0,0,-1.0
1890,7,ASP407,-1.0,0.0,0,-1.0
1890,8,HIS93,1.0,0.0,1,0.0
1890,9,ASP287,-1.0,0.0,0,-1.0
1890,10,HIS334,1.0,0.0,1,0.0
1891,1,HIS374,1.0,0.0,1,0.0
1891,2,TYR330,0.0,-1.0,0,0.0
1891,3,GLU163,-1.0,0.0,0,-1.0
1891,4,LYS428,1.0,0.0,0,1.0
1891,5,HIS13,0.0,1.0,1,1.0
1891,6,GLU3,-1.0,0.0,0,-1.0
1891,7,GLU331,-1.0,0.0,0,-1.0
1891,8,TYR410,0.0,-1.0,0,0.0
1891,9,HIS413,0.0,1.0,0,0.0
1891,10,LYS268,1.0,0.0,0,1.0
1892,1,HIS94,0.0,1.0,0,0.0
1892,2,ASP441,-1.0,0.0,0,-1.0
1892,3,HIS453,0.0,1.0,1,1.0
1892,4,HIS406,0.0,1.0,1,1.0
1892,5,ASP127,-1.0,0.0,0,-1.0
1892,6,HIS174,1.0,0.0,1,0.0
1892,7,ARG205,1.0,0.0,0,1.0
1892,8,ASP343,-1.0,0.0,0,-1.0
1892,9,ARG45,1.0,0.0,0,1.0
1892,10,ASP103,-1.0,0.0,0,-1.0
1893,1,HIS93,0.0,1.0,1,1.0
1893,2,GLU283,-1.0,0.0,0,-1.0
1893,3,GLU422,-1.0,0.0,0,-1.0
1893,4,ARG5,1.0,0.0,0,1.0
1893,5,LYS308,1.0,0.0,0,1.0
1893,6,HIS206,0.0,1.0,1,1.0
1893,7,TYR290,0.0,-1.0,0,0.0
1893,8,HIS54,1.0,0.0,1,0.0
1893,9,HIS214,0.0,1.0,0,0.0
1893,10,LYS336,1.0,0.0,0,1.0
1894,1,TYR130,0.0,-1.0,0,0.0
1894,2,GLU203,-1.0,0.0,0,-1.0
1894,3,HIS133,0.0,1.0,0,0.0
1894,4,ARG405,1.0,0.0,0,1.0
1894,5,TYR10,0.0,-1.0,0,0.0
1894,6,HIS14,0.0,1.0,0,0.0
1894,7,ASP207,-1.0,0.0,0,-1.0
1894,8,GLU323,-1.0,0.0,0,-1.0
1894,9,TYR330,0.0,-1.0,0,0.0
1894,10,ASP161,-1.0,0.0,0,-1.0
1895,1,ASP1,-1.0,0.0,0,-1.0
1895,2,LYS176,1.0,0.0,0,1.0
1895,3,ASP23,-1.0,0.0,0,-1.0
1895,4,ARG245,1.0,0.0,0,1.0
1895,5,ARG205,1.0,0.0,0,1.0
1895,6,GLU163,-1.0,0.0,0,-1.0
1895,7,ASP41,-1.0,0.0,0,-1.0
1895,8,GLU182,-1.0,0.0,0,-1.0
1895,9,HIS46,1.0,0.0,1,0.0
1895,10,GLU43,-1.0,0.0,0,-1.0
1896,1,ARG285,1.0,0.0,0,1.0
1896,2,GLU363,-1.0,0.0,0,-1.0
1896,3,GLU171,-1.0,0.0,0,-1.0
1896,4,HIS366,0.0,1.0,1,1.0
1896,5,HIS413,0.0,1.0,1,1.0
1896,6,LYS56,1.0,0.0,0,1.0
1896,7,LYS376,1.0,0.0,0,1.0
1896,8,ASP161,-1.0,0.0,0,-1.0
1896,9,TYR370,0.0,-1.0,0,0.0
1896,10,TYR10,0.0,-1.0,0,0.0
1897,1,ASP383,-1.0,0.0,0,-1.0
1897,2,ARG45,1.0,0.0,0,1.0
1897,3,HIS214,0.0,1.0,1,1.0
1897,4,LYS16,1.0,0.0,0,1.0
1897,5,LYS308,1.0,0.0,0,1.0
1897,6,LYS176,1.0,0.0,0,1.0
1897,7,GLU382,-1.0,0.0,0,-1.0
1897,8,HIS286,1.0,0.0,1,0.0
1897,9,GLU182,-1.0,0.0,0,-1.0
1897,10,HIS414,0.0,1.0,0,0.0
1898,1,TYR290,0.0,-1.0,0,0.0
1898,2,GLU323,-1.0,0.0,0,-1.0
1898,3,ARG125,1.0,0.0,0,1.0
1898,4,GLU11,-1.0,0.0,0,-1.0
1898,5,HIS454,0.0,1.0,0,0.0
1898,6,HIS213,1.0,0.0,1,0.0
1898,7,ARG125,1.0,0.0,0,1.0
1898,8,GLU142,-1.0,0.0,0,-1.0
1898,9,ASP447,-1.0,0.0,0,-1.0
1898,10,HIS253,0.0,1.0,1,1.0
1899,1,HIS206,1.0,0.0,1,0.0
1899,2,LYS308,1.0,0.0,0,1.0
1899,3,GLU211,-1.0,0.0,0,-1.0
1899,4,HIS93,1.0,0.0,1,0.0
1899,5,HIS366,1.0,0.0,1,0.0
1899,6,ASP247,-1.0,0.0,0,-1.0
1899,7,TYR410,0.0,-1.0,0,0.0
1899,8,GLU462,0.0,-1.0,0,0.0
1899,9,ASP103,-1.0,0.0,0,-1.0
1899,10,ASP81,-1.0,0.0,0,-1.0
1900,1,GLU62,-1.0,0.0,0,-1.0
1900,2,HIS413,1.0,0.0,1,0.0
1900,3,HIS13,1.0,0.0,1,0.0
1900,4,GLU302,-1.0,0.0,0,-1.0
1900,5,ASP207,-1.0,0.0,0,-1.0
1900,6,GLU291,-1.0,0.0,0,-1.0
1900,7,HIS166,1.0,0.0,1,0.0
1900,8,ASP7,-1.0,0.0,0,-1.0
1900,9,HIS173,1.0,0.0,1,0.0
1900,10,GLU163,-1.0,0.0,0,-1.0
1901,1,GLU291,-1.0,0.0,0,-1.0
1901,2,GLU3,-1.0,0.0,0,-1.0
1901,3,GLU123,-1.0,0.0,0,-1.0
1901,4,TYR290,0.0,-1.0,0,0.0
1901,5,HIS54,0.0,1.0,1,1.0
1901,6,HIS206,0.0,1.0,0,0.0
1901,7,HIS6,0.0,1.0,1,1.0
1901,8,GLU203,-1.0,0.0,0,-1.0
1901,9,GLU291,-1.0,0.0,0,-1.0
1901,10,ASP121,-1.0,0.0,0,-1.0
1902,1,ASP23,-1.0,0.0,0,-1.0
1902,2,ARG85,1.0,0.0,0,1.0
1902,3,HIS166,0.0,1.0,0,0.0
1902,4,LYS228,1.0,0.0,0,1.0
1902,5,ASP241,-1.0,0.0,0,-1.0
1902,6,ASP1,-1.0,0.0,0,-1.0
1902,7,HIS94,0.0,1.0,0,0.0
1902,8,LYS56,1.0,0.0,0,1.0
1902,9,TYR90,0.0,-1.0,0,0.0
1902,10,GLU462,0.0,-1.0,0,0.0
1903,1,HIS253,1.0,0.0,1,0.0
1903,2,TYR50,0.0,-1.0,0,0.0
1903,3,ASP303,-1.0,0.0,0,-1.0
1903,4,ASP447,-1.0,0.0,0,-1.0
1903,5,ASP201,-1.0,0.0,0,-1.0
1903,6,ASP47,-1.0,0.0,0,-1.0
1903,7,ASP127,-1.0,0.0,0,-1.0
1903,8,GLU451,-1.0,0.0,0,-1.0
1903,9,HIS134,1.0,0.0,1,0.0
1903,10,LYS176,1.0,0.0,0,1.0
1904,1,LYS216,1.0,0.0,0,1.0
1904,2,TYR250,0.0,-1.0,0,0.0
1904,3,GLU342,-1.0,0.0,0,-1.0
1904,4,ASP281,-1.0,0.0,0,-1.0
1904,5,GLU91,-1.0,0.0,0,-1.0
1904,6,HIS86,1.0,0.0,0,1.0
1904,7,LYS336,1.0,0.0,0,1.0
1904,8,GLU131,-1.0,0.0,0,-1.0
1904,9,LYS28,1.0,0.0,0,1.0
1904,10,GLU342,-1.0,0.0,0,-1.0
1905,1,TYR210,0.0,-1.0,0,0.0
1905,2,HIS366,0.0,1.0,1,1.0
1905,3,ASP167,-1.0,0.0,0,-1.0
1905,4,TYR290,0.0,-1.0,0,0.0
1905,5,HIS446,0.0,1.0,1,1.0
1905,6,HIS133,0.0,1.0,1,1.0
1905,7,HIS414,0.0,1.0,0,0.0
1905,8,GLU323,-1.0,0.0,0,-1.0
1905,9,LYS308,1.0,0.0,0,1.0
1905,10,LYS148,1.0,0.0,0,1.0
1906,1,LYS136,1.0,0.0,0,1.0
1906,2,ASP7,-1.0,0.0,0,-1.0
1906,3,HIS133,1.0,0.0,1,0.0
1906,4,ARG165,1.0,0.0,0,1.0
1906,5,TYR330,0.0,-1.0,0,0.0
1906,6,HIS253,0.0,1.0,0,0.0
1906,7,ASP7,-1.0,0.0,0,-1.0
1906,8,HIS326,0.0,1.0,1,1.0
1906,9,LYS468,1.0,0.0,0,1.0
1906,10,TYR50,0.0,-1.0,0,0.0
1907,1,HIS294,1.0,0.0,1,0.0
1907,2,ARG365,1.0,0.0,0,1.0
1907,3,GLU443,-1.0,0.0,0,-1.0
1907,4,HIS253,0.0,1.0,1,1.0
1907,5,TYR10,0.0,-1.0,0,0.0
1907,6,ASP183,-1.0,0.0,0,-1.0
1907,7,GLU342,-1.0,0.0,1,0.0
1907,8,TYR290,0.0,-1.0,0,0.0
1907,9,LYS96,1.0,0.0,0,1.0
1907,10,HIS334,0.0,1.0,1,1.0
1908,1,LYS348,1.0,0.0,0,1.0
1908,2,ASP207,-1.0,0.0,0,-1.0
1908,3,ASP327,-1.0,0.0,0,-1.0
1908,4,HIS293,0.0,1.0,1,1.0
1908,5,LYS16,1.0,0.0,0,1.0
1908,6,ASP263,-1.0,0.0,0,-1.0
1908,7,ASP327,-1.0,0.0,0,-1.0
1908,8,ASP287,-1.0,0.0,0,-1.0
1908,9,TYR290,0.0,-1.0,0,0.0
1908,10,LYS256,1.0,0.0,0,1.0
1909,1,LYS348,1.0,0.0,0,1.0
1909,2,ARG45,1.0,0.0,0,1.0
1909,3,LYS388,1.0,0.0,0,1.0
1909,4,LYS428,1.0,0.0,0,1.0
1909,5,HIS413,0.0,1.0,0,0.0
1909,6,HIS246,0.0,1.0,0,0.0
1909,7,ASP343,-1.0,0.0,0,-1.0
1909,8,ARG245,1.0,0.0,0,1.0
1909,9,HIS453,1.0,0.0,1,0.0
1909,10,HIS94,0.0,1.0,0,0.0
1910,1,GLU91,-1.0,0.0,0,-1.0
1910,2,GLU91,-1.0,0.0,0,-1.0
1910,3,ASP63,-1.0,0.0,0,-1.0
1910,4,HIS126,1.0,0.0,0,1.0
1910,5,GLU3,-1.0,0.0,0,-1.0
1910,6,GLU211,-1.0,0.0,0,-1.0
1910,7,LYS148,1.0,0.0,0,1.0
1910,8,HIS446,1.0,0.0,1,0.0
1910,9,GLU411,-1.0,0.0,0,-1.0
1910,10,GLU211,-1.0,0.0,0,-1.0
1911,1,HIS326,1.0,0.0,0,1.0
1911,2,GLU3,-1.0,0.0,0,-1.0
1911,3,GLU51,-1.0,0.0,0,-1.0
1911,4,LYS28,1.0,0.0,0,1.0
1911,5,ASP447,-1.0,0.0,0,-1.0
1911,6,LYS336,1.0,0.0,0,1.0
1911,7,LYS68,1.0,0.0,0,1.0
1911,8,GLU3,-1.0,0.0,0,-1.0
1911,9,ASP167,-1.0,0.0,0,-1.0
1911,10,TYR250,0.0,-1.0,0,0.0
1912,1,HIS126,1.0,0.0,1,0.0
1912,2,ARG5,1.0,0.0,0,1.0
1912,3,TYR330,0.0,-1.0,0,0.0
1912,4,LYS468,1.0,0.0,0,1.0
1912,5,HIS174,0.0,1.0,1,1.0
1912,6,LYS56,1.0,0.0,0,1.0
1912,7,ARG5,1.0,0.0,0,1.0
1912,8,ASP287,-1.0,0.0,0,-1.0
1912,9,ASP7,-1.0,0.0,0,-1.0
1912,10,HIS446,0.0,1.0,1,1.0
1913,1,ASP241,-1.0,0.0,0,-1.0
1913,2,ASP81,-1.0,0.0,0,-1.0
1913,3,TYR130,0.0,-1.0,0,0.0
1913,4,ASP201,-1.0,0.0,0,-1.0
1913,5,HIS446,1.0,0.0,1,0.0
1913,6,LYS256,1.0,0.0,0,1.0
1913,7,ASP303,-1.0,0.0,0,-1.0
1913,8,GLU51,-1.0,0.0,0,-1.0
1913,9,LYS68,1.0,0.0,0,1.0
1913,10,ASP87,-1.0,0.0,0,-1.0
1914,1,ARG405,1.0,0.0,0,1.0
1914,2,HIS46,0.0,1.0,1,1.0
1914,3,GLU422,-1.0,0.0,0,-1.0
1914,4,ARG5,1.0,0.0,0,1.0
1914,5,LYS376,1.0,0.0,0,1.0
1914,6,ARG285,1.0,0.0,0,1.0
1914,7,HIS413,0.0,1.0,0,0.0
1914,8,LYS456,1.0,0.0,0,1.0
1914,9,HIS166,0.0,1.0,1,1.0
1914,10,ARG85,1.0,0.0,0,1.0
1915,1,ASP23,-1.0,0.0,0,-1.0
1915,2,GLU283,-1.0,0.0,0,-1.0
1915,3,ASP423,-1.0,0.0,0,-1.0
1915,4,GLU331,-1.0,0.0,0,-1.0
1915,5,GLU62,-1.0,0.0,0,-1.0
1915,6,TYR170,0.0,-1.0,0,0.0
1915,7,TYR10,0.0,-1.0,0,0.0
1915,8,ASP87,-1.0,0.0,0,-1.0
1915,9,GLU131,-1.0,0.0,0,-1.0
1915,10,GLU291,-1.0,0.0,0,-1.0
1916,1,TYR170,0.0,-1.0,0,0.0
1916,2,ASP383,-1.0,0.0,0,-1.0
1916,3,HIS414,0.0,1.0,0,0.0
1916,4,GLU451,-1.0,0.0,0,-1.0
1916,5,LYS28,1.0,0.0,0,1.0
1916,6,GLU163,-1.0,0.0,0,-1.0
1916,7,ASP327,-1.0,0.0,0,-1.0
1916,8,ASP41,-1.0,0.0,0,-1.0
1916,9,HIS293,1.0,0.0,1,0.0
1916,10,GLU251,-1.0,0.0,0,-1.0
1917,1,GLU302,-1.0,0.0,0,-1.0
1917,2,ASP361,-1.0,0.0,0,-1.0
1917,3,GLU443,-1.0,0.0,0,-1.0
1917,4,ASP423,-1.0,0.0,0,-1.0
1917,5,ASP361,-1.0,0.0,0,-1.0
1917,6,ASP47,-1.0,0.0,0,-1.0
1917,7,ASP343,-1.0,0.0,0,-1.0
1917,8,HIS94,0.0,1.0,0,0.0
1917,9,TYR250,0.0,-1.0,0,0.0
1917,10,HIS94,0.0,1.0,0,0.0
1918,1,LYS108,1.0,0.0,0,1.0
1918,2,ASP81,-1.0,0.0,0,-1.0
1918,3,ASP23,-1.0,0.0,0,-1.0
1918,4,LYS456,1.0,0.0,0,1.0
1918,5,LYS308,1.0,0.0,0,1.0
1918,6,GLU462,0.0,-1.0,0,0.0
1918,7,HIS413,0.0,1.0,0,0.0
1918,8,HIS166,1.0,0.0,1,0.0
1918,9,LYS428,1.0,0.0,0,1.0
1918,10,HIS286,0.0,1.0,1,1.0
1919,1,GLU251,-1.0,0.0,0,-1.0
1919,2,ASP463,-1.0,0.0,0,-1.0
1919,3,TYR290,0.0,-1.0,0,0.0
1919,4,HIS173,0.0,1.0,1,1.0
1919,5,HIS54,1.0,0.0,1,0.0
1919,6,ARG45,1.0,0.0,0,1.0
1919,7,ASP463,-1.0,0.0,0,-1.0
1919,8,GLU3,-1.0,0.0,0,-1.0
1919,9,LYS388,1.0,0.0,0,1.0
1919,10,HIS214,1.0,0.0,1,0.0
1920,1,HIS6,1.0,0.0,1,0.0
1920,2,HIS254,0.0,1.0,1,1.0
1920,3,ARG285,1.0,0.0,0,1.0
1920,4,ASP103,-1.0,0.0,0,-1.0
1920,5,ARG445,1.0,0.0,0,1.0
1920,6,ASP407,-1.0,0.0,0,-1.0
1920,7,LYS96,1.0,0.0,0,1.0
1920,8,HIS166,0.0,1.0,1,1.0
1920,9,ASP143,-1.0,0.0,0,-1.0
1920,10,GLU363,-1.0,0.0,0,-1.0
1921,1,HIS126,0.0,1.0,1,1.0
1921,2,GLU451,-1.0,0.0,0,-1.0
1921,3,GLU323,-1.0,0.0,0,-1.0
1921,4,ASP423,-1.0,0.0,0,-1.0
1921,5,GLU131,-1.0,0.0,0,-1.0
1921,6,ARG445,1.0,0.0,0,1.0
1921,7,HIS406,1.0,0.0,1,0.0
1921,8,ASP247,-1.0,0.0,0,-1.0
1921,9,LYS28,1.0,0.0,0,1.0
1921,10,ASP183,-1.0,0.0,0,-1.0
1922,1,ASP247,-1.0,0.0,0,-1.0
1922,2,TYR90,0.0,-1.0,0,0.0
1922,3,HIS173,1.0,0.0,1,0.0
1922,4,ASP81,-1.0,0.0,0,-1.0
1922,5,HIS173,0.0,1.0,0,0.0
1922,6,ASP281,-1.0,0.0,0,-1.0
1922,7,LYS16,1.0,0.0,0,1.0
1922,8,HIS53,0.0,1.0,0,0.0
1922,9,ASP321,-1.0,0.0,0,-1.0
1922,10,LYS176,1.0,0.0,0,1.0
1923,1,ASP401,-1.0,0.0,0,-1.0
1923,2,LYS136,1.0,0.0,0,1.0
1923,3,ASP441,-1.0,0.0,0,-1.0
1923,4,GLU142,-1.0,0.0,0,-1.0
1923,5,GLU371,-1.0,0.0,0,-1.0
1923,6,ASP343,-1.0,0.0,0,-1.0
1923,7,ASP63,-1.0,0.0,0,-1.0
1923,8,ASP423,-1.0,0.0,0,-1.0
1923,9,LYS28,1.0,0.0,0,1.0
1923,10,ASP81,-1.0,0.0,0,-1.0
1924,1,LYS428,1.0,0.0,0,1.0
1924,2,ASP367,-1.0,0.0,0,-1.0
1924,3,LYS108,1.0,0.0,0,1.0
1924,4,ARG285,1.0,0.0,0,1.0
1924,5,ASP201,-1.0,0.0,0,-1.0
1924,6,ASP201,-1.0,0.0,0,-1.0
1924,7,ARG325,1.0,0.0,0,1.0
1924,8,ARG325,1.0,0.0,0,1.0
1924,9,ASP1,-1.0,0.0,0,-1.0
1924,10,GLU403,-1.0,0.0,0,-1.0
1925,1,GLU131,-1.0,0.0,0,-1.0
1925,2,ASP87,-1.0,0.0,0,-1.0
1925,3,ASP263,-1.0,0.0,0,-1.0
1925,4,ASP23,-1.0,0.0,0,-1.0
1925,5,GLU403,-1.0,0.0,0,-1.0
1925,6,ARG325,1.0,0.0,0,1.0
1925,7,LYS416,1.0,0.0,0,1.0
1925,8,HIS334,1.0,0.0,1,0.0
1925,9,ASP441,-1.0,0.0,0,-1.0
1925,10,ARG245,1.0,0.0,0,1.0
1926,1,TYR290,0.0,-1.0,0,0.0
1926,2,ARG245,1.0,0.0,0,1.0
1926,3,HIS93,0.0,1.0,0,0.0
1926,4,HIS166,1.0,0.0,1,0.0
1926,5,GLU163,-1.0,0.0,0,-1.0
1926,6,ASP127,-1.0,0.0,0,-1.0
1926,7,GLU211,-1.0,0.0,0,-1.0
1926,8,HIS293,0.0,1.0,1,1.0
1926,9,GLU62,-1.0,0.0,0,-1.0
1926,10,LYS68,1.0,0.0,0,1.0
1927,1,GLU91,-1.0,0.0,0,-1.0
1927,2,HIS246,0.0,1.0,1,1.0
1927,3,ASP423,-1.0,0.0,0,-1.0
1927,4,GLU331,-1.0,0.0,0,-1.0
1927,5,ASP447,-1.0,0.0,0,-1.0
1927,6,LYS96,1.0,0.0,0,1.0
1927,7,GLU323,-1.0,0.0,0,-1.0
1927,8,GLU283,-1.0,0.0,0,-1.0
1927,9,LYS68,1.0,0.0,0,1.0
1927,10,GLU142,-1.0,0.0,0,-1.0
1928,1,ASP287,-1.0,0.0,0,-1.0
1928,2,GLU403,-1.0,0.0,0,-1.0
1928,3,ASP441,-1.0,0.0,0,-1.0
1928,4,GLU51,-1.0,0.0,0,-1.0
1928,5,HIS414,0.0,1.0,0,0.0
1928,6,HIS134,0.0,1.0,0,0.0
1928,7,ASP47,-1.0,0.0,0,-1.0
1928,8,GLU462,0.0,-1.0,0,0.0
1928,9,ARG325,1.0,0.0,0,1.0
1928,10,ASP103,-1.0,0.0,0,-1.0
1929,1,ASP383,-1.0,0.0,0,-1.0
1929,2,ARG445,1.0,0.0,0,1.0
1929,3,ASP87,-1.0,0.0,0,-1.0
1929,4,ASP441,-1.0,0.0,0,-1.0
1929,5,ARG45,1.0,0.0,0,1.0
1929,6,ASP463,-1.0,0.0,0,-1.0
1929,7,ARG365,1.0,0.0,0,1.0
1929,8,GLU91,-1.0,0.0,0,-1.0
1929,9,TYR90,0.0,-1.0,0,0.0
1929,10,GLU62,-1.0,0.0,0,-1.0
1930,1,GLU11,-1.0,0.0,0,-1.0
1930,2,GLU363,-1.0,0.0,0,-1.0
1930,3,GLU422,-1.0,0.0,0,-1.0
1930,4,TYR10,0.0,-1.0,0,0.0
1930,5,GLU131,-1.0,0.0,0,-1.0
1930,6,ASP63,-1.0,0.0,0,-1.0
1930,7,ASP281,-1.0,0.0,0,-1.0
1930,8,GLU182,-1.0,0.0,0,-1.0
1930,9,TYR50,0.0,-1.0,0,0.0
1930,10,HIS6,0.0,1.0,0,0.0
1931,1,GLU411,-1.0,0.0,0,-1.0
1931,2,ARG245,1.0,0.0,0,1.0
1931,3,TYR50,0.0,-1.0,0,0.0
1931,4,LYS348,1.0,0.0,0,1.0
1931,5,ASP447,-1.0,0.0,0,-1.0
1931,6,ASP167,-1.0,0.0,0,-1.0
1931,7,ASP47,-1.0,0.0,0,-1.0
1931,8,GLU91,-1.0,0.0,0,-1.0
1931,9,HIS174,1.0,0.0,1,0.0
1931,10,LYS308,1.0,0.0,0,1.0
1932,1,LYS136,1.0,0.0,0,1.0
1932,2,GLU451,-1.0,0.0,0,-1.0
1932,3,ASP401,-1.0,0.0,0,-1.0
1932,4,GLU302,-1.0,0.0,0,-1.0
1932,5,HIS126,1.0,0.0,1,0.0
1932,6,ARG5,1.0,0.0,0,1.0
1932,7,HIS133,0.0,1.0,1,1.0
1932,8,HIS54,0.0,1.0,1,1.0
1932,9,ASP287,-1.0,0.0,0,-1.0
1932,10,TYR170,0.0,-1.0,0,0.0
1933,1,ASP47,-1.0,0.0,0,-1.0
1933,2,LYS96,1.0,0.0,0,1.0
1933,3,ARG365,1.0,0.0,0,1.0
1933,4,ASP361,-1.0,0.0,0,-1.0
1933,5,GLU123,-1.0,0.0,0,-1.0
1933,6,GLU131,-1.0,0.0,0,-1.0
1933,7,ASP207,-1.0,0.0,0,-1.0
1933,8,ASP263,-1.0,0.0,0,-1.0
1933,9,ARG125,1.0,0.0,0,1.0
1933,10,LYS456,1.0,0.0,0,1.0
1934,1,ARG445,1.0,0.0,0,1.0
1934,2,ASP87,-1.0,0.0,0,-1.0
1934,3,GLU283,-1.0,0.0,0,-1.0
1934,4,HIS446,0.0,1.0,1,1.0
1934,5,HIS373,0.0,1.0,1,1.0
1934,6,LYS468,1.0,0.0,0,1.0
1934,7,GLU222,-1.0,0.0,0,-1.0
1934,8,LYS28,1.0,0.0,0,1.0
1934,9,HIS206,0.0,1.0,1,1.0
1934,10,ASP263,-1.0,0.0,0,-1.0
1935,1,ASP87,-1.0,0.0,0,-1.0
1935,2,LYS296,1.0,0.0,0,1.0
1935,3,TYR450,0.0,-1.0,0,0.0
1935,4,ASP87,-1.0,0.0,0,-1.0
1935,5,LYS336,1.0,0.0,0,1.0
1935,6,HIS6,0.0,1.0,1,1.0
1935,7,LYS348,1.0,0.0,0,1.0
1935,8,ASP223,-1.0,0.0,0,-1.0
1935,9,TYR410,0.0,-1.0,0,0.0
1935,10,ASP167,-1.0,0.0,0,-1.0
1936,1,ASP361,-1.0,0.0,0,-1.0
1936,2,ARG445,1.0,0.0,0,1.0
1936,3,ASP407,-1.0,0.0,0,-1.0
1936,4,ARG45,1.0,0.0,0,1.0
1936,5,ASP7,-1.0,0.0,0,-1.0
1936,6,GLU262,-1.0,0.0,0,-1.0
1936,7,HIS326,1.0,0.0,1,0.0
1936,8,ASP263,-1.0,0.0,0,-1.0
1936,9,HIS46,1.0,0.0,1,0.0
1936,10,ASP143,-1.0,0.0,0,-1.0
1937,1,ASP167,-1.0,0.0,0,-1.0
1937,2,GLU462,0.0,-1.0,0,0.0
1937,3,ASP343,-1.0,0.0,0,-1.0
1937,4,ASP143,-1.0,0.0,0,-1.0
1937,5,ASP127,-1.0,0.0,0,-1.0
1937,6,HIS46,0.0,1.0,1,1.0
1937,7,ASP303,-1.0,0.0,0,-1.0
1937,8,LYS216,1.0,0.0,0,1.0
1937,9,GLU171,-1.0,0.0,0,-1.0
1937,10,HIS206,1.0,0.0,1,0.0
1938,1,ASP87,-1.0,0.0,0,-1.0
1938,2,HIS333,0.0,1.0,1,1.0
1938,3,GLU131,-1.0,0.0,0,-1.0
1938,4,LYS188,1.0,0.0,0,1.0
1938,5,TYR290,0.0,-1.0,0,0.0
1938,6,TYR410,0.0,-1.0,0,0.0
1938,7,GLU51,-1.0,0.0,0,-1.0
1938,8,ASP1,-1.0,0.0,0,-1.0
1938,9,ASP441,-1.0,0.0,0,-1.0
1938,10,ARG445,1.0,0.0,0,1.0
1939,1,GLU323,-1.0,0.0,0,-1.0
1939,2,ARG45,1.0,0.0,0,1.0
1939,3,TYR50,0.0,-1.0,0,0.0
1939,4,HIS414,0.0,1.0,0,0.0
1939,5,ASP407,-1.0,0.0,0,-1.0
1939,6,HIS94,0.0,1.0,1,1.0
1939,7,GLU371,-1.0,0.0,0,-1.0
1939,8,GLU382,-1.0,0.0,0,-1.0
1939,9,LYS308,1.0,0.0,0,1.0
1939,10,ASP343,-1.0,0.0,0,-1.0
1940,1,LYS228,1.0,0.0,0,1.0
1940,2,TYR50,0.0,-1.0,0,0.0
1940,3,ASP247,-1.0,0.0,0,-1.0
1940,4,ASP127,-1.0,0.0,0,-1.0
1940,5,TYR410,0.0,-1.0,0,0.0
1940,6,HIS14,0.0,1.0,0,0.0
1940,7,ASP87,-1.0,0.0,0,-1.0
1940,8,TYR290,0.0,-1.0,0,0.0
1940,9,HIS413,0.0,1.0,0,0.0
1940,10,HIS246,1.0,0.0,1,0.0
1941,1,LYS68,1.0,0.0,0,1.0
1941,2,ARG205,1.0,0.0,0,1.0
1941,3,HIS333,1.0,0.0,1,0.0
1941,4,GLU102,-1.0,0.0,0,-1.0
1941,5,HIS166,0.0,1.0,1,1.0
1941,6,HIS214,0.0,1.0,1,1.0
1941,7,ASP103,-1.0,0.0,0,-1.0
1941,8,TYR10,0.0,-1.0,0,0.0
1941,9,GLU211,-1.0,0.0,0,-1.0
1941,10,HIS14,0.0,1.0,1,1.0
1942,1,GLU51,-1.0,0.0,0,-1.0
1942,2,GLU291,-1.0,0.0,0,-1.0
1942,3,HIS333,0.0,1.0,1,1.0
1942,4,LYS216,1.0,0.0,0,1.0
1942,5,ASP407,-1.0,0.0,0,-1.0
1942,6,HIS46,1.0,0.0,1,0.0
1942,7,ARG205,1.0,0.0,0,1.0
1942,8,GLU163,-1.0,0.0,0,-1.0
1942,9,GLU403,-1.0,0.0,0,-1.0
1942,10,HIS414,0.0,1.0,0,0.0
1943,1,GLU222,-1.0,0.0,0,-1.0
1943,2,GLU363,-1.0,0.0,0,-1.0
1943,3,GLU382,-1.0,0.0,0,-1.0
1943,4,ASP383,-1.0,0.0,0,-1.0
1943,5,LYS336,1.0,0.0,0,1.0
1943,6,ASP321,-1.0,0.0,0,-1.0
1943,7,GLU43,-1.0,0.0,0,-1.0
1943,8,HIS174,0.0,1.0,1,1.0
1943,9,HIS13,0.0,1.0,1,1.0
1943,10,LYS428,1.0,0.0,0,1.0
1944,1,LYS376,1.0,0.0,0,1.0
1944,2,TYR50,0.0,-1.0,0,0.0
1944,3,GLU302,-1.0,0.0,0,-1.0
1944,4,ASP361,-1.0,0.0,0,-1.0
1944,5,ASP7,-1.0,0.0,0,-1.0
1944,6,GLU291,-1.0,0.0,0,-1.0
1944,7,ASP103,-1.0,0.0,0,-1.0
1944,8,ASP161,-1.0,0.0,0,-1.0
1944,9,ARG285,1.0,0.0,0,1.0
1944,10,GLU451,-1.0,0.0,0,-1.0
1945,1,TYR250,0.0,-1.0,0,0.0
1945,2,GLU342,0.0,-1.0,1,-1.0
1945,3,ASP87,-1.0,0.0,0,-1.0
1945,4,HIS166,1.0,0.0,1,0.0
1945,5,TYR330,0.0,-1.0,0,0.0
1945,6,LYS176,1.0,0.0,0,1.0
1945,7,LYS188,1.0,0.0,0,1.0
1945,8,ASP303,-1.0,0.0,0,-1.0
1945,9,LYS456,1.0,0.0,0,1.0
1945,10,TYR210,0.0,-1.0,0,0.0
1946,1,ARG5,1.0,0.0,0,1.0
1946,2,LYS416,1.0,0.0,0,1.0
1946,3,HIS53,0.0,1.0,0,0.0
1946,4,ARG245,1.0,0.0,0,1.0
1946,5,ASP281,-1.0,0.0,0,-1.0
1946,6,ARG45,1.0,0.0,0,1.0
1946,7,HIS213,0.0,1.0,0,0.0
1946,8,HIS453,0.0,1.0,1,1.0
1946,9,TYR170,0.0,-1.0,0,0.0
1946,10,HIS454,0.0,1.0,1,1.0
1947,1,TYR250,0.0,-1.0,0,0.0
1947,2,HIS126,0.0,1.0,1,1.0
1947,3,TYR330,0.0,-1.0,0,0.0
1947,4,HIS214,1.0,0.0,1,0.0
1947,5,HIS173,0.0,1.0,0,0.0
1947,6,HIS333,1.0,0.0,1,0.0
1947,7,GLU83,-1.0,0.0,0,-1.0
1947,8,GLU302,-1.0,0.0,0,-1.0
1947,9,GLU411,-1.0,0.0,0,-1.0
1947,10,LYS108,1.0,0.0,0,1.0
1948,1,GLU182,-1.0,0.0,0,-1.0
1948,2,HIS406,0.0,1.0,1,1.0
1948,3,ASP287,-1.0,0.0,0,-1.0
1948,4,ASP407,-1.0,0.0,0,-1.0
1948,5,ASP281,-1.0,0.0,0,-1.0
1948,6,TYR210,0.0,-1.0,0,0.0
1948,7,TYR130,0.0,-1.0,0,0.0
1948,8,LYS348,1.0,0.0,0,1.0
1948,9,TYR410,0.0,-1.0,0,0.0
1948,10,GLU302,-1.0,0.0,0,-1.0
1949,1,ARG245,1.0,0.0,0,1.0
1949,2,GLU291,-1.0,0.0,0,-1.0
1949,3,LYS428,1.0,0.0,0,1.0
1949,4,LYS348,1.0,0.0,0,1.0
1949,5,LYS388,1.0,0.0,0,1.0
1949,6,HIS334,0.0,1.0,1,1.0
1949,7,ASP1,-1.0,0.0,0,-1.0
1949,8,LYS216,1.0,0.0,0,1.0
1949,9,TYR130,0.0,-1.0,0,0.0
1949,10,HIS53,0.0,1.0,1,1.0
1950,1,HIS326,0.0,1.0,1,1.0
1950,2,HIS326,1.0,0.0,1,0.0
1950,3,TYR170,0.0,-1.0,0,0.0
1950,4,GLU403,-1.0,0.0,0,-1.0
1950,5,HIS413,0.0,1.0,1,1.0
1950,6,GLU291,-1.0,0.0,0,-1.0
1950,7,HIS166,0.0,1.0,1,1.0
1950,8,ARG325,1.0,0.0,0,1.0
1950,9,HIS254,1.0,0.0,1,0.0
1950,10,LYS96,1.0,0.0,0,1.0
1951,1,GLU323,-1.0,0.0,0,-1.0
1951,2,GLU22,-1.0,0.0,0,-1.0
1951,3,GLU262,-1.0,0.0,0,-1.0
1951,4,LYS376,1.0,0.0,0,1.0
1951,5,ARG205,1.0,0.0,0,1.0
1951,6,ASP401,-1.0,0.0,0,-1.0
1951,7,GLU443,-1.0,0.0,0,-1.0
1951,8,GLU411,-1.0,0.0,0,-1.0
1951,9,HIS206,0.0,1.0,1,1.0
1951,10,GLU323,-1.0,0.0,0,-1.0
1952,1,GLU411,-1.0,0.0,0,-1.0
1952,2,ASP47,-1.0,0.0,0,-1.0
1952,3,ARG85,1.0,0.0,0,1.0
1952,4,GLU323,-1.0,0.0,0,-1.0
1952,5,HIS293,1.0,0.0,1,0.0
1952,6,GLU22,-1.0,0.0,0,-1.0
1952,7,TYR330,0.0,-1.0,0,0.0
1952,8,ARG245,1.0,0.0,0,1.0
1952,9,LYS456,1.0,0.0,0,1.0
1952,10,HIS213,0.0,1.0,1,1.0
1953,1,LYS228,1.0,0.0,0,1.0
1953,2,ASP441,-1.0,0.0,0,-1.0
1953,3,ARG405,1.0,0.0,0,1.0
1953,4,LYS416,1.0,0.0,0,1.0
1953,5,HIS134,0.0,1.0,0,0.0
1953,6,GLU83,-1.0,0.0,0,-1.0
1953,7,HIS286,1.0,0.0,1,0.0
1953,8,HIS406,1.0,0.0,1,0.0
1953,9,HIS254,0.0,1.0,0,0.0
1953,10,GLU211,-1.0,0.0,0,-1.0
1954,1,GLU451,-1.0,0.0,0,-1.0
1954,2,ASP161,-1.0,0.0,0,-1.0
1954,3,GLU262,-1.0,0.0,0,-1.0
1954,4,HIS214,0.0,1.0,0,0.0
1954,5,ASP401,-1.0,0.0,0,-1.0
1954,6,HIS173,0.0,1.0,0,0.0
1954,7,LYS216,1.0,0.0,0,1.0
1954,8,ASP247,-1.0,0.0,0,-1.0
1954,9,GLU363,-1.0,0.0,0,-1.0
1954,10,LYS376,1.0,0.0,0,1.0
1955,1,HIS134,0.0,1.0,0,0.0
1955,2,ASP47,-1.0,0.0,0,-1.0
1955,3,ASP201,-1.0,0.0,0,-1.0
1955,4,LYS468,1.0,0.0,0,1.0
1955,5,GLU171,-1.0,0.0,0,-1.0
1955,6,GLU131,-1.0,0.0,0,-1.0
1955,7,GLU91,-1.0,0.0,0,-1.0
1955,8,HIS13,1.0,0.0,1,0.0
1955,9,ASP47,-1.0,0.0,0,-1.0
1955,10,TYR210,0.0,-1.0,0,0.0
1956,1,HIS126,1.0,0.0,1,0.0
1956,2,HIS333,0.0,1.0,0,0.0
1956,3,HIS14,1.0,0.0,1,0.0
1956,4,GLU142,-1.0,0.0,0,-1.0
1956,5,ASP407,-1.0,0.0,0,-1.0
1956,6,GLU3,-1.0,0.0,0,-1.0
1956,7,GLU62,-1.0,0.0,0,-1.0
1956,8,ASP23,-1.0,0.0,0,-1.0
1956,9,HIS373,1.0,0.0,1,0.0
1956,10,LYS348,1.0,0.0,0,1.0
1957,1,GLU83,-1.0,0.0,0,-1.0
1957,2,ASP263,-1.0,0.0,0,-1.0
1957,3,HIS413,1.0,0.0,1,0.0
1957,4,ARG445,1.0,0.0,0,1.0
1957,5,HIS253,1.0,0.0,1,0.0
1957,6,HIS86,1.0,0.0,1,0.0
1957,7,ARG325,1.0,0.0,0,1.0
1957,8,HIS173,0.0,1.0,0,0.0
1957,9,TYR90,0.0,-1.0,0,0.0
1957,10,HIS293,0.0,1.0,0,0.0
1958,1,GLU243,-1.0,0.0,0,-1.0
1958,2,HIS373,0.0,1.0,0,0.0
1958,3,TYR210,0.0,-1.0,0,0.0
1958,4,LYS468,1.0,0.0,0,1.0
1958,5,TYR210,0.0,-1.0,0,0.0
1958,6,ASP423,-1.0,0.0,0,-1.0
1958,7,GLU422,-1.0,0.0,0,-1.0
1958,8,ASP247,-1.0,0.0,0,-1.0
1958,9,HIS213,1.0,0.0,1,0.0
1958,10,ASP207,-1.0,0.0,0,-1.0
1959,1,ARG445,1.0,0.0,0,1.0
1959,2,HIS214,0.0,1.0,1,1.0
1959,3,LYS188,1.0,0.0,0,1.0
1959,4,ASP121,-1.0,0.0,0,-1.0
1959,5,GLU243,-1.0,0.0,0,-1.0
1959,6,GLU323,-1.0,0.0,0,-1.0
1959,7,TYR130,0.0,-1.0,0,0.0
1959,8,ASP41,-1.0,0.0,0,-1.0
1959,9,HIS173,0.0,1.0,0,0.0
1959,10,ASP1,-1.0,0.0,0,-1.0
1960,1,HIS54,1.0,0.0,1,0.0
1960,2,ASP161,-1.0,0.0,0,-1.0
1960,3,HIS374,0.0,1.0,1,1.0
1960,4,ASP407,-1.0,0.0,0,-1.0
1960,5,GLU291,-1.0,0.0,0,-1.0
1960,6,GLU342,-1.0,0.0,0,-1.0
1960,7,GLU62,-1.0,0.0,0,-1.0
1960,8,ASP367,-1.0,0.0,0,-1.0
1960,9,LYS148,1.0,0.0,0,1.0
1960,10,LYS268,1.0,0.0,0,1.0
1961,1,ASP367,-1.0,0.0,0,-1.0
1961,2,ASP241,-1.0,0.0,0,-1.0
1961,3,ASP121,-1.0,0.0,0,-1.0
1961,4,HIS293,0.0,1.0,1,1.0
1961,5,GLU163,-1.0,0.0,0,-1.0
1961,6,HIS374,1.0,0.0,1,0.0
1961,7,LYS256,1.0,0.0,0,1.0
1961,8,ASP47,-1.0,0.0,0,-1.0
1961,9,ASP321,-1.0,0.0,0,-1.0
1961,10,ARG45,1.0,0.0,0,1.0
1962,1,GLU363,-1.0,0.0,0,-1.0
1962,2,GLU451,-1.0,0.0,0,-1.0
1962,3,GLU83,-1.0,0.0,0,-1.0
1962,4,ASP343,-1.0,0.0,0,-1.0
1962,5,ARG365,1.0,0.0,0,1.0
1962,6,ARG325,1.0,0.0,0,1.0
1962,7,HIS293,1.0,0.0,1,0.0
1962,8,TYR130,0.0,-1.0,0,0.0
1962,9,ASP161,-1.0,0.0,0,-1.0
1962,10,GLU363,-1.0,0.0,0,-1.0
1963,1,HIS13,0.0,1.0,0,0.0
1963,2,GLU323,-1.0,0.0,0,-1.0
1963,3,ASP1,-1.0,0.0,0,-1.0
1963,4,ARG405,1.0,0.0,0,1.0
1963,5,GLU3,-1.0,0.0,0,-1.0
1963,6,ASP127,-1.0,0.0,0,-1.0
1963,7,ASP463,-1.0,0.0,0,-1.0
1963,8,ASP7,-1.0,0.0,0,-1.0
1963,9,ASP63,-1.0,0.0,0,-1.0
1963,10,ASP321,-1.0,0.0,0,-1.0
1964,1,TYR170,0.0,-1.0,0,0.0
1964,2,ARG285,1.0,0.0,0,1.0
1964,3,ASP223,-1.0,0.0,0,-1.0
1964,4,GLU382,-1.0,0.0,0,-1.0
1964,5,LYS108,1.0,0.0,0,1.0
1964,6,LYS136,1.0,0.0,0,1.0
1964,7,TYR130,0.0,-1.0,0,0.0
1964,8,HIS414,0.0,1.0,0,0.0
1964,9,GLU211,-1.0,0.0,0,-1.0
1964,10,ASP87,-1.0,0.0,0,-1.0
1965,1,HIS246,0.0,1.0,1,1.0
1965,2,LYS348,1.0,0.0,0,1.0
1965,3,HIS13,0.0,1.0,1,1.0
1965,4,GLU331,-1.0,0.0,0,-1.0
1965,5,LYS428,1.0,0.0,0,1.0
1965,6,TYR330,0.0,-1.0,0,0.0
1965,7,ASP143,-1.0,0.0,0,-1.0
1965,8,LYS268,1.0,0.0,0,1.0
1965,9,TYR210,0.0,-1.0,0,0.0
1965,10,ASP367,-1.0,0.0,0,-1.0
1966,1,LYS216,1.0,0.0,0,1.0
1966,2,ASP41,-1.0,0.0,0,-1.0
1966,3,GLU51,-1.0,0.0,0,-1.0
1966,4,HIS446,1.0,0.0,1,0.0
1966,5,ASP423,-1.0,0.0,0,-1.0
1966,6,LYS348,1.0,0.0,0,1.0
1966,7,GLU422,-1.0,0.0,0,-1.0
1966,8,HIS173,0.0,1.0,0,0.0
1966,9,GLU51,-1.0,0.0,0,-1.0
1966,10,LYS336,1.0,0.0,0,1.0
1967,1,GLU291,-1.0,0.0,0,-1.0
1967,2,LYS296,1.0,0.0,0,1.0
1967,3,ASP161,-1.0,0.0,0,-1.0
1967,4,HIS134,0.0,1.0,1,1.0
1967,5,ARG365,1.0,0.0,0,1.0
1967,6,ARG5,1.0,0.0,0,1.0
1967,7,HIS213,0.0,1.0,0,0.0
1967,8,LYS348,1.0,0.0,0,1.0
1967,9,HIS253,0.0,1.0,0,0.0
1967,10,ASP367,-1.0,0.0,0,-1.0
1968,1,ARG245,1.0,0.0,0,1.0
1968,2,ASP87,-1.0,0.0,0,-1.0
1968,3,ASP201,-1.0,0.0,0,-1.0
1968,4,ASP441,-1.0,0.0,0,-1.0
1968,5,LYS348,1.0,0.0,0,1.0
1968,6,ASP7,-1.0,0.0,0,-1.0
1968,7,LYS108,1.0,0.0,0,1.0
1968,8,GLU171,-1.0,0.0,0,-1.0
1968,9,HIS133,1.0,0.0,1,0.0
1968,10,TYR50,0.0,-1.0,0,0.0
1969,1,GLU11,-1.0,0.0,0,-1.0
1969,2,HIS54,0.0,1.0,0,0.0
1969,3,ASP63,-1.0,0.0,0,-1.0
1969,4,GLU411,-1.0,0.0,0,-1.0
1969,5,LYS56,1.0,0.0,0,1.0
1969,6,GLU302,-1.0,0.0,0,-1.0
1969,7,GLU211,-1.0,0.0,0,-1.0
1969,8,ASP63,-1.0,0.0,0,-1.0
1969,9,LYS28,1.0,0.0,0,1.0
1969,10,GLU443,-1.0,0.0,0,-1.0
1970,1,TYR450,0.0,-1.0,0,0.0
1970,2,HIS206,1.0,0.0,1,0.0
1970,3,GLU91,-1.0,0.0,0,-1.0
1970,4,GLU323,-1.0,0.0,0,-1.0
1970,5,TYR130,0.0,-1.0,0,0.0
1970,6,LYS136,1.0,0.0,0,1.0
1970,7,GLU203,-1.0,0.0,0,-1.0
1970,8,HIS254,0.0,1.0,0,0.0
1970,9,GLU3,-1.0,0.0,0,-1.0
1970,10,TYR450,0.0,-1.0,0,0.0
1971,1,LYS188,1.0,0.0,0,1.0
1971,2,LYS256,1.0,0.0,0,1.0
1971,3,HIS13,1.0,0.0,1,0.0
1971,4,TYR250,0.0,-1.0,0,0.0
1971,5,GLU331,-1.0,0.0,0,-1.0
1971,6,ARG325,1.0,0.0,0,1.0
1971,7,ASP87,-1.0,0.0,0,-1.0
1971,8,ASP281,-1.0,0.0,0,-1.0
1971,9,ASP201,-1.0,0.0,0,-1.0
1971,10,GLU451,-1.0,0.0,0,-1.0
1972,1,GLU222,-1.0,0.0,0,-1.0
1972,2,HIS93,0.0,1.0,1,1.0
1972,3,ASP7,-1.0,0.0,0,-1.0
1972,4,GLU171,-1.0,0.0,0,-1.0
1972,5,ASP423,-1.0,0.0,0,-1.0
1972,6,GLU3,-1.0,0.0,0,-1.0
1972,7,ARG405,1.0,0.0,0,1.0
1972,8,GLU262,-1.0,0.0,0,-1.0
1972,9,ARG445,1.0,0.0,0,1.0
1972,10,GLU123,-1.0,0.0,0,-1.0
1973,1,GLU411,-1.0,0.0,0,-1.0
1973,2,GLU243,-1.0,0.0,0,-1.0
1973,3,LYS56,1.0,0.0,0,1.0
1973,4,LYS468,1.0,0.0,0,1.0
1973,5,ARG5,1.0,0.0,0,1.0
1973,6,HIS93,1.0,0.0,1,0.0
1973,7,ASP303,-1.0,0.0,0,-1.0
1973,8,LYS348,1.0,0.0,0,1.0
1973,9,LYS28,1.0,0.0,0,1.0
1973,10,HIS13,0.0,1.0,0,0.0
1974,1,GLU291,-1.0,0.0,0,-1.0
1974,2,ASP47,-1.0,0.0,0,-1.0
1974,3,GLU371,-1.0,0.0,0,-1.0
1974,4,GLU171,-1.0,0.0,0,-1.0
1974,5,ASP167,-1.0,0.0,0,-1.0
1974,6,ASP367,-1.0,0.0,0,-1.0
1974,7,TYR450,0.0,-1.0,0,0.0
1974,8,TYR170,0.0,-1.0,0,0.0
1974,9,HIS413,0.0,1.0,1,1.0
1974,10,ASP407,-1.0,0.0,0,-1.0
1975,1,LYS308,1.0,0.0,0,1.0
1975,2,ASP121,-1.0,0.0,0,-1.0
1975,3,HIS246,1.0,0.0,1,0.0
1975,4,GLU371,-1.0,0.0,0,-1.0
1975,5,GLU262,-1.0,0.0,0,-1.0
1975,6,ARG85,1.0,0.0,0,1.0
1975,7,LYS388,1.0,0.0,0,1.0
1975,8,HIS253,0.0,1.0,1,1.0
1975,9,GLU222,-1.0,0.0,0,-1.0
1975,10,HIS333,0.0,1.0,1,1.0
1976,1,HIS54,0.0,1.0,1,1.0
1976,2,ASP367,-1.0,0.0,0,-1.0
1976,3,HIS206,0.0,1.0,1,1.0
1976,4,LYS296,1.0,0.0,0,1.0
1976,5,ASP103,-1.0,0.0,0,-1.0
1976,6,LYS416,1.0,0.0,0,1.0
1976,7,ASP447,-1.0,0.0,0,-1.0
1976,8,ASP223,-1.0,0.0,0,-1.0
1976,9,GLU451,-1.0,0.0,0,-1.0
1976,10,ARG325,1.0,0.0,0,1.0
1977,1,ASP207,-1.0,0.0,0,-1.0
1977,2,LYS28,1.0,0.0,0,1.0
1977,3,HIS366,1.0,0.0,1,0.0
1977,4,ASP263,-1.0,0.0,0,-1.0
1977,5,GLU91,-1.0,0.0,0,-1.0
1977,6,HIS254,0.0,1.0,0,0.0
1977,7,TYR90,0.0,-1.0,0,0.0
1977,8,ASP161,-1.0,0.0,0,-1.0
1977,9,ARG205,1.0,0.0,0,1.0
1977,10,LYS428,1.0,0.0,0,1.0
1978,1,HIS173,0.0,1.0,0,0.0
1978,2,ASP463,-1.0,0.0,0,-1.0
1978,3,ASP401,-1.0,0.0,0,-1.0
1978,4,ASP207,-1.0,0.0,0,-1.0
1978,5,HIS206,1.0,0.0,1,0.0
1978,6,GLU283,-1.0,0.0,0,-1.0
1978,7,ASP383,-1.0,0.0,0,-1.0
1978,8,HIS54,1.0,0.0,1,0.0
1978,9,HIS254,0.0,1.0,1,1.0
1978,10,TYR250,0.0,-1.0,0,0.0
1979,1,GLU323,-1.0,0.0,0,-1.0
1979,2,TYR90,0.0,-1.0,0,0.0
1979,3,LYS296,1.0,0.0,0,1.0
1979,4,ASP103,-1.0,0.0,0,-1.0
1979,5,GLU222,-1.0,0.0,0,-1.0
1979,6,HIS373,0.0,1.0,1,1.0
1979,7,ASP367,-1.0,0.0,0,-1.0
1979,8,ASP463,-1.0,0.0,0,-1.0
1979,9,HIS366,0.0,1.0,1,1.0
1979,10,LYS176,1.0,0.0,0,1.0
1980,1,LYS416,1.0,0.0,0,1.0
1980,2,ASP327,-1.0,0.0,0,-1.0
1980,3,GLU451,-1.0,0.0,0,-1.0
1980,4,GLU142,-1.0,0.0,0,-1.0
1980,5,ARG125,1.0,0.0,0,1.0
1980,6,TYR170,0.0,-1.0,0,0.0
1980,7,ASP47,-1.0,0.0,0,-1.0
1980,8,LYS16,1.0,0.0,0,1.0
1980,9,LYS428,1.0,0.0,0,1.0
1980,10,GLU403,-1.0,0.0,0,-1.0
1981,1,HIS453,1.0,0.0,1,0.0
1981,2,GLU203,-1.0,0.0,0,-1.0
1981,3,LYS308,1.0,0.0,0,1.0
1981,4,TYR290,0.0,-1.0,0,0.0
1981,5,ASP441,-1.0,0.0,0,-1.0
1981,6,GLU163,-1.0,0.0,0,-1.0
1981,7,ASP463,-1.0,0.0,0,-1.0
1981,8,GLU243,-1.0,0.0,0,-1.0
1981,9,GLU171,-1.0,0.0,0,-1.0
1981,10,LYS56,1.0,0.0,0,1.0
1982,1,HIS126,0.0,1.0,0,0.0
1982,2,GLU222,-1.0,0.0,0,-1.0
1982,3,GLU331,-1.0,0.0,0,-1.0
1982,4,LYS136,1.0,0.0,0,1.0
1982,5,TYR370,0.0,-1.0,0,0.0
1982,6,ASP1,-1.0,0.0,0,-1.0
1982,7,HIS286,0.0,1.0,1,1.0
1982,8,HIS214,1.0,0.0,1,0.0
1982,9,LYS468,1.0,0.0,0,1.0
1982,10,LYS188,1.0,0.0,0,1.0
1983,1,GLU51,-1.0,0.0,0,-1.0
1983,2,GLU211,-1.0,0.0,0,-1.0
1983,3,ASP263,-1.0,0.0,0,-1.0
1983,4,GLU382,-1.0,0.0,0,-1.0
1983,5,GLU203,-1.0,0.0,0,-1.0
1983,6,ASP167,-1.0,0.0,0,-1.0
1983,7,ASP383,-1.0,0.0,0,-1.0
1983,8,HIS294,0.0,1.0,0,0.0
1983,9,ASP63,-1.0,0.0,0,-1.0
1983,10,GLU222,-1.0,0.0,0,-1.0
1984,1,GLU43,-1.0,0.0,0,-1.0
1984,2,GLU462,0.0,-1.0,0,0.0
1984,3,ASP401,-1.0,0.0,0,-1.0
1984,4,GLU403,-1.0,0.0,0,-1.0
1984,5,GLU211,-1.0,0.0,0,-1.0
1984,6,HIS93,0.0,1.0,0,0.0
1984,7,GLU163,-1.0,0.0,0,-1.0
1984,8,ARG205,1.0,0.0,0,1.0
1984,9,GLU51,-1.0,0.0,0,-1.0
1984,10,LYS428,1.0,0.0,0,1.0
1985,1,ASP1,-1.0,0.0,0,-1.0
1985,2,ARG205,1.0,0.0,0,1.0
1985,3,ASP127,-1.0,0.0,0,-1.0
1985,4,ASP201,-1.0,0.0,0,-1.0
1985,5,TYR410,0.0,-1.0,0,0.0
1985,6,TYR210,0.0,-1.0,0,0.0
1985,7,LYS136,1.0,0.0,0,1.0
1985,8,ASP161,-1.0,0.0,0,-1.0
1985,9,ASP103,-1.0,0.0,0,-1.0
1985,10,ASP81,-1.0,0.0,0,-1.0
1986,1,HIS213,0.0,1.0,1,1.0
1986,2,GLU443,-1.0,0.0,0,-1.0
1986,3,TYR450,0.0,-1.0,0,0.0
1986,4,LYS256,1.0,0.0,0,1.0
1986,5,ARG245,1.0,0.0,0,1.0
1986,6,ASP47,-1.0,0.0,0,-1.0
1986,7,GLU131,-1.0,0.0,0,-1.0
1986,8,LYS136,1.0,0.0,0,1.0
1986,9,GLU411,-1.0,0.0,0,-1.0
1986,10,HIS333,1.0,0.0,1,0.0
1987,1,ASP321,-1.0,0.0,0,-1.0
1987,2,LYS176,1.0,0.0,0,1.0
1987,3,LYS308,1.0,0.0,0,1.0
1987,4,HIS13,0.0,1.0,1,1.0
1987,5,LYS416,1.0,0.0,0,1.0
1987,6,HIS13,1.0,0.0,1,0.0
1987,7,TYR370,0.0,-1.0,0,0.0
1987,8,TYR210,0.0,-1.0,0,0.0
1987,9,GLU462,0.0,-1.0,1,-1.0
1987,10,HIS86,0.0,1.0,1,1.0
1988,1,HIS174,1.0,0.0,1,0.0
1988,2,GLU382,-1.0,0.0,0,-1.0
1988,3,ASP407,-1.0,0.0,0,-1.0
1988,4,GLU251,-1.0,0.0,0,-1.0
1988,5,HIS126,0.0,1.0,0,0.0
1988,6,HIS14,0.0,1.0,0,0.0
1988,7,GLU131,-1.0,0.0,0,-1.0
1988,8,ASP281,-1.0,0.0,0,-1.0
1988,9,HIS446,0.0,1.0,1,1.0
1988,10,GLU211,-1.0,0.0,0,-1.0
1989,1,ASP23,-1.0,0.0,0,-1.0
1989,2,TYR250,0.0,-1.0,0,0.0
1989,3,LYS148,1.0,0.0,0,1.0
1989,4,LYS136,1.0,0.0,0,1.0
1989,5,GLU22,-1.0,0.0,0,-1.0
1989,6,GLU323,-1.0,0.0,0,-1.0
1989,7,GLU163,-1.0,0.0,0,-1.0
1989,8,HIS246,0.0,1.0,0,0.0
1989,9,HIS206,0.0,1.0,1,1.0
1989,10,LYS336,1.0,0.0,0,1.0
1990,1,LYS148,1.0,0.0,0,1.0
1990,2,LYS136,1.0,0.0,0,1.0
1990,3,TYR50,0.0,-1.0,0,0.0
1990,4,TYR10,0.0,-1.0,0,0.0
1990,5,LYS228,1.0,0.0,0,1.0
1990,6,HIS6,1.0,0.0,1,0.0
1990,7,GLU363,-1.0,0.0,0,-1.0
1990,8,GLU163,-1.0,0.0,0,-1.0
1990,9,LYS336,1.0,0.0,0,1.0
1990,10,ASP407,-1.0,0.0,0,-1.0
1991,1,HIS93,0.0,1.0,0,0.0
1991,2,ASP41,-1.0,0.0,0,-1.0
1991,3,ARG205,1.0,0.0,0,1.0
1991,4,TYR50,0.0,-1.0,0,0.0
1991,5,HIS413,1.0,0.0,1,0.0
1991,6,ASP247,-1.0,0.0,0,-1.0
1991,7,ASP207,-1.0,0.0,0,-1.0
1991,8,HIS94,1.0,0.0,1,0.0
1991,9,TYR250,0.0,-1.0,0,0.0
1991,10,HIS93,0.0,1.0,1,1.0
1992,1,HIS293,0.0,1.0,1,1.0
1992,2,TYR450,0.0,-1.0,0,0.0
1992,3,HIS366,1.0,0.0,1,0.0
1992,4,ASP463,-1.0,0.0,0,-1.0
1992,5,LYS16,1.0,0.0,0,1.0
1992,6,ASP23,-1.0,0.0,0,-1.0
1992,7,ARG45,1.0,0.0,0,1.0
1992,8,LYS336,1.0,0.0,0,1.0
1992,9,ASP263,-1.0,0.0,0,-1.0
1992,10,GLU302,-1.0,0.0,0,-1.0
1993,1,HIS446,1.0,0.0,1,0.0
1993,2,HIS174,0.0,1.0,1,1.0
1993,3,GLU291,-1.0,0.0,0,-1.0
1993,4,ARG245,1.0,0.0,0,1.0
1993,5,HIS166,1.0,0.0,1,0.0
1993,6,ASP223,-1.0,0.0,0,-1.0
1993,7,ASP247,-1.0,0.0,0,-1.0
1993,8,ASP401,-1.0,0.0,0,-1.0
1993,9,ARG405,1.0,0.0,0,1.0
1993,10,ASP167,-1.0,0.0,0,-1.0
1994,1,ASP23,-1.0,0.0,0,-1.0
1994,2,ARG85,1.0,0.0,0,1.0
1994,3,HIS374,0.0,1.0,1,1.0
1994,4,ARG85,1.0,0.0,0,1.0
1994,5,ASP7,-1.0,0.0,0,-1.0
1994,6,GLU3,-1.0,0.0,0,-1.0
1994,7,GLU62,-1.0,0.0,0,-1.0
1994,8,LYS428,1.0,0.0,0,1.0
1994,9,ASP7,-1.0,0.0,0,-1.0
1994,10,ASP463,-1.0,0.0,0,-1.0
1995,1,GLU62,-1.0,0.0,0,-1.0
1995,2,GLU51,-1.0,0.0,0,-1.0
1995,3,GLU11,-1.0,0.0,0,-1.0
1995,4,GLU382,-1.0,0.0,0,-1.0
1995,5,TYR330,0.0,-1.0,0,0.0
1995,6,ARG285,1.0,0.0,0,1.0
1995,7,HIS253,1.0,0.0,1,0.0
1995,8,ARG205,1.0,0.0,0,1.0
1995,9,GLU331,-1.0,0.0,0,-1.0
1995,10,ASP281,-1.0,0.0,0,-1.0
1996,1,HIS294,0.0,1.0,0,0.0
1996,2,GLU222,-1.0,0.0,0,-1.0
1996,3,ARG405,1.0,0.0,0,1.0
1996,4,LYS28,1.0,0.0,0,1.0
1996,5,HIS14,0.0,1.0,0,0.0
1996,6,ARG365,1.0,0.0,0,1.0
1996,7,GLU142,-1.0,0.0,0,-1.0
1996,8,GLU382,-1.0,0.0,0,-1.0
1996,9,TYR210,0.0,-1.0,0,0.0
1996,10,HIS373,1.0,0.0,1,0.0
1997,1,HIS253,0.0,1.0,0,0.0
1997,2,GLU283,-1.0,0.0,0,-1.0
1997,3,GLU462,-1.0,0.0,1,0.0
1997,4,ASP207,-1.0,0.0,0,-1.0
1997,5,HIS14,0.0,1.0,1,1.0
1997,6,GLU243,-1.0,0.0,0,-1.0
1997,7,ASP41,-1.0,0.0,0,-1.0
1997,8,ASP383,-1.0,0.0,0,-1.0
1997,9,LYS308,1.0,0.0,0,1.0
1997,10,HIS246,0.0,1.0,1,1.0
1998,1,ASP103,-1.0,0.0,0,-1.0
1998,2,LYS176,1.0,0.0,0,1.0
1998,3,ASP81,-1.0,0.0,0,-1.0
1998,4,GLU422,-1.0,0.0,0,-1.0
1998,5,TYR210,0.0,-1.0,0,0.0
1998,6,HIS133,0.0,1.0,0,0.0
1998,7,GLU203,-1.0,0.0,0,-1.0
1998,8,TYR290,0.0,-1.0,0,0.0
1998,9,ASP383,-1.0,0.0,0,-1.0
1998,10,GLU222,-1.0,0.0,0,-1.0
1999,1,GLU422,-1.0,0.0,0,-1.0
1999,2,GLU102,-1.0,0.0,0,-1.0
1999,3,LYS268,1.0,0.0,0,1.0
1999,4,GLU11,-1.0,0.0,0,-1.0
1999,5,GLU203,-1.0,0.0,0,-1.0
1999,6,GLU123,-1.0,0.0,0,-1.0
1999,7,ASP383,-1.0,0.0,0,-1.0
1999,8,HIS414,0.0,1.0,0,0.0
1999,9,ASP183,-1.0,0.0,0,-1.0
1999,10,ASP47,-1.0,0.0,0,-1.0
2000,1,GLU3,-1.0,0.0,0,-1.0
2000,2,ASP303,-1.0,0.0,0,-1.0
2000,3,ASP463,-1.0,0.0,0,-1.0
2000,4,GLU451,-1.0,0.0,0,-1.0
2000,5,ARG45,1.0,0.0,0,1.0
2000,6,ASP47,-1.0,0.0,0,-1.0
2000,7,HIS286,1.0,0.0,1,0.0
2000,8,LYS96,1.0,0.0,0,1.0
2000,9,LYS348,1.0,0.0,0,1.0
2000,10,HIS93,1.0,0.0,1,0.0
